Workbook
Name BYT: 'vstupní data'!$B$4
Name BYT: 'vstupní data'!$B$4
Name BYTOVE_DOMY: 'Bytové domy'!$A$1
Name DŮM: 'vstupní data'!$B$3
Name DŮM: 'vstupní data'!$B$3
Name dum_adresa: 'vstupní data'!$D$3
Name EVIDENCE: Evidence!$A$1
Name EXPORT_PRO_SEND_MAIL: 'export send mail'!$A$1
Name FAKTURY_ZA_SLUZBY: 'faktury za služby'!$A$1
Name NAKLADY_BYTOVY_DUM_ZA_ROK: 'Rozpočet domu'!$A$1
Name NAKLADY_BYTOVY_DUM_ZA_ROK: 'Náklady na dům'!$A$1
Name POCET_OSOB: 'Počet osob'!$A$1
Name PREDPISI_PO_MESICI: 'Předpis po mesici'!$B$1
Name PREPLATKY_NEDOPLATKY: 'Přeplatky nedoplatky'!$A$1
Name PRIJEM_SVJ_BEZ_VYDAJU: 'prijem SVJ bez vydaju'!$A$1
Name PRIJEM_SVJ_VCETNE_VYDAJU: 'prijem SVJ'!$A$1
Name Print_Area_Ucto: 'Vyúčtování byt - 1.část'!$A$1:$L$63
Name Print_Area_Ucto: 'Zálohy byt - měsíčně'!$A$1:$Q$35
Name TEPLO: Teplo!$A$1
Name UHRADY: uhrady!$A$1
Name VB_Jednotka_Osvětlení: 'Vyúčtování byt - 1.část'!$C$10
Name VB_Jednotka_Osvětlení: 'Zálohy byt - měsíčně'!$C$10
Name VB_PDF_name: 'Vyúčtování byt - 1.část'!$P$38
Name VB_preplatky_celkem: 'Vyúčtování byt - 1.část'!$K$34
Name VB_preplatky_celkem: 'Zálohy byt - měsíčně'!$P$33
Name VD_celková_plocha_jednotky: 'vstupní data'!$B$25
Name VD_celková_plocha_jednotky: 'vstupní data'!$B$25
Name VD_Cena_BVak: 'vstupní data'!$B$13
Name VD_Cena_BVak: 'vstupní data'!$B$13
Name VD_číslo_účtu_SVJ: 'vstupní data'!$B$22
Name VD_číslo_účtu_SVJ: 'vstupní data'!$B$22
Name VD_externí_výpočet_nákladů_tepla: 'vstupní data'!$B$29
Name VD_externí_výpočet_nákladů_tepla: 'vstupní data'!$B$29
Name vd_faktury_za_sluzby: 'faktury za služby'!$1:$9
Name VD_jméno: 'vstupní data'!$B$5
Name VD_jméno: 'vstupní data'!$B$5
Name VD_odečet_SV_vody_za_daný_rok: 'vstupní data'!$B$23
Name VD_odečet_SV_vody_za_daný_rok: 'vstupní data'!$B$23
Name VD_odečet_TUV_za_daný_rok: 'vstupní data'!$B$24
Name VD_odečet_TUV_za_daný_rok: 'vstupní data'!$B$24
Name VD_Počet_jednotek: 'vstupní data'!$B$17
Name VD_Počet_jednotek: 'vstupní data'!$B$17
Name VD_Počet_komínů: 'vstupní data'!$B$20
Name VD_počet_měsíců_úžívání: 'vstupní data'!$B$15
Name VD_počet_měsíců_úžívání: 'vstupní data'!$B$15
Name VD_Počet_osob: 'vstupní data'!$B$21
Name VD_přeplatek_aktuální_rok: 'vstupní data'!$B$11
Name VD_přeplatek_z_minula: 'vstupní data'!$B$10
Name VD_reklamace_do: 'vstupní data'!$B$14
Name VD_spoluvlastnictví_podíl: 'vstupní data'!$B$27
Name VD_účet_vlastníka: 'vstupní data'!$B$7
Name VD_účet_vlastníka: 'vstupní data'!$B$7
Name VD_účetní_období: 'vstupní data'!$B$8
Name VD_Užitná_plocha_domu_celkem: 'vstupní data'!$B$18
Name VD_Užitná_plocha_domu_započitatelná: 'vstupní data'!$B$19
Name VD_VS: 'vstupní data'!$B$6
Name VD_VS: 'vstupní data'!$B$6
Name VD_vyplaceno_do: 'vstupní data'!$B$16
Name VD_výpočet_vlastnického_podílu: 'vstupní data'!$B$28
Name VD_výpočet_vlastnického_podílu: 'vstupní data'!$B$28

Sheet Zborovská 2 - s vodoměry
A1: =#REF! -> #REF!
A3: =#REF! -> #REF!
A4: =#REF! -> #REF! | C4: =#REF! -> #REF! | F4: =#REF! -> #REF! | H4: =#REF! -> #REF! | J4: =#REF! -> #REF! | K4: =#REF! -> #REF!
A5: =#REF! -> #REF! | C5: =#REF! -> #REF! | F5: =#REF! -> #REF! | H5: =#REF! -> #REF! | J5: =#REF! -> #REF! | K5: =#REF! -> #REF!
A7: =#REF! -> #REF!
E9: =#REF! -> #REF! | H9: =#REF! -> #REF!
A10: =#REF! -> #REF! | C10: =#REF! -> #REF! | D10: =#REF! -> #REF! | E10: =#REF! -> #REF! | F10: =#REF! -> #REF! | G10: =#REF! -> #REF! | H10: =#REF! -> #REF! | I10: =#REF! -> #REF! | J10: =#REF! -> #REF! | K10: =#REF! -> #REF!
A11: =#REF! -> #REF! | C11: =#REF! -> #REF! | D11: =#REF! -> #REF! | E11: =#REF! -> #REF! | F11: =#REF! -> #REF! | G11: =ROUND(E11/F11,2) -> #REF! | H11: =#REF! -> #REF! | I11: =#REF! -> #REF! | J11: =#REF! -> #REF! | K11: =J11-I11 -> #REF!
A12: =#REF! -> #REF! | C12: =#REF! -> #REF! | D12: =#REF! -> #REF! | E12: =#REF! -> #REF! | F12: =#REF! -> #REF! | G12: =ROUND(E12/F12,2) -> #REF! | H12: =#REF! -> #REF! | I12: =#REF! -> #REF! | J12: =#REF! -> #REF! | K12: =J12-I12 -> #REF!
A13: =#REF! -> #REF! | C13: =#REF! -> #REF! | D13: =#REF! -> #REF! | E13: =#REF! -> #REF! | F13: =#REF! -> #REF! | G13: =ROUND(E13/F13,2) -> #REF! | H13: =#REF! -> #REF! | I13: =#REF! -> #REF! | J13: =#REF! -> #REF! | K13: =J13-I13 -> #REF!
A14: =#REF! -> #REF! | C14: =#REF! -> #REF! | D14: =#REF! -> #REF! | E14: =#REF! -> #REF! | F14: ='Počet osob'!P104 -> 307 | G14: =ROUND(E14/F14,2) -> #REF! | H14: =LOOKUP('vstupní data'!B4,'Počet osob'!A:A,'Počet osob'!P:P) -> 0 | I14: =H14*G14 -> #REF! | J14: =#REF! -> #REF! | K14: =J14-I14 -> #REF!
A15: =#REF! -> #REF! | C15: =#REF! -> #REF! | D15: =#REF! -> #REF! | E15: =#REF! -> #REF! | F15: =#REF! -> #REF! | G15: =#REF! -> #REF! | H15: =#REF! -> #REF! | I15: =#REF! -> #REF! | J15: =#REF! -> #REF! | K15: =#REF! -> #REF!
A16: =#REF! -> #REF! | C16: =#REF! -> #REF! | D16: =#REF! -> #REF! | E16: =#REF! -> #REF! | F16: =#REF! -> #REF! | G16: =#REF! -> #REF! | H16: =#REF! -> #REF! | I16: =#REF! -> #REF! | J16: =#REF! -> #REF! | K16: =#REF! -> #REF!
A17: =#REF! -> #REF! | C17: =#REF! -> #REF! | D17: =#REF! -> #REF! | E17: =#REF! -> #REF! | F17: =#REF! -> #REF! | G17: =#REF! -> #REF! | H17: =#REF! -> #REF! | I17: =#REF! -> #REF! | J17: =#REF! -> #REF! | K17: =#REF! -> #REF!
A18: =#REF! -> #REF! | C18: =#REF! -> #REF! | D18: =#REF! -> #REF! | E18: ='faktury za služby'!J43 -> 13181.67 | F18: =#REF! -> #REF! | G18: =ROUND(E18/F18,2) -> #REF! | H18: =#REF! -> #REF! | I18: =#REF! -> #REF! | J18: =#REF! -> #REF! | K18: =J18-I18 -> #REF!
A19: =#REF! -> #REF! | C19: =#REF! -> #REF! | D19: =#REF! -> #REF! | E19: =#REF! -> #REF! | F19: =#REF! -> #REF! | G19: =#REF! -> #REF! | H19: =#REF! -> #REF! | I19: =#REF! -> #REF! | J19: =#REF! -> #REF! | K19: =#REF! -> #REF!
C20: =#REF! -> #REF! | D20: =#REF! -> #REF! | E20: =#REF! -> #REF! | F20: =#REF! -> #REF! | G20: =#REF! -> #REF! | H20: =#REF! -> #REF! | I20: =#REF! -> #REF!
A21: =#REF! -> #REF! | C21: =#REF! -> #REF! | D21: =#REF! -> #REF! | E21: =#REF! -> #REF! | F21: =#REF! -> #REF! | G21: =ROUND(E21/F21,2) -> #REF! | H21: =#REF! -> #REF! | I21: =#REF! -> #REF! | J21: =#REF! -> #REF! | K21: =J21-I21 -> #REF!
A22: =#REF! -> #REF! | C22: =#REF! -> #REF! | D22: =#REF! -> #REF! | E22: =#REF! -> #REF! | F22: =#REF! -> #REF! | G22: =#REF! -> #REF! | H22: =#REF! -> #REF! | I22: =#REF! -> #REF! | J22: =#REF! -> #REF! | K22: =#REF! -> #REF!
A23: =#REF! -> #REF! | E23: =SUM(E11:E21) -> #REF! | G23: =#REF! -> #REF! | I23: =SUM(I11:I21) -> #REF! | J23: =SUM(J11:J21) -> #REF! | K23: =SUM(K11:K21) -> #REF!
G24: =#REF! -> #REF! | K24: =#REF! -> #REF!
G25: =#REF! -> #REF! | K25: =K24+K23 -> #REF!
E26: =#REF! -> #REF!
A28: =#REF! -> #REF!
A29: =#REF! -> #REF! | B29: =#REF! -> #REF! | C29: =#REF! -> #REF! | D29: =#REF! -> #REF! | E29: =#REF! -> #REF! | F29: =#REF! -> #REF! | G29: =#REF! -> #REF! | H29: =#REF! -> #REF! | ... L29: =#REF! -> #REF!
A30: =#REF! -> #REF! | B30: =#REF! -> #REF! | C30: =#REF! -> #REF! | D30: =#REF! -> #REF! | E30: =#REF! -> #REF! | F30: =#REF! -> #REF! | G30: =#REF! -> #REF! | H30: =#REF! -> #REF! | ... L30: =#REF! -> #REF!
A31: =#REF! -> #REF!
A32: =#REF! -> #REF! | B32: =#REF! -> #REF! | C32: =#REF! -> #REF! | D32: =#REF! -> #REF! | E32: =#REF! -> #REF! | F32: =#REF! -> #REF! | G32: =#REF! -> #REF! | H32: =#REF! -> #REF! | ... L32: =#REF! -> #REF!
A33: =#REF! -> #REF! | B33: =#REF! -> #REF! | C33: =#REF! -> #REF! | D33: =#REF! -> #REF! | E33: =#REF! -> #REF! | F33: =#REF! -> #REF! | G33: =#REF! -> #REF! | H33: =#REF! -> #REF! | ... L33: =#REF! -> #REF!
A34: =#REF! -> #REF! | C34: =#REF! -> #REF!
A36: =#REF! -> #REF!
A37: =#REF! -> #REF! | C37: =#REF! -> #REF! | E37: =#REF! -> #REF! | G37: =#REF! -> #REF! | I37: =#REF! -> #REF! | K37: =#REF! -> #REF!
A38: =#REF! -> #REF! | C38: =#REF! -> #REF! | E38: =#REF! -> #REF! | G38: =#REF! -> #REF! | I38: =#REF! -> #REF! | K38: =#REF! -> #REF!
A39: =#REF! -> #REF! | C39: =#REF! -> #REF! | E39: =#REF! -> #REF! | G39: =#REF! -> #REF! | I39: =#REF! -> #REF! | K39: =#REF! -> #REF!
A41: =#REF! -> #REF!
A42: =#REF! -> #REF!
A43: =#REF! -> #REF!
A44: =#REF! -> #REF!

Sheet Zborovská 2 - bez vodoměrů
A1: =#REF! -> #REF!
A3: =#REF! -> #REF!
A4: =#REF! -> #REF! | C4: =#REF! -> #REF! | F4: =#REF! -> #REF! | H4: =#REF! -> #REF! | J4: =#REF! -> #REF! | K4: =#REF! -> #REF!
A5: =#REF! -> #REF! | C5: =#REF! -> #REF! | F5: =#REF! -> #REF! | H5: =#REF! -> #REF! | J5: =#REF! -> #REF! | K5: =#REF! -> #REF!
A7: =#REF! -> #REF!
E9: =#REF! -> #REF! | H9: =#REF! -> #REF!
A10: =#REF! -> #REF! | C10: =#REF! -> #REF! | D10: =#REF! -> #REF! | E10: =#REF! -> #REF! | F10: =#REF! -> #REF! | G10: =#REF! -> #REF! | H10: =#REF! -> #REF! | I10: =#REF! -> #REF! | J10: =#REF! -> #REF! | K10: =#REF! -> #REF!
A11: =#REF! -> #REF! | C11: =#REF! -> #REF! | D11: =#REF! -> #REF! | E11: =#REF! -> #REF! | F11: =#REF! -> #REF! | G11: =ROUND(E11/F11,2) -> #REF! | H11: =#REF! -> #REF! | I11: =G11*H11 -> #REF! | J11: =#REF! -> #REF! | K11: =#REF! -> #REF!
A12: =#REF! -> #REF! | C12: =#REF! -> #REF! | D12: =#REF! -> #REF! | E12: =#REF! -> #REF! | F12: =#REF! -> #REF! | G12: =ROUND(E12/F12,2) -> #REF! | H12: =#REF! -> #REF! | I12: =G12*H12 -> #REF! | J12: =#REF! -> #REF! | K12: =#REF! -> #REF!
A13: =#REF! -> #REF! | C13: =#REF! -> #REF! | D13: =#REF! -> #REF! | E13: =#REF! -> #REF! | F13: =#REF! -> #REF! | G13: =ROUND(E13/F13,2) -> #REF! | H13: =#REF! -> #REF! | I13: =G13*H13 -> #REF! | J13: =#REF! -> #REF! | K13: =#REF! -> #REF!
A14: =#REF! -> #REF! | C14: =#REF! -> #REF! | D14: =#REF! -> #REF! | E14: =#REF! -> #REF! | F14: ='Počet osob'!P104 -> 307 | G14: =ROUND(E14/F14,2) -> #REF! | H14: =LOOKUP('vstupní data'!B4,'Počet osob'!A:A,'Počet osob'!P:P) -> 0 | I14: =G14*H14 -> #REF! | J14: =#REF! -> #REF! | K14: =J14-I14 -> #REF!
A15: =#REF! -> #REF! | C15: =#REF! -> #REF! | D15: =#REF! -> #REF! | E15: =#REF! -> #REF! | F15: =#REF! -> #REF! | G15: =#REF! -> #REF! | H15: =#REF! -> #REF! | I15: =#REF! -> #REF! | J15: =#REF! -> #REF! | K15: =#REF! -> #REF!
A16: =#REF! -> #REF! | C16: =#REF! -> #REF! | D16: =#REF! -> #REF! | E16: =#REF! -> #REF! | F16: =#REF! -> #REF! | G16: =#REF! -> #REF! | H16: =#REF! -> #REF! | I16: =#REF! -> #REF! | J16: =#REF! -> #REF! | K16: =#REF! -> #REF!
A17: =#REF! -> #REF! | C17: =#REF! -> #REF! | D17: =#REF! -> #REF! | E17: =#REF! -> #REF! | F17: =#REF! -> #REF! | G17: =#REF! -> #REF! | H17: =#REF! -> #REF! | I17: =#REF! -> #REF! | J17: =#REF! -> #REF! | K17: =#REF! -> #REF!
A18: =#REF! -> #REF! | C18: =#REF! -> #REF! | D18: =#REF! -> #REF! | E18: ='faktury za služby'!J42 -> 75347.33 | F18: ='Počet osob'!Q104 -> 439 | G18: =ROUND(E18/F18,2) -> 171.63 | H18: =#REF! -> #REF! | I18: =G18*H18 -> #REF! | J18: =#REF! -> #REF! | K18: =#REF! -> #REF!
A19: =#REF! -> #REF! | C19: =#REF! -> #REF! | D19: =#REF! -> #REF! | E19: =#REF! -> #REF! | F19: =#REF! -> #REF! | G19: =#REF! -> #REF! | H19: =#REF! -> #REF! | I19: =#REF! -> #REF! | J19: =#REF! -> #REF! | K19: =#REF! -> #REF!
C20: =#REF! -> #REF! | D20: =#REF! -> #REF! | E20: =#REF! -> #REF! | F20: =#REF! -> #REF! | G20: =#REF! -> #REF! | H20: =#REF! -> #REF! | I20: =#REF! -> #REF!
A21: =#REF! -> #REF! | C21: =#REF! -> #REF! | D21: =#REF! -> #REF! | E21: =#REF! -> #REF! | F21: =#REF! -> #REF! | G21: =ROUND(E21/F21,2) -> #REF! | H21: =#REF! -> #REF! | I21: =G21*H21 -> #REF! | J21: =#REF! -> #REF! | K21: =#REF! -> #REF!
A22: =#REF! -> #REF! | C22: =#REF! -> #REF! | D22: =#REF! -> #REF! | E22: =#REF! -> #REF! | F22: =#REF! -> #REF! | G22: =#REF! -> #REF! | H22: =#REF! -> #REF! | I22: =#REF! -> #REF! | J22: =#REF! -> #REF! | K22: =#REF! -> #REF!
A23: =#REF! -> #REF! | E23: =SUM(E11:E21) -> #REF! | G23: =#REF! -> #REF! | I23: =SUM(I11:I21) -> #REF! | J23: =SUM(J11:J21) -> #REF! | K23: =SUM(K11:K21) -> #REF!
G24: =#REF! -> #REF! | K24: =#REF! -> #REF!
G25: =#REF! -> #REF! | K25: =K23+K24 -> #REF!
E26: =#REF! -> #REF!
A28: =#REF! -> #REF!
A29: =#REF! -> #REF! | B29: =#REF! -> #REF! | C29: =#REF! -> #REF! | D29: =#REF! -> #REF! | E29: =#REF! -> #REF! | F29: =#REF! -> #REF! | G29: =#REF! -> #REF! | H29: =#REF! -> #REF! | ... L29: =#REF! -> #REF!
A30: =#REF! -> #REF! | B30: =#REF! -> #REF! | C30: =#REF! -> #REF! | D30: =#REF! -> #REF! | E30: =#REF! -> #REF! | F30: =#REF! -> #REF! | G30: =#REF! -> #REF! | H30: =#REF! -> #REF! | ... L30: =#REF! -> #REF!
A31: =#REF! -> #REF!
A32: =#REF! -> #REF! | B32: =#REF! -> #REF! | C32: =#REF! -> #REF! | D32: =#REF! -> #REF! | E32: =#REF! -> #REF! | F32: =#REF! -> #REF! | G32: =#REF! -> #REF! | H32: =#REF! -> #REF! | ... L32: =#REF! -> #REF!
A33: =#REF! -> #REF! | B33: =#REF! -> #REF! | C33: =#REF! -> #REF! | D33: =#REF! -> #REF! | E33: =#REF! -> #REF! | F33: =#REF! -> #REF! | G33: =#REF! -> #REF! | H33: =#REF! -> #REF! | ... L33: =#REF! -> #REF!
A34: =#REF! -> #REF! | C34: =#REF! -> #REF!
A36: =#REF! -> #REF!
A37: =#REF! -> #REF! | C37: =#REF! -> #REF! | E37: =#REF! -> #REF! | G37: =#REF! -> #REF! | I37: =#REF! -> #REF! | K37: =#REF! -> #REF!
A38: =#REF! -> #REF! | C38: =#REF! -> #REF! | E38: =#REF! -> #REF! | G38: =#REF! -> #REF! | I38: =#REF! -> #REF! | K38: =#REF! -> #REF!
A39: =#REF! -> #REF! | C39: =#REF! -> #REF! | E39: =#REF! -> #REF! | G39: =#REF! -> #REF! | I39: =#REF! -> #REF! | K39: =#REF! -> #REF!
A41: =#REF! -> #REF!
A42: =#REF! -> #REF!
A43: =#REF! -> #REF!
A44: =#REF! -> #REF!

Sheet export send mail
B1: Email | C1: Celé jméno | D1: Stav | E1: Mobil | F1: Jméno | G1: Příjmení | H1: ID | I1: Adresa | J1: Bytový dům | K1: Jednotka číslo | L1: Soubor na poslání | M1: Datum narození | N1: Oslovení | O1: Příloha 2 | Q1: SEZNAM
B2: =Evidence!D2 -> martin.k_2003@volny.cz | C2: =Evidence!B2 -> Martin Klíma | E2: =Evidence!E2 -> 607252477 | I2: =Evidence!C2 -> Zborovská 939/2, 616 00 Brno | J2: =dum_adresa -> Zborovská 939/2, Žabovřesky, 616 00 Brno | K2: =Evidence!A2 -> Byt č. 939/01 | L2: =("C:\sprava\"&SUBSTITUTE(K2,"/","")&".pdf") -> C:\sprava\Byt č. 93901.pdf | N2: Vážený pane Klímo,
B3: =Evidence!D3 -> volodymyr_polovko@mail.ru | C3: =Evidence!B3 -> Volodymyr Polovko | E3: =Evidence!E3 -> 776425566 | I3: =Evidence!C3 -> Zborovská 939/2, 61600 Brno | J3: =dum_adresa -> Zborovská 939/2, Žabovřesky, 616 00 Brno | K3: =Evidence!A3 -> Byt č. 939/02 | L3: =("C:\sprava\"&SUBSTITUTE(K3,"/","")&".pdf") -> C:\sprava\Byt č. 93902.pdf | N3: Vážený pane Polovko,
B4: =Evidence!D4 -> VeronikaTeplikova@seznam.cz | C4: =Evidence!B4 -> Veronika Teplíková | E4: =Evidence!E4 -> 728608587 | I4: =Evidence!C4 -> Těšice 600, 696 19 Mikulčice | J4: =dum_adresa -> Zborovská 939/2, Žabovřesky, 616 00 Brno | K4: =Evidence!A4 -> Byt č. 939/03 | L4: =("C:\sprava\"&SUBSTITUTE(K4,"/","")&".pdf") -> C:\sprava\Byt č. 93903.pdf | N4: Vážená paní Teplíková,
B5: =Evidence!D5 -> kotek.vladimir@gmail.com | C5: =Evidence!B5 -> D.A.B. Property s.r.o. | E5: =Evidence!E5 -> 603 792 968 | I5: =Evidence!C5 -> Pastviny 645/3, 624 00 Brno | J5: =dum_adresa -> Zborovská 939/2, Žabovřesky, 616 00 Brno | K5: =Evidence!A5 -> Byt č. 939/04 | L5: =("C:\sprava\"&SUBSTITUTE(K5,"/","")&".pdf") -> C:\sprava\Byt č. 93904.pdf | N5: Vážený pane inženýre,
B6: =Evidence!D6 -> jana.van@post.cz | C6: =Evidence!B6 -> Jana Vaňková | E6: =Evidence!E6 -> 774229922 | I6: =Evidence!C6 -> č. p. 276, 66404 Hostěnice | J6: =dum_adresa -> Zborovská 939/2, Žabovřesky, 616 00 Brno | K6: =Evidence!A6 -> Byt č. 939/05 | L6: =("C:\sprava\"&SUBSTITUTE(K6,"/","")&".pdf") -> C:\sprava\Byt č. 93905.pdf | N6: Vážená paní Vaňková,
B7: =Evidence!D7 -> milan.kost@email.cz | C7: =Evidence!B7 -> Ing. Milan Kosť | E7: =Evidence!E7 -> 777338203 | I7: =Evidence!C7 -> 42, 570 01 Poříčí u Litomyšle | J7: =dum_adresa -> Zborovská 939/2, Žabovřesky, 616 00 Brno | K7: =Evidence!A7 -> Byt č. 939/06 | L7: =("C:\sprava\"&SUBSTITUTE(K7,"/","")&".pdf") -> C:\sprava\Byt č. 93906.pdf | N7: Vážený pane inženýre,
B8: =Evidence!D8 -> ernest.biros@fnusa.cz | C8: =Evidence!B8 -> MUDr. Ernest Biroš | E8: =Evidence!E8 -> 776 235 263 | I8: =Evidence!C8 -> Újezdy 590/11,614 00 Brno | J8: =dum_adresa -> Zborovská 939/2, Žabovřesky, 616 00 Brno | K8: =Evidence!A8 -> Byt č. 939/07 | L8: =("C:\sprava\"&SUBSTITUTE(K8,"/","")&".pdf") -> C:\sprava\Byt č. 93907.pdf | N8: Vážený pane doktore,
B9: =Evidence!D9 -> vorba@volny.cz | C9: =Evidence!B9 -> Ing. Miloš Vorba | E9: =Evidence!E9 -> 608632338 | I9: =Evidence!C9 -> Zborovská 939/2, 616 00 Brno-Žabovřesky | J9: =dum_adresa -> Zborovská 939/2, Žabovřesky, 616 00 Brno | K9: =Evidence!A9 -> Byt č. 939/08 | L9: =("C:\sprava\"&SUBSTITUTE(K9,"/","")&".pdf") -> C:\sprava\Byt č. 93908.pdf | N9: Vážený pane inženýre,
B10: =Evidence!D10 -> milan.kost@email.cz | C10: =Evidence!B10 -> Ing. Milan Kosť | E10: =Evidence!E10 -> 777338203 | I10: =Evidence!C10 -> 42, 570 01 Poříčí u Litomyšle | J10: =dum_adresa -> Zborovská 939/2, Žabovřesky, 616 00 Brno | K10: =Evidence!A10 -> Byt č. 939/09 | L10: =("C:\sprava\"&SUBSTITUTE(K10,"/","")&".pdf") -> C:\sprava\Byt č. 93909.pdf | N10: Vážený pane inženýre,
B11: =Evidence!D11 -> jojkos@gmail.com | C11: =Evidence!B11 -> Jonáš Holcner | E11: =Evidence!E11 -> 721334220 | I11: =Evidence!C11 -> Dobrovského 1872/88, 612 00 Brno | J11: =dum_adresa -> Zborovská 939/2, Žabovřesky, 616 00 Brno | K11: =Evidence!A11 -> Byt č. 939/10 | L11: =("C:\sprava\"&SUBSTITUTE(K11,"/","")&".pdf") -> C:\sprava\Byt č. 93910.pdf | N11: Vážený pane Holcnere,
B12: =Evidence!D12 -> jbrandtner@me.com | C12: =Evidence!B12 -> Jiří Brandtner | E12: =Evidence!E12 -> 724672451 | I12: =Evidence!C12 -> Nad kašnou 1157/21, 635 00 Brno-Bystrc | J12: =dum_adresa -> Zborovská 939/2, Žabovřesky, 616 00 Brno | K12: =Evidence!A12 -> Byt č. 939/11 | L12: =("C:\sprava\"&SUBSTITUTE(K12,"/","")&".pdf") -> C:\sprava\Byt č. 93911.pdf | N12: Vážený pane Brandtnere,
B13: =Evidence!D13 -> pkucernakova@seznam.cz | C13: =Evidence!B13 -> Patricie Kučerňáková | E13: =Evidence!E13 -> 773963451 | I13: =Evidence!C13 -> Hlavní 6, 667 01 Vojkovice | J13: =dum_adresa -> Zborovská 939/2, Žabovřesky, 616 00 Brno | K13: =Evidence!A13 -> Byt č. 939/12 | L13: =("C:\sprava\"&SUBSTITUTE(K13,"/","")&".pdf") -> C:\sprava\Byt č. 93912.pdf | N13: Vážená paní Kučerňáková,
... B59: =Evidence!D59 -> 0 | C59: =Evidence!B59 -> 0 | E59: =Evidence!E59 -> 0 | I59: =Evidence!C59 -> 0 | J59: =dum_adresa -> Zborovská 939/2, Žabovřesky, 616 00 Brno | K59: =Evidence!A59 -> 0 | L59: =("C:\sprava\"&SUBSTITUTE(K59,"/","")&".pdf") -> C:\sprava\0.pdf | N59: Vážený pane inženýre,
B60: =Evidence!D60 -> 0 | C60: =Evidence!B60 -> 0 | E60: =Evidence!E60 -> 0 | I60: =Evidence!C60 -> 0 | J60: =dum_adresa -> Zborovská 939/2, Žabovřesky, 616 00 Brno | K60: =Evidence!A60 -> 0 | L60: =("C:\sprava\"&SUBSTITUTE(K60,"/","")&".pdf") -> C:\sprava\0.pdf
B61: =Evidence!D61 -> 0 | C61: =Evidence!B61 -> 0 | E61: =Evidence!E61 -> 0 | I61: =Evidence!C61 -> 0 | J61: =dum_adresa -> Zborovská 939/2, Žabovřesky, 616 00 Brno | K61: =Evidence!A61 -> 0 | L61: =("C:\sprava\"&SUBSTITUTE(K61,"/","")&".pdf") -> C:\sprava\0.pdf
B62: =Evidence!D62 -> 0 | C62: =Evidence!B62 -> 0 | E62: =Evidence!E62 -> 0 | I62: =Evidence!C62 -> 0 | J62: =dum_adresa -> Zborovská 939/2, Žabovřesky, 616 00 Brno | K62: =Evidence!A62 -> 0 | L62: =("C:\sprava\"&SUBSTITUTE(K62,"/","")&".pdf") -> C:\sprava\0.pdf
B63: =Evidence!D63 -> 0 | C63: =Evidence!B63 -> 0 | E63: =Evidence!E63 -> 0 | I63: =Evidence!C63 -> 0 | J63: =dum_adresa -> Zborovská 939/2, Žabovřesky, 616 00 Brno | K63: =Evidence!A63 -> 0 | L63: =("C:\sprava\"&SUBSTITUTE(K63,"/","")&".pdf") -> C:\sprava\0.pdf
B64: =Evidence!D64 -> 0 | C64: =Evidence!B64 -> 0 | E64: =Evidence!E64 -> 0 | I64: =Evidence!C64 -> 0 | J64: =dum_adresa -> Zborovská 939/2, Žabovřesky, 616 00 Brno | K64: =Evidence!A64 -> 0 | L64: =("C:\sprava\"&SUBSTITUTE(K64,"/","")&".pdf") -> C:\sprava\0.pdf
B65: =Evidence!D65 -> 0 | C65: =Evidence!B65 -> 0 | E65: =Evidence!E65 -> 0 | I65: =Evidence!C65 -> 0 | J65: =dum_adresa -> Zborovská 939/2, Žabovřesky, 616 00 Brno | K65: =Evidence!A65 -> 0 | L65: =("C:\sprava\"&SUBSTITUTE(K65,"/","")&".pdf") -> C:\sprava\0.pdf
B66: =Evidence!D66 -> 0 | C66: =Evidence!B66 -> 0 | E66: =Evidence!E66 -> 0 | I66: =Evidence!C66 -> 0 | J66: =dum_adresa -> Zborovská 939/2, Žabovřesky, 616 00 Brno | K66: =Evidence!A66 -> 0 | L66: =("C:\sprava\"&SUBSTITUTE(K66,"/","")&".pdf") -> C:\sprava\0.pdf
B67: =Evidence!D67 -> 0 | C67: =Evidence!B67 -> 0 | E67: =Evidence!E67 -> 0 | I67: =Evidence!C67 -> 0 | J67: =dum_adresa -> Zborovská 939/2, Žabovřesky, 616 00 Brno | K67: =Evidence!A67 -> 0 | L67: =("C:\sprava\"&SUBSTITUTE(K67,"/","")&".pdf") -> C:\sprava\0.pdf
B68: =Evidence!D68 -> 0 | C68: =Evidence!B68 -> 0 | E68: =Evidence!E68 -> 0 | I68: =Evidence!C68 -> 0 | J68: =dum_adresa -> Zborovská 939/2, Žabovřesky, 616 00 Brno | K68: =Evidence!A68 -> 0 | L68: =("C:\sprava\"&SUBSTITUTE(K68,"/","")&".pdf") -> C:\sprava\0.pdf
B69: =Evidence!D69 -> 0 | C69: =Evidence!B69 -> 0 | E69: =Evidence!E69 -> 0 | I69: =Evidence!C69 -> 0 | J69: =dum_adresa -> Zborovská 939/2, Žabovřesky, 616 00 Brno | K69: =Evidence!A69 -> 0 | L69: =("C:\sprava\"&SUBSTITUTE(K69,"/","")&".pdf") -> C:\sprava\0.pdf
B70: =Evidence!D70 -> 0 | C70: =Evidence!B70 -> 0 | E70: =Evidence!E70 -> 0 | I70: =Evidence!C70 -> 0 | J70: =dum_adresa -> Zborovská 939/2, Žabovřesky, 616 00 Brno | K70: =Evidence!A70 -> 0 | L70: =("C:\sprava\"&SUBSTITUTE(K70,"/","")&".pdf") -> C:\sprava\0.pdf
B71: =Evidence!D71 -> 0 | C71: =Evidence!B71 -> 0 | E71: =Evidence!E71 -> 0 | I71: =Evidence!C71 -> 0 | J71: =dum_adresa -> Zborovská 939/2, Žabovřesky, 616 00 Brno | K71: =Evidence!A71 -> 0 | L71: =("C:\sprava\"&SUBSTITUTE(K71,"/","")&".pdf") -> C:\sprava\0.pdf
... B232: =Evidence!D232 -> 0 | C232: =Evidence!B232 -> 0 | E232: =Evidence!E232 -> 0 | I232: =Evidence!C232 -> 0 | J232: =dum_adresa -> Zborovská 939/2, Žabovřesky, 616 00 Brno | K232: =Evidence!A232 -> 0 | L232: =("C:\sprava\"&SUBSTITUTE(K232,"/","")&".pdf") -> C:\sprava\0.pdf

Sheet Zálohy byt - měsíčně
A1: AdminReal s.r.o., Veveří 2581/102 , 616 00 Brno, IČO 02827476, Zapsáno KS v Brně, oddíl C, vložka 82606
A2: ='vstupní data'!B5 -> Martin Klíma | S2: MENU
A3: adresa společenství: | C3: =dum_adresa -> Zborovská 939/2, Žabovřesky, 616 00 Brno | F3: bankovní spojení člena: | H3: ='vstupní data'!B7 -> 8308679001/5500 | K3: č. prostoru: | P3: ='vstupní data'!B4 -> Byt č. 939/01
A4: bankovní spojení společenství: | C4: ='vstupní data'!B22 -> 2100704207/2010 | E4: variabilní symbol pro platbu nedoplatku: | H4: ='vstupní data'!B6 -> 1093900019 | K4: zůčtovací období: | P4: =IF('vstupní data'!D15="první část roku",'vstupní data'!E17,'vstupní data'!H17) -> 1.1.2024 - 31.12.2024
O6: POČET OSOB | P6: =IF(P7 > 0, "Navýšení předpisu o částku", "Snížení předpisu o částku") -> Navýšení předpisu o částku | Q6: Navýšení předpis o částku (ručně)
O7: ='vstupní data'!AJ30 -> 4 | P7: =IF(Q7=0, IF(A38>0, -ROUND((A38*0.95)/VD_počet_měsíců_úžívání, 0), -ROUND((A38*1.05)/VD_počet_měsíců_úžívání, 0)), Q7) -> 5 | Q7: 5 | R7: * pokud nula vypočítá si sám pokud se zadá vezme dané číslo
E8: Odběrné místo (dům) | H8: Uživatel
A9: Položka | B9: Sloupec1 | C9: Jednotka | D9: Podíl | E9: Náklad | F9: Jednotek | G9: Kč/jedn | H9: Jednotek2 | I9: Záloha (aktuální) | J9: Náklad za rok | K9: Nový náklad -+% | L9: Přeplatky | nedoplatky | M9: Záloha měsíčně (aktuální) | N9: Záloha měsíčně (nová do OS po navýšení o %) | O9: Záloha měsíčně (dle počtu osob) | P9: Záloha měsíčně (nová do OS po navýšení o částku) | Q9: Navýšení o kolik procent?
A10: =Faktury!A4 -> Elektrická energie (společné prostory) | C10: =Faktury!C4 -> počet osob | D10: =Faktury!D4 -> 100 | E10: =Faktury!E4 -> 8663.77 | F10: =Faktury!F4 -> 439 | G10: =Faktury!G4 -> 19.74 | H10: =Faktury!H4 -> 48 | I10: ='Vyúčtování byt - 1.část'!J10 -> 540 | J10: =Faktury!I4 -> 947.52 | K10: =IF(J10=0,0,J10*(100+Q10)/100) -> 947.52 | L10: ='Vyúčtování byt - 1.část'!K10 -> -407.52 | M10: =ROUND(I10/VD_počet_měsíců_úžívání,2) -> 45 | N10: =IF(C10="počet osob", CEILING(K10/'vstupní data'!$AJ$31/VD_počet_měsíců_úžívání*($O$7*12), 10), ROUNDUP(K10/VD_počet_měsíců_úžívání, -1)) -> 80 | O10: =CEILING(K10/'vstupní data'!$AJ$31/VD_počet_měsíců_úžívání*($O$7*12),10) -> 80 | P10: =ROUND(MAX(0,I10/VD_počet_měsíců_úžívání-IF($P$7>0,L10/VD_počet_měsíců_úžívání*1.05,L10/VD_počet_měsíců_úžívání*0.95)),0) -> 81 | Q10: 0
A11: =Faktury!A5 -> Úklid bytového domu | C11: =Faktury!C5 -> počet osob | D11: =Faktury!D5 -> 100 | E11: =Faktury!E5 -> 25800 | F11: =Faktury!F5 -> 439 | G11: =Faktury!G5 -> 58.77 | H11: =Faktury!H5 -> 48 | I11: ='Vyúčtování byt - 1.část'!J11 -> 3000 | J11: =Faktury!I5 -> 2820.96 | K11: =IF(J11=0,0,J11*(100+Q11)/100) -> 2820.96 | L11: ='Vyúčtování byt - 1.část'!K11 -> 179.04 | M11: =ROUND(I11/VD_počet_měsíců_úžívání,2) -> 250 | N11: =IF(C11="počet osob", CEILING(K11/'vstupní data'!$AJ$31/VD_počet_měsíců_úžívání*($O$7*12), 10), ROUNDUP(K11/VD_počet_měsíců_úžívání, -1)) -> 240 | O11: =CEILING(K11/'vstupní data'!$AJ$31/VD_počet_měsíců_úžívání*($O$7*12),10) -> 240 | P11: =ROUND(MAX(0,I11/VD_počet_měsíců_úžívání-IF($P$7>0,L11/VD_počet_měsíců_úžívání*1.05,L11/VD_počet_měsíců_úžívání*0.95)),0) -> 234 | Q11: 0
A12: =Faktury!A6 -> Komíny | C12: =Faktury!C6 -> komín | D12: =Faktury!D6 -> 100 | E12: =Faktury!E6 -> 7502 | F12: =Faktury!F6 -> 12 | G12: =Faktury!G6 -> 625.17 | H12: =Faktury!H6 -> 1 | I12: ='Vyúčtování byt - 1.část'!J12 -> 540 | J12: =Faktury!I6 -> 625.17 | K12: =IF(J12=0,0,J12*(100+Q12)/100) -> 625.17 | L12: ='Vyúčtování byt - 1.část'!K12 -> -85.17 | M12: =ROUND(I12/VD_počet_měsíců_úžívání,2) -> 45 | N12: =IF(C12="počet osob", CEILING(K12/'vstupní data'!$AJ$31/VD_počet_měsíců_úžívání*($O$7*12), 10), ROUNDUP(K12/VD_počet_měsíců_úžívání, -1)) -> 60 | O12: =CEILING(K12/'vstupní data'!$AJ$31/VD_počet_měsíců_úžívání*($O$7*12),10) -> 60 | P12: =ROUND(MAX(0,I12/VD_počet_měsíců_úžívání-IF($P$7>0,L12/VD_počet_měsíců_úžívání*1.05,L12/VD_počet_měsíců_úžívání*0.95)),0) -> 52 | Q12: 0
A13: =Faktury!A7 -> Pravidelná údržba výtah | C13: =Faktury!C7 -> počet osob | D13: =Faktury!D7 -> 100 | E13: =Faktury!E7 -> 43616.12 | F13: =Faktury!F7 -> 307 | G13: =Faktury!G7 -> 142.07 | H13: =Faktury!H7 -> 0 | I13: ='Vyúčtování byt - 1.část'!J13 -> 0 | J13: =Faktury!I7 -> 0 | K13: =IF(J13=0,0,J13*(100+Q13)/100) -> 0 | L13: ='Vyúčtování byt - 1.část'!K13 -> 0 | M13: =ROUND(I13/VD_počet_měsíců_úžívání,2) -> 0 | N13: =IF(C13="počet osob", CEILING(K13/'vstupní data'!$AJ$31/VD_počet_měsíců_úžívání*($O$7*12), 10), ROUNDUP(K13/VD_počet_měsíců_úžívání, -1)) -> 0 | O13: =CEILING(K13/'vstupní data'!$AJ$31/VD_počet_měsíců_úžívání*($O$7*12),10) -> 0 | P13: =ROUND(MAX(0,I13/VD_počet_měsíců_úžívání-IF($P$7>0,L13/VD_počet_měsíců_úžívání*1.05,L13/VD_počet_měsíců_úžívání*0.95)),0) -> 0 | Q13: 0
A14: =Faktury!A17 -> Fond oprav nebytových prostor | C14: =Faktury!C17 -> 0 | D14: =Faktury!D17 -> 0 | E14: =Faktury!E17 -> 0 | F14: =Faktury!F17 -> 0 | G14: =Faktury!G17 -> 0 | H14: =Faktury!H17 -> 0 | I14: ='Vyúčtování byt - 1.část'!J14 -> 0 | J14: =Faktury!I17 -> 0 | K14: =IF(J14=0,0,J14*(100+Q14)/100) -> 0 | L14: ='Vyúčtování byt - 1.část'!K14 -> 0 | M14: =ROUND(I14/VD_počet_měsíců_úžívání,2) -> 0 | N14: =IF(C14="počet osob", CEILING(K14/'vstupní data'!$AJ$31/VD_počet_měsíců_úžívání*($O$7*12), 10), ROUNDUP(K14/VD_počet_měsíců_úžívání, -1)) -> 0 | O14: =CEILING(K14/'vstupní data'!$AJ$31/VD_počet_měsíců_úžívání*($O$7*12),10) -> 0 | P14: =ROUND(MAX(0,I14/VD_počet_měsíců_úžívání-IF($P$7>0,L14/VD_počet_měsíců_úžívání*1.05,L14/VD_počet_měsíců_úžívání*0.95)),0) -> 0 | Q14: 0
A15: =Faktury!A12 -> Pojištění domu | C15: =Faktury!C12 -> 0 | D15: =Faktury!D12 -> 0 | E15: =Faktury!E12 -> 0 | F15: =Faktury!F12 -> 0 | G15: =Faktury!G12 -> 0 | H15: =Faktury!H12 -> 0 | I15: ='Vyúčtování byt - 1.část'!J15 -> 0 | J15: =Faktury!I12 -> 0 | K15: =IF(J15=0,0,J15*(100+Q15)/100) -> 0 | L15: ='Vyúčtování byt - 1.část'!K15 -> 0 | M15: =ROUND(I15/VD_počet_měsíců_úžívání,2) -> 0 | N15: =IF(C15="počet osob", CEILING(K15/'vstupní data'!$AJ$31/VD_počet_měsíců_úžívání*($O$7*12), 10), ROUNDUP(K15/VD_počet_měsíců_úžívání, -1)) -> 0 | O15: =CEILING(K15/'vstupní data'!$AJ$31/VD_počet_měsíců_úžívání*($O$7*12),10) -> 0 | P15: =ROUND(MAX(0,I15/VD_počet_měsíců_úžívání-IF($P$7>0,L15/VD_počet_měsíců_úžívání*1.05,L15/VD_počet_měsíců_úžívání*0.95)),0) -> 0 | Q15: 0
A16: =Faktury!A9 -> Ohřev teplé vody (TUV) | C16: =Faktury!C9 -> 0 | D16: =Faktury!D9 -> 0 | E16: =Faktury!E9 -> 0 | F16: =Faktury!F9 -> 0 | G16: =Faktury!G9 -> 0 | H16: =Faktury!H9 -> 0 | I16: ='Vyúčtování byt - 1.část'!J16 -> 0 | J16: =Faktury!I9 -> 0 | K16: =IF(J16=0,0,J16*(100+Q16)/100) -> 0 | L16: ='Vyúčtování byt - 1.část'!K16 -> 0 | M16: =ROUND(I16/VD_počet_měsíců_úžívání,2) -> 0 | N16: =IF(C16="počet osob", CEILING(K16/'vstupní data'!$AJ$31/VD_počet_měsíců_úžívání*($O$7*12), 10), ROUNDUP(K16/VD_počet_měsíců_úžívání, -1)) -> 0 | O16: =CEILING(K16/'vstupní data'!$AJ$31/VD_počet_měsíců_úžívání*($O$7*12),10) -> 0 | P16: =ROUND(MAX(0,I16/VD_počet_měsíců_úžívání-IF($P$7>0,L16/VD_počet_měsíců_úžívání*1.05,L16/VD_počet_měsíců_úžívání*0.95)),0) -> 0 | Q16: 0
A17: =Faktury!A2 -> Fond oprav | C17: =Faktury!C2 -> nevyúčtovává se | D17: =Faktury!D2 -> 0 | E17: =Faktury!E2 -> 0 | F17: =Faktury!F2 -> 0 | G17: =Faktury!G2 -> 0 | H17: =Faktury!H2 -> 0 | I17: ='Vyúčtování byt - 1.část'!J17 -> 0 | J17: =Faktury!I2 -> 0 | K17: =IF(J17=0,0,J17*(100+Q17)/100) -> 0 | L17: ='Vyúčtování byt - 1.část'!K17 -> 0 | M17: =ROUND(I17/VD_počet_měsíců_úžívání,2) -> 0 | N17: =IF(C17="počet osob", CEILING(K17/'vstupní data'!$AJ$31/VD_počet_měsíců_úžívání*($O$7*12), 10), ROUNDUP(K17/VD_počet_měsíců_úžívání, -1)) -> 0 | O17: =CEILING(K17/'vstupní data'!$AJ$31/VD_počet_měsíců_úžívání*($O$7*12),10) -> 0 | P17: =ROUND(MAX(0,I17/VD_počet_měsíců_úžívání-IF($P$7>0,L17/VD_počet_měsíců_úžívání*1.05,L17/VD_počet_měsíců_úžívání*0.95)),0) -> 0 | Q17: 0
A18: =Faktury!A3 -> Studená voda | C18: =Faktury!C3 -> počet osob | D18: =Faktury!D3 -> 100 | E18: =Faktury!E3 -> 75347.33 | F18: =Faktury!F3 -> 868 | G18: =Faktury!G3 -> 86.81 | H18: =Faktury!H3 -> 35 | I18: ='Vyúčtování byt - 1.část'!J18 -> 8280 | J18: =Faktury!I3 -> 9618.74 | K18: =IF(J18=0,0,J18*(100+Q18)/100) -> 9618.74 | L18: ='Vyúčtování byt - 1.část'!K18 -> -1338.74 | M18: =ROUND(I18/VD_počet_měsíců_úžívání,2) -> 690 | N18: =IF(C18="počet osob", CEILING(K18/'vstupní data'!$AJ$31/VD_počet_měsíců_úžívání*($O$7*12), 10), ROUNDUP(K18/VD_počet_měsíců_úžívání, -1)) -> 810 | O18: =CEILING(K18/'vstupní data'!$AJ$31/VD_počet_měsíců_úžívání*($O$7*12),10) -> 810 | P18: =ROUND(MAX(0,I18/VD_počet_měsíců_úžívání-IF($P$7>0,L18/VD_počet_měsíců_úžívání*1.05,L18/VD_počet_měsíců_úžívání*0.95)),0) -> 807 | Q18: 0
A19: =Faktury!A19 -> Ostatní náklady - UPC | C19: =Faktury!C19 -> na byt | D19: =Faktury!D19 -> 100 | E19: =Faktury!E19 -> 57999 | F19: =Faktury!F19 -> 9 | G19: =Faktury!G19 -> 6444.33 | H19: =Faktury!H19 -> 0 | I19: ='Vyúčtování byt - 1.část'!J19 -> 0 | J19: =Faktury!I19 -> 0 | K19: =IF(J19=0,0,J19*(100+Q19)/100) -> 0 | L19: ='Vyúčtování byt - 1.část'!K19 -> 0 | M19: =ROUND(I19/VD_počet_měsíců_úžívání,2) -> 0 | N19: =IF(C19="počet osob", CEILING(K19/'vstupní data'!$AJ$31/VD_počet_měsíců_úžívání*($O$7*12), 10), ROUNDUP(K19/VD_počet_měsíců_úžívání, -1)) -> 0 | O19: =CEILING(K19/'vstupní data'!$AJ$31/VD_počet_měsíců_úžívání*($O$7*12),10) -> 0 | P19: =ROUND(MAX(0,I19/VD_počet_měsíců_úžívání-IF($P$7>0,L19/VD_počet_měsíců_úžívání*1.05,L19/VD_počet_měsíců_úžívání*0.95)),0) -> 0 | Q19: 0
A20: =Faktury!A18 -> Ostatní náklady (garáž a sklepy) | C20: =Faktury!C18 -> 0 | D20: =Faktury!D18 -> 0 | E20: =Faktury!E18 -> 0 | F20: =Faktury!F18 -> 0 | G20: =Faktury!G18 -> 0 | H20: =Faktury!H18 -> 0 | I20: ='Vyúčtování byt - 1.část'!J20 -> 0 | J20: =Faktury!I18 -> 0 | K20: =IF(J20=0,0,J20*(100+Q20)/100) -> 0 | L20: ='Vyúčtování byt - 1.část'!K20 -> 0 | M20: =ROUND(I20/VD_počet_měsíců_úžívání,2) -> 0 | N20: =IF(C20="počet osob", CEILING(K20/'vstupní data'!$AJ$31/VD_počet_měsíců_úžívání*($O$7*12), 10), ROUNDUP(K20/VD_počet_měsíců_úžívání, -1)) -> 0 | O20: =CEILING(K20/'vstupní data'!$AJ$31/VD_počet_měsíců_úžívání*($O$7*12),10) -> 0 | P20: =ROUND(MAX(0,I20/VD_počet_měsíců_úžívání-IF($P$7>0,L20/VD_počet_měsíců_úžívání*1.05,L20/VD_počet_měsíců_úžívání*0.95)),0) -> 0 | Q20: 0
A21: =Faktury!A10 -> 0 | C21: =Faktury!C10 -> 0 | D21: =Faktury!D10 -> 0 | E21: =Faktury!E10 -> 0 | F21: =Faktury!F10 -> 0 | G21: =Faktury!G10 -> 0 | H21: =Faktury!H10 -> 0 | I21: ='Vyúčtování byt - 1.část'!J21 -> 0 | J21: =Faktury!I10 -> 0 | K21: =IF(J21=0,0,J21*(100+Q21)/100) -> 0 | L21: ='Vyúčtování byt - 1.část'!K21 -> 0 | M21: =ROUND(I21/VD_počet_měsíců_úžívání,2) -> 0 | N21: =IF(C21="počet osob", CEILING(K21/'vstupní data'!$AJ$31/VD_počet_měsíců_úžívání*($O$7*12), 10), ROUNDUP(K21/VD_počet_měsíců_úžívání, -1)) -> 0 | O21: =CEILING(K21/'vstupní data'!$AJ$31/VD_počet_měsíců_úžívání*($O$7*12),10) -> 0 | P21: =ROUND(MAX(0,I21/VD_počet_měsíců_úžívání-IF($P$7>0,L21/VD_počet_měsíců_úžívání*1.05,L21/VD_počet_měsíců_úžívání*0.95)),0) -> 0 | Q21: 0
A22: =Faktury!A8 -> Záloha na teplo | C22: =Faktury!C8 -> 0 | D22: =Faktury!D8 -> 0 | E22: =Faktury!E8 -> 0 | F22: =Faktury!F8 -> 0 | G22: =Faktury!G8 -> 0 | H22: =Faktury!H8 -> 0 | I22: ='Vyúčtování byt - 1.část'!J22 -> 0 | J22: =Faktury!I8 -> 0 | K22: =IF(J22=0,0,J22*(100+Q22)/100) -> 0 | L22: ='Vyúčtování byt - 1.část'!K22 -> 0 | M22: =ROUND(I22/VD_počet_měsíců_úžívání,2) -> 0 | N22: =IF(C22="počet osob", CEILING(K22/'vstupní data'!$AJ$31/VD_počet_měsíců_úžívání*($O$7*12), 10), ROUNDUP(K22/VD_počet_měsíců_úžívání, -1)) -> 0 | O22: =CEILING(K22/'vstupní data'!$AJ$31/VD_počet_měsíců_úžívání*($O$7*12),10) -> 0 | P22: =ROUND(MAX(0,I22/VD_počet_měsíců_úžívání-IF($P$7>0,L22/VD_počet_měsíců_úžívání*1.05,L22/VD_počet_měsíců_úžívání*0.95)),0) -> 0 | Q22: 0
A23: =Faktury!A16 -> Poplatek za psa | C23: =Faktury!C16 -> 0 | D23: =Faktury!D16 -> 0 | E23: =Faktury!E16 -> 0 | F23: =Faktury!F16 -> 0 | G23: =Faktury!G16 -> 0 | H23: =Faktury!H16 -> 0 | I23: ='Vyúčtování byt - 1.část'!J23 -> 0 | J23: =Faktury!I16 -> 0 | K23: =IF(J23=0,0,J23*(100+Q23)/100) -> 0 | L23: ='Vyúčtování byt - 1.část'!K23 -> 0 | M23: =ROUND(I23/VD_počet_měsíců_úžívání,2) -> 0 | N23: =IF(C23="počet osob", CEILING(K23/'vstupní data'!$AJ$31/VD_počet_měsíců_úžívání*($O$7*12), 10), ROUNDUP(K23/VD_počet_měsíců_úžívání, -1)) -> 0 | O23: =CEILING(K23/'vstupní data'!$AJ$31/VD_počet_měsíců_úžívání*($O$7*12),10) -> 0 | P23: =ROUND(MAX(0,I23/VD_počet_měsíců_úžívání-IF($P$7>0,L23/VD_počet_měsíců_úžívání*1.05,L23/VD_počet_měsíců_úžívání*0.95)),0) -> 0 | Q23: 0
A24: =Faktury!A22 -> Spořící účet | C24: =Faktury!C22 -> nevyúčtovává se | D24: =Faktury!D22 -> 0 | E24: =Faktury!E22 -> 0 | F24: =Faktury!F22 -> 0 | G24: =Faktury!G22 -> 0 | H24: =Faktury!H22 -> 0 | I24: ='Vyúčtování byt - 1.část'!J24 -> 0 | J24: =Faktury!I22 -> 0 | K24: =IF(J24=0,0,J24*(100+Q24)/100) -> 0 | L24: ='Vyúčtování byt - 1.část'!K24 -> 0 | M24: =ROUND(I24/VD_počet_měsíců_úžívání,2) -> 0 | N24: =IF(C24="počet osob", CEILING(K24/'vstupní data'!$AJ$31/VD_počet_měsíců_úžívání*($O$7*12), 10), ROUNDUP(K24/VD_počet_měsíců_úžívání, -1)) -> 0 | O24: =CEILING(K24/'vstupní data'!$AJ$31/VD_počet_měsíců_úžívání*($O$7*12),10) -> 0 | P24: =ROUND(MAX(0,I24/VD_počet_měsíců_úžívání-IF($P$7>0,L24/VD_počet_měsíců_úžívání*1.05,L24/VD_počet_měsíců_úžívání*0.95)),0) -> 0 | Q24: 0
A25: =Faktury!A23 -> 0 | C25: =Faktury!C23 -> 0 | D25: =Faktury!D23 -> 0 | E25: =Faktury!E23 -> 0 | F25: =Faktury!F23 -> 0 | G25: =Faktury!G23 -> 0 | H25: =Faktury!H23 -> 0 | I25: ='Vyúčtování byt - 1.část'!J25 -> 0 | J25: =Faktury!I23 -> 0 | K25: =IF(J25=0,0,J25*(100+Q25)/100) -> 0 | L25: ='Vyúčtování byt - 1.část'!K25 -> 0 | M25: =ROUND(I25/VD_počet_měsíců_úžívání,2) -> 0 | N25: =IF(C25="počet osob", CEILING(K25/'vstupní data'!$AJ$31/VD_počet_měsíců_úžívání*($O$7*12), 10), ROUNDUP(K25/VD_počet_měsíců_úžívání, -1)) -> 0 | O25: =CEILING(K25/'vstupní data'!$AJ$31/VD_počet_měsíců_úžívání*($O$7*12),10) -> 0 | P25: =ROUND(MAX(0,I25/VD_počet_měsíců_úžívání-IF($P$7>0,L25/VD_počet_měsíců_úžívání*1.05,L25/VD_počet_měsíců_úžívání*0.95)),0) -> 0 | Q25: 0
A26: =Faktury!A15 -> Mzdové náklady | C26: =Faktury!C15 -> 0 | D26: =Faktury!D15 -> 0 | E26: =Faktury!E15 -> 0 | F26: =Faktury!F15 -> 0 | G26: =Faktury!G15 -> 0 | H26: =Faktury!H15 -> 0 | I26: ='Vyúčtování byt - 1.část'!J26 -> 0 | J26: =Faktury!I15 -> 0 | K26: =IF(J26=0,0,J26*(100+Q26)/100) -> 0 | L26: ='Vyúčtování byt - 1.část'!K26 -> 0 | M26: =ROUND(I26/VD_počet_měsíců_úžívání,2) -> 0 | N26: =IF(C26="počet osob", CEILING(K26/'vstupní data'!$AJ$31/VD_počet_měsíců_úžívání*($O$7*12), 10), ROUNDUP(K26/VD_počet_měsíců_úžívání, -1)) -> 0 | O26: =CEILING(K26/'vstupní data'!$AJ$31/VD_počet_měsíců_úžívání*($O$7*12),10) -> 0 | P26: =ROUND(MAX(0,I26/VD_počet_měsíců_úžívání-IF($P$7>0,L26/VD_počet_měsíců_úžívání*1.05,L26/VD_počet_měsíců_úžívání*0.95)),0) -> 0 | Q26: 0
A27: =Faktury!A13 -> Ostatní nájemné | C27: =Faktury!C13 -> 0 | D27: =Faktury!D13 -> 0 | E27: =Faktury!E13 -> 0 | F27: =Faktury!F13 -> 0 | G27: =Faktury!G13 -> 0 | H27: =Faktury!H13 -> 0 | I27: ='Vyúčtování byt - 1.část'!J27 -> 0 | J27: =Faktury!I13 -> 0 | K27: =IF(J27=0,0,J27*(100+Q27)/100) -> 0 | L27: ='Vyúčtování byt - 1.část'!K27 -> 0 | M27: =ROUND(I27/VD_počet_měsíců_úžívání,2) -> 0 | N27: =IF(C27="počet osob", CEILING(K27/'vstupní data'!$AJ$31/VD_počet_měsíců_úžívání*($O$7*12), 10), ROUNDUP(K27/VD_počet_měsíců_úžívání, -1)) -> 0 | O27: =CEILING(K27/'vstupní data'!$AJ$31/VD_počet_měsíců_úžívání*($O$7*12),10) -> 0 | P27: =ROUND(MAX(0,I27/VD_počet_měsíců_úžívání-IF($P$7>0,L27/VD_počet_měsíců_úžívání*1.05,L27/VD_počet_měsíců_úžívání*0.95)),0) -> 0 | Q27: 0
A28: =Faktury!A14 -> Ostatní služby | C28: =Faktury!C14 -> 0 | D28: =Faktury!D14 -> 0 | E28: =Faktury!E14 -> 0 | F28: =Faktury!F14 -> 0 | G28: =Faktury!G14 -> 0 | H28: =Faktury!H14 -> 0 | I28: ='Vyúčtování byt - 1.část'!J28 -> 0 | J28: =Faktury!I14 -> 0 | K28: =IF(J28=0,0,J28*(100+Q28)/100) -> 0 | L28: ='Vyúčtování byt - 1.část'!K28 -> 0 | M28: =ROUND(I28/VD_počet_měsíců_úžívání,2) -> 0 | N28: =IF(C28="počet osob", CEILING(K28/'vstupní data'!$AJ$31/VD_počet_měsíců_úžívání*($O$7*12), 10), ROUNDUP(K28/VD_počet_měsíců_úžívání, -1)) -> 0 | O28: =CEILING(K28/'vstupní data'!$AJ$31/VD_počet_měsíců_úžívání*($O$7*12),10) -> 0 | P28: =ROUND(MAX(0,I28/VD_počet_měsíců_úžívání-IF($P$7>0,L28/VD_počet_měsíců_úžívání*1.05,L28/VD_počet_měsíců_úžívání*0.95)),0) -> 0 | Q28: 0
A29: =Faktury!A11 -> Správa domu | C29: =Faktury!C11 -> na byt | D29: =Faktury!D11 -> 100 | E29: =Faktury!E11 -> 42566 | F29: =Faktury!F11 -> 19 | G29: =Faktury!G11 -> 2240.32 | H29: =Faktury!H11 -> 1 | I29: ='Vyúčtování byt - 1.část'!J29 -> 1440 | J29: =Faktury!I11 -> 2240.32 | K29: =IF(J29=0,0,J29*(100+Q29)/100) -> 2240.32 | L29: ='Vyúčtování byt - 1.část'!K29 -> -800.32 | M29: =ROUND(I29/VD_počet_měsíců_úžívání,2) -> 120 | N29: =IF(C29="počet osob", CEILING(K29/'vstupní data'!$AJ$31/VD_počet_měsíců_úžívání*($O$7*12), 10), ROUNDUP(K29/VD_počet_měsíců_úžívání, -1)) -> 190 | O29: =CEILING(K29/'vstupní data'!$AJ$31/VD_počet_měsíců_úžívání*($O$7*12),10) -> 190 | P29: =ROUND(MAX(0,I29/VD_počet_měsíců_úžívání-IF($P$7>0,L29/VD_počet_měsíců_úžívání*1.05,L29/VD_počet_měsíců_úžívání*0.95)),0) -> 190 | Q29: 0
A30: Celkem náklady na odběrná místa | E30: =SUM(E10:E29) -> 261494.22 | G30: Celkem vyúčtování: | I30: =SUM(I10:I29) -> 13800 | J30: =SUM(J10:J29) -> 16252.71 | K30: =SUM(K10:K29) -> 16252.71 | M30: =SUM(M10:M29) -> 1150 | N30: =SUM(N10:N29) -> 1380 | P30: =SUM(P10:P29) -> 1364
G31: Měsíčně včetně fondu oprav | M31: =M30+A36/VD_počet_měsíců_úžívání -> 3813 | N31: =N30+A36/VD_počet_měsíců_úžívání -> 4043 | O31: Rozdíl měsíčně | P31: =ROUND(P30-M30,0) -> 214 | Q31: * mění se pouze položky této barvy zbytek systém počítá sám, navýšení % nastavujeme až do akceptovatelného preplatku
O32: Kontrola | P32: =P31-P7 -> 209
A33: Pevné platby
A34: ='Vyúčtování byt - 1.část'!A35 -> Fond oprav
A35: Celkem za rok
A36: ='Vyúčtování byt - 1.část'!B35 -> 31956 | K36: KONTROLA
A37: Výsledek vyúčtování | K37: Zálohy před změnou | M37: =M31 -> 3813 | N37: *udělat kontrolu s OS zda sedí
A38: =ROUND('Vyúčtování byt - 1.část'!K31,0) -> -2453 | K38: Záloha po změně | M38: =N31 -> 4043
K39: Rozdíl měsíčně | M39: =M38-M37 -> 230 | N39: =M39*VD_počet_měsíců_úžívání+'Vyúčtování byt - 1.část'!VB_preplatky_celkem -> 307 | O39: *kontrola zda vychází stejněj jako budoucí přeplatek
K40: Náklad za poslední vyúčtování | M40: =J30 -> 16252.71
K41: Teoretický náklad po změně | M41: =N30*VD_počet_měsíců_úžívání -> 16560
K42: Budoucí přeplatek/nedoplatek | M42: =M41-M40 -> 307.29 | N42: *ideálně aspon 3 tisíce přeplatek

Sheet Seznam
A1: MENU
A2: VÝSTUPY | B2: MĚŘIDLA A DATA | C2: EVIDENCE | D2: EXPORT | E2: KONTROLA
A3: Vstupní data | B3: Vodoměry TUV | C3: Evidence | D3: Export send mail | E3: Výpočet vyúčtování
A4: Vyúčtování | B4: Vodoměry SV | C4: Úhrady | D4: Bytové domy
A5: Příjem SVJ včetně výdajů | B5: Teplo | C5: Přeplatky a nedoplatky | D5: Odečty formulář
A6: Příjem SVJ bez výdajů | B6: Elektroměry | C6: Předpisy - výpočet
A7: Náklady za dům | B7: Výtahy
A8: Faktury | B8: Počet osob
A9: Rozpočet domu | B9: Předpisy po měsící
A10: Parametry | B10: Faktury za služby

Sheet Vyúčtování byt - 1.část
C1: =IF('vstupní data'!B34="AdminReal, s.r.o.","AdminReal s.r.o., Veveří 2581/102 , 616 00 Brno, IČO 02827476, Zapsáno KS v Brně, oddíl C, vložka 82606","BrnoReal s.r.o., Veveří 2581/102 , 616 00 Brno, IČO 14423537, Zapsáno KS v Brně, oddíl C, vložka 128255") -> AdminReal s.r.o., Veveří 2581/102 , 616 00 Brno, IČO 02827476, Zapsáno KS v Brně, oddíl C, vložka 82606 | J1: =IF('vstupní data'!$B$34="BrnoReal, s.r.o.",'vstupní data'!$B$60,'vstupní data'!$B$59) -> #VALUE!
A2: ='vstupní data'!B5 -> Martin Klíma | N2: MENU
A3: adresa společenství: | C3: =dum_adresa -> Zborovská 939/2, Žabovřesky, 616 00 Brno | F3: bankovní spojení člena: | H3: ='vstupní data'!B7 -> 8308679001/5500 | J3: č. prostoru: | K3: ='vstupní data'!B4 -> Byt č. 939/01
A4: bankovní spojení společenství: | C4: ='vstupní data'!B35 -> 2100704207/2010 | E4: variabilní symbol pro platbu nedoplatku: | H4: ='vstupní data'!B6 -> 1093900019 | J4: zůčtovací období: | K4: =VLOOKUP(BYT,Evidence!$A:$Z,18,0) -> 1.1.2024 - 31.12.2024
A6: =("Vyúčtování služeb: "&'vstupní data'!B12&"") -> Vyúčtování služeb: 2024
E8: Odběrné místo (dům) | H8: Uživatel
A9: Položka | B9: Sloupec1 | C9: Jednotka | D9: Podíl | E9: Náklad | F9: Jednotek | G9: Kč/jedn | H9: Jednotek2 | I9: Náklad2 | J9: Záloha | K9: Přeplatky|nedoplatky
A10: =Faktury!A4 -> Elektrická energie (společné prostory) | C10: =Faktury!C4 -> počet osob | D10: =Faktury!D4 -> 100 | E10: =Faktury!E4 -> 8663.77 | F10: =Faktury!F4 -> 439 | G10: =Faktury!G4 -> 19.74 | H10: =Faktury!H4 -> 48 | I10: =Faktury!I4 -> 947.52 | J10: =Faktury!J4 -> 540 | K10: =Faktury!K4 -> -407.52
A11: =Faktury!A5 -> Úklid bytového domu | C11: =Faktury!C5 -> počet osob | D11: =Faktury!D5 -> 100 | E11: =Faktury!E5 -> 25800 | F11: =Faktury!F5 -> 439 | G11: =Faktury!G5 -> 58.77 | H11: =Faktury!H5 -> 48 | I11: =Faktury!I5 -> 2820.96 | J11: =Faktury!J5 -> 3000 | K11: =Faktury!K5 -> 179.04
A12: =Faktury!A6 -> Komíny | C12: =Faktury!C6 -> komín | D12: =Faktury!D6 -> 100 | E12: =Faktury!E6 -> 7502 | F12: =Faktury!F6 -> 12 | G12: =Faktury!G6 -> 625.17 | H12: =Faktury!H6 -> 1 | I12: =Faktury!I6 -> 625.17 | J12: =Faktury!J6 -> 540 | K12: =Faktury!K6 -> -85.17
A13: =Faktury!A7 -> Pravidelná údržba výtah | C13: =Faktury!C7 -> počet osob | D13: =Faktury!D7 -> 100 | E13: =Faktury!E7 -> 43616.12 | F13: =Faktury!F7 -> 307 | G13: =Faktury!G7 -> 142.07 | H13: =Faktury!H7 -> 0 | I13: =Faktury!I7 -> 0 | J13: =Faktury!J7 -> 0 | K13: =Faktury!K7 -> 0
A14: =Faktury!A17 -> Fond oprav nebytových prostor | C14: =Faktury!C17 -> 0 | D14: =Faktury!D17 -> 0 | E14: =Faktury!E17 -> 0 | F14: =Faktury!F17 -> 0 | G14: =Faktury!G17 -> 0 | H14: =Faktury!H17 -> 0 | I14: =Faktury!I17 -> 0 | J14: =Faktury!J17 -> 0 | K14: =Faktury!K17 -> 0
A15: =Faktury!A12 -> Pojištění domu | C15: =Faktury!C12 -> 0 | D15: =Faktury!D12 -> 0 | E15: =Faktury!E12 -> 0 | F15: =Faktury!F12 -> 0 | G15: =Faktury!G12 -> 0 | H15: =Faktury!H12 -> 0 | I15: =Faktury!I12 -> 0 | J15: =Faktury!J12 -> 0 | K15: =Faktury!K12 -> 0
A16: =Faktury!A9 -> Ohřev teplé vody (TUV) | C16: =Faktury!C9 -> 0 | D16: =Faktury!D9 -> 0 | E16: =Faktury!E9 -> 0 | F16: =Faktury!F9 -> 0 | G16: =Faktury!G9 -> 0 | H16: =Faktury!H9 -> 0 | I16: =Faktury!I9 -> 0 | J16: =Faktury!J9 -> 0 | K16: =Faktury!K9 -> 0
A17: =Faktury!A2 -> Fond oprav | C17: =Faktury!C2 -> nevyúčtovává se | D17: =Faktury!D2 -> 0 | E17: =Faktury!E2 -> 0 | F17: =Faktury!F2 -> 0 | G17: =Faktury!G2 -> 0 | H17: =Faktury!H2 -> 0 | I17: =Faktury!I2 -> 0 | J17: =Faktury!J2 -> 0 | K17: =Faktury!K2 -> 0
A18: =Faktury!A3 -> Studená voda | C18: =Faktury!C3 -> počet osob | D18: =Faktury!D3 -> 100 | E18: =Faktury!E3 -> 75347.33 | F18: =Faktury!F3 -> 868 | G18: =Faktury!G3 -> 86.81 | H18: =Faktury!H3 -> 35 | I18: =Faktury!I3 -> 9618.74 | J18: =Faktury!J3 -> 8280 | K18: =Faktury!K3 -> -1338.74
A19: =Faktury!A19 -> Ostatní náklady - UPC | C19: =Faktury!C19 -> na byt | D19: =Faktury!D19 -> 100 | E19: =Faktury!E19 -> 57999 | F19: =Faktury!F19 -> 9 | G19: =Faktury!G19 -> 6444.33 | H19: =Faktury!H19 -> 0 | I19: =Faktury!I19 -> 0 | J19: =Faktury!J19 -> 0 | K19: =Faktury!K19 -> 0
A20: =Faktury!A18 -> Ostatní náklady (garáž a sklepy) | C20: =Faktury!C18 -> 0 | D20: =Faktury!D18 -> 0 | E20: =Faktury!E18 -> 0 | F20: =Faktury!F18 -> 0 | G20: =Faktury!G18 -> 0 | H20: =Faktury!H18 -> 0 | I20: =Faktury!I18 -> 0 | J20: =Faktury!J18 -> 0 | K20: =Faktury!K18 -> 0
A21: =Faktury!A10 -> 0 | C21: =Faktury!C10 -> 0 | D21: =Faktury!D10 -> 0 | E21: =Faktury!E10 -> 0 | F21: =Faktury!F10 -> 0 | G21: =Faktury!G10 -> 0 | H21: =Faktury!H10 -> 0 | I21: =Faktury!I10 -> 0 | J21: =Faktury!J10 -> 0 | K21: =Faktury!K10 -> 0
A22: =Faktury!A8 -> Záloha na teplo | C22: =Faktury!C8 -> 0 | D22: =Faktury!D8 -> 0 | E22: =Faktury!E8 -> 0 | F22: =Faktury!F8 -> 0 | G22: =Faktury!G8 -> 0 | H22: =Faktury!H8 -> 0 | I22: =Faktury!I8 -> 0 | J22: =Faktury!J8 -> 0 | K22: =Faktury!K8 -> 0
A23: =Faktury!A16 -> Poplatek za psa | C23: =Faktury!C16 -> 0 | D23: =Faktury!D16 -> 0 | E23: =Faktury!E16 -> 0 | F23: =Faktury!F16 -> 0 | G23: =Faktury!G16 -> 0 | H23: =Faktury!H16 -> 0 | I23: =Faktury!I16 -> 0 | J23: =Faktury!J16 -> 0 | K23: =Faktury!K16 -> 0
A24: =Faktury!A22 -> Spořící účet | C24: =Faktury!C22 -> nevyúčtovává se | D24: =Faktury!D22 -> 0 | E24: =Faktury!E22 -> 0 | F24: =Faktury!F22 -> 0 | G24: =Faktury!G22 -> 0 | H24: =Faktury!H22 -> 0 | I24: =Faktury!I22 -> 0 | J24: =Faktury!J22 -> 0 | K24: =Faktury!K22 -> 0
A25: =Faktury!A23 -> 0 | C25: =Faktury!C23 -> 0 | D25: =Faktury!D23 -> 0 | E25: =Faktury!E23 -> 0 | F25: =Faktury!F23 -> 0 | G25: =Faktury!G23 -> 0 | H25: =Faktury!H23 -> 0 | I25: =Faktury!I23 -> 0 | J25: =Faktury!J23 -> 0 | K25: =Faktury!K23 -> 0
A26: =Faktury!A15 -> Mzdové náklady | C26: =Faktury!C15 -> 0 | D26: =Faktury!D15 -> 0 | E26: =Faktury!E15 -> 0 | F26: =Faktury!F15 -> 0 | G26: =Faktury!G15 -> 0 | H26: =Faktury!H15 -> 0 | I26: =Faktury!I15 -> 0 | J26: =Faktury!J15 -> 0 | K26: =Faktury!K15 -> 0
A27: =Faktury!A13 -> Ostatní nájemné | C27: =Faktury!C13 -> 0 | D27: =Faktury!D13 -> 0 | E27: =Faktury!E13 -> 0 | F27: =Faktury!F13 -> 0 | G27: =Faktury!G13 -> 0 | H27: =Faktury!H13 -> 0 | I27: =Faktury!I13 -> 0 | J27: =Faktury!J13 -> 0 | K27: =Faktury!K13 -> 0
A28: =Faktury!A14 -> Ostatní služby | C28: =Faktury!C14 -> 0 | D28: =Faktury!D14 -> 0 | E28: =Faktury!E14 -> 0 | F28: =Faktury!F14 -> 0 | G28: =Faktury!G14 -> 0 | H28: =Faktury!H14 -> 0 | I28: =Faktury!I14 -> 0 | J28: =Faktury!J14 -> 0 | K28: =Faktury!K14 -> 0
A29: =Faktury!A11 -> Správa domu | C29: =Faktury!C11 -> na byt | D29: =Faktury!D11 -> 100 | E29: =Faktury!E11 -> 42566 | F29: =Faktury!F11 -> 19 | G29: =Faktury!G11 -> 2240.32 | H29: =Faktury!H11 -> 1 | I29: =Faktury!I11 -> 2240.32 | J29: =Faktury!J11 -> 1440 | K29: =Faktury!K11 -> -800.32
A30: =Faktury!A21 -> Ostatní služby 2 | C30: =Faktury!C21 -> 0 | D30: =Faktury!D21 -> 0 | E30: =Faktury!E21 -> 0 | F30: =Faktury!F21 -> 0 | G30: =Faktury!G21 -> 0 | H30: =Faktury!H21 -> 0 | I30: =Faktury!I21 -> 0 | J30: =Faktury!J21 -> 0 | K30: =Faktury!K21 -> 0
A31: Celkem náklady na odběrná místa | E31: =SUM(E10:E30) -> 261494.22 | G31: Celkem vyúčtování: | I31: =SUM(I10:I30) -> 16252.71 | J31: =SUM(J10:J30) -> 13800 | K31: =SUM(K10:K30) -> -2452.71
C32: =IF(ExcelMacroData!C15=TRUE,_xlfn.IMAGE(ExcelMacroData!C16),"") -> #VALUE! | G32: =IF(K32<0,"Nedoplatek v účtovaném období",IF(K32>0,"Přeplatek v účtovaném období",IF(K32=0,"Není evidován v účtovaném období přeplatek ani nedoplatek"))) -> Není evidován v účtovaném období přeplatek ani nedoplatek | K32: =VD_přeplatek_aktuální_rok -> 0
G33: =IF(K33<0,"Nedoplatek v minulém období",IF(K33>0,"Přeplatek v minulém období",IF(K33=0,"Není evidován v minulém období přeplatek ani nedoplatek"))) -> Není evidován v minulém období přeplatek ani nedoplatek | K33: =VLOOKUP(BYT,'Přeplatky nedoplatky'!$A:$E,5,0) -> 0
A34: Pevné platby | B34: Celkem za rok | G34: =IF('Vyúčtování byt - 1.část'!K34<0,"NEDOPLATEK CELKEM",IF('Vyúčtování byt - 1.část'!K34>0,"PŘEPLATEK CELKEM",IF('Vyúčtování byt - 1.část'!K34=0,"Nemáte přeplatek ani nedoplatek"))) -> NEDOPLATEK CELKEM | K34: =ROUND(K31+K32+K33,0) -> -2453
A35: =INDEX(Faktury!A2:A53,MATCH("*Fond*",Faktury!A2:A53,0)) -> Fond oprav | B35: ='vstupní data'!R17 -> 31956 | E35: =IF(VD_účet_vlastníka=0,(IF('vstupní data'!C11<0,"Nedoplatek uhraďte na účet číslo: "&VD_číslo_účtu_SVJ&", variabilní symbol "&VD_VS&"",IF('vstupní data'!C11>0,"Přeplatek Vám bude vyplacen poštovní poukázkou",IF('vstupní data'!C11=0,"""Nemáte žádný přeplatek ani nedoplatek")))),IF('vstupní data'!C11<0,"Nedoplatek uhraďte na účet číslo: "&VD_číslo_účtu_SVJ&", variabilní symbol "&VD_VS&"",IF('vstupní data'!C11>0,"Přeplatek Vám bude vyplacen na číslo účtu "&VD_účet_vlastníka&"",IF('vstupní data'!C11=0,"Nemáte žádný přeplatek ani nedoplatek")))) -> Nedoplatek uhraďte na účet číslo: 2100704207/2010, variabilní symbol 1093900019
A37: ="Přehled úhrad za rok "&'vstupní data'!B12&"" -> Přehled úhrad za rok 2024
A38: ="1/"&'vstupní data'!$B$12&"" -> 1/2024 | B38: ="2/"&'vstupní data'!$B$12&"" -> 2/2024 | C38: ="3/"&'vstupní data'!$B$12&"" -> 3/2024 | D38: ="4/"&'vstupní data'!$B$12&"" -> 4/2024 | E38: ="5/"&'vstupní data'!$B$12&"" -> 5/2024 | F38: ="6/"&'vstupní data'!$B$12&"" -> 6/2024 | G38: ="7/"&'vstupní data'!$B$12&"" -> 7/2024 | H38: ="8/"&'vstupní data'!$B$12&"" -> 8/2024 | I38: ="9/"&'vstupní data'!$B$12&"" -> 9/2024 | J38: ="10/"&'vstupní data'!$B$12&"" -> 10/2024 | K38: ="11/"&'vstupní data'!$B$12&"" -> 11/2024 | L38: ="12/"&'vstupní data'!$B$12&"" -> 12/2024
A39: ='vstupní data'!N19 -> 3813 | B39: ='vstupní data'!N20 -> 0 | C39: ='vstupní data'!N21 -> 7626 | D39: ='vstupní data'!N22 -> 3813 | E39: ='vstupní data'!N23 -> 0 | F39: ='vstupní data'!N24 -> 7626 | G39: ='vstupní data'!N25 -> 7626 | H39: ='vstupní data'!N26 -> 0 | I39: ='vstupní data'!N27 -> 0 | J39: ='vstupní data'!N28 -> 7626 | K39: ='vstupní data'!N29 -> 7626 | L39: ='vstupní data'!N30 -> 0
A40: ="Přehled předpisů za rok "&'vstupní data'!B12&"" -> Přehled předpisů za rok 2024
A41: ="1/"&'vstupní data'!$B$12&"" -> 1/2024 | B41: ="2/"&'vstupní data'!$B$12&"" -> 2/2024 | C41: ="3/"&'vstupní data'!$B$12&"" -> 3/2024 | D41: ="4/"&'vstupní data'!$B$12&"" -> 4/2024 | E41: ="5/"&'vstupní data'!$B$12&"" -> 5/2024 | F41: ="6/"&'vstupní data'!$B$12&"" -> 6/2024 | G41: ="7/"&'vstupní data'!$B$12&"" -> 7/2024 | H41: ="8/"&'vstupní data'!$B$12&"" -> 8/2024 | I41: ="9/"&'vstupní data'!$B$12&"" -> 9/2024 | J41: ="10/"&'vstupní data'!$B$12&"" -> 10/2024 | K41: ="11/"&'vstupní data'!$B$12&"" -> 11/2024 | L41: ="12/"&'vstupní data'!$B$12&"" -> 12/2024
A42: ='vstupní data'!Q19 -> 3813 | B42: ='vstupní data'!Q20 -> 3813 | C42: ='vstupní data'!Q21 -> 3813 | D42: ='vstupní data'!Q22 -> 3813 | E42: ='vstupní data'!Q23 -> 3813 | F42: ='vstupní data'!Q24 -> 3813 | G42: ='vstupní data'!Q25 -> 3813 | H42: ='vstupní data'!Q26 -> 3813 | I42: ='vstupní data'!Q27 -> 3813 | J42: ='vstupní data'!Q28 -> 3813 | K42: ='vstupní data'!Q29 -> 3813 | L42: ='vstupní data'!Q30 -> 3813
A43: =IF('vstupní data'!B11=0,"K úhradě za rok",IF('vstupní data'!B11<0,"Nedoplatek za rok celkem",IF('vstupní data'!B11>0,"Přeplatek za rok celkem",IF('vstupní data'!B11=0,"")))) -> K úhradě za rok | C43: ='vstupní data'!B11 -> 0
A45: Měřené služby
A46: Služba | B46: Období | C46: Měřidlo | D46: Poč.stav | E46: Kon.stav | F46: Spotřeba
A47: =IF(E47>0,"Studená voda","") | B47: =K4 -> 1.1.2024 - 31.12.2024 | C47: =IF(E47=0,0,_xlfn.XLOOKUP(BYT&"|"&"SV1", 'Vodoměry SV'!A2:A103&"|"&'Vodoměry SV'!C2:C103, 'Vodoměry SV'!F2:F103)) -> 0 | D47: =SUMIFS('Vodoměry SV'!G2:G103,'Vodoměry SV'!A2:A103,BYT,'Vodoměry SV'!C2:C103,"SV1") -> 0 | E47: =SUMIFS('Vodoměry SV'!H2:H103,'Vodoměry SV'!A2:A103,BYT,'Vodoměry SV'!C2:C103,"SV1") -> 0 | F47: =SUMIFS('Vodoměry SV'!I2:I103,'Vodoměry SV'!A2:A103,BYT,'Vodoměry SV'!C2:C103,"SV1") -> 0
A48: =IF(E48>0,"Teplá voda","") | B48: =K4 -> 1.1.2024 - 31.12.2024 | C48: =IF(E48=0,0, _xlfn.XLOOKUP(BYT&"|"&"TUV1", 'Vodoměry TUV'!A2:A103&"|"&'Vodoměry TUV'!C2:C103, 'Vodoměry TUV'!F2:F103)) -> 0 | D48: =SUMIFS('Vodoměry TUV'!G2:G114,'Vodoměry TUV'!A2:A114,BYT,'Vodoměry TUV'!C2:C114,"TUV1") -> 0 | E48: =SUMIFS('Vodoměry TUV'!H2:H114,'Vodoměry TUV'!A2:A114,BYT,'Vodoměry TUV'!C2:C114,"TUV1") -> 0 | F48: =SUMIFS('Vodoměry TUV'!I2:I114,'Vodoměry TUV'!A2:A114,BYT,'Vodoměry TUV'!C2:C114,"TUV1") -> 0
A49: =IF(E49>0,"Studená voda","") | B49: =K4 -> 1.1.2024 - 31.12.2024 | C49: =IF(E49=0, 0, _xlfn.XLOOKUP(BYT&"|"&"SV2", 'Vodoměry SV'!A2:A103&"|"&'Vodoměry SV'!C2:C103, 'Vodoměry SV'!F2:F103)) -> 0 | D49: =SUMIFS('Vodoměry SV'!G2:G103,'Vodoměry SV'!A2:A103,BYT,'Vodoměry SV'!C2:C103,"SV2") -> 0 | E49: =SUMIFS('Vodoměry SV'!H2:H103,'Vodoměry SV'!A2:A103,BYT,'Vodoměry SV'!C2:C103,"SV2") -> 0 | F49: =SUMIFS('Vodoměry SV'!I2:I103,'Vodoměry SV'!A2:A103,BYT,'Vodoměry SV'!C2:C103,"SV2") -> 0
A50: =IF(E50>0,"Teplá voda","") | B50: =K4 -> 1.1.2024 - 31.12.2024 | C50: =IF(E50=0, 0, _xlfn.XLOOKUP(BYT&"|"&"TUV2", 'Vodoměry TUV'!A2:A103&"|"&'Vodoměry TUV'!C2:C103, 'Vodoměry TUV'!F2:F103)) -> 0 | D50: =SUMIFS('Vodoměry TUV'!G2:G114,'Vodoměry TUV'!A2:A114,BYT,'Vodoměry TUV'!C2:C114,"TUV2") -> 0 | E50: =SUMIFS('Vodoměry TUV'!H2:H114,'Vodoměry TUV'!A2:A114,BYT,'Vodoměry TUV'!C2:C114,"TUV2") -> 0 | F50: =SUMIFS('Vodoměry TUV'!I2:I114,'Vodoměry TUV'!A2:A114,BYT,'Vodoměry TUV'!C2:C114,"TUV2") -> 0
A51: =IF(E51>0,"Studená voda","") | B51: =K4 -> 1.1.2024 - 31.12.2024 | C51: =IF(E51=0, 0, _xlfn.XLOOKUP(BYT&"|"&"SV3", 'Vodoměry SV'!A2:A103&"|"&'Vodoměry SV'!C2:C103, 'Vodoměry SV'!F2:F103)) -> 0 | D51: =SUMIFS('Vodoměry SV'!G2:G103,'Vodoměry SV'!A2:A103,BYT,'Vodoměry SV'!C2:C103,"SV3") -> 0 | E51: =SUMIFS('Vodoměry SV'!H2:H103,'Vodoměry SV'!A2:A103,BYT,'Vodoměry SV'!C2:C103,"SV3") -> 0 | F51: =SUMIFS('Vodoměry SV'!I2:I103,'Vodoměry SV'!A2:A103,BYT,'Vodoměry SV'!C2:C103,"SV3") -> 0
A52: =IF(E52>0,"Teplá voda","") | B52: =K4 -> 1.1.2024 - 31.12.2024 | C52: =IF(E52=0, 0, _xlfn.XLOOKUP(BYT&"|"&"TUV3", 'Vodoměry TUV'!A2:A103&"|"&'Vodoměry TUV'!C2:C103, 'Vodoměry TUV'!F2:F103)) -> 0 | D52: =SUMIFS('Vodoměry TUV'!G2:G114,'Vodoměry TUV'!A2:A114,BYT,'Vodoměry TUV'!C2:C114,"TUV3") -> 0 | E52: =SUMIFS('Vodoměry TUV'!H2:H114,'Vodoměry TUV'!A2:A114,BYT,'Vodoměry TUV'!C2:C114,"TUV3") -> 0 | F52: =SUMIFS('Vodoměry TUV'!I2:I114,'Vodoměry TUV'!A2:A114,BYT,'Vodoměry TUV'!C2:C114,"TUV3") -> 0
A53: =IF(E53>0,"Teplo","") | B53: =K4 -> 1.1.2024 - 31.12.2024 | C53: =VLOOKUP(BYT,Teplo!1:1048576,6,1) -> 0 | D53: =SUMIFS(Teplo!G2:G114,Teplo!A2:A114,BYT,Teplo!C2:C114,"Teplo") -> 0 | E53: =SUMIFS(Teplo!H2:H114,Teplo!A2:A114,BYT,Teplo!C2:C114,"Teplo") -> 0 | F53: =SUMIFS(Teplo!I2:I114,Teplo!A2:A114,BYT,Teplo!C2:C114,"Teplo") -> 0
A54: =IF(E54>0,"Elektro","") | B54: =K4 -> 1.1.2024 - 31.12.2024 | C54: =VLOOKUP(BYT,Elektroměry!1:1048576,6,1) -> 0 | D54: =SUMIFS(Elektroměry!G3:G115,Elektroměry!A3:A115,BYT,Elektroměry!C3:C115,"Elektroměr") -> 0 | E54: =SUMIFS(Elektroměry!H3:H115,Elektroměry!A3:A115,BYT,Elektroměry!C3:C115,"Elektroměr") -> 0 | F54: =SUMIFS(Elektroměry!I3:I115,Elektroměry!A3:A115,BYT,Elektroměry!C3:C115,"Elektroměr") -> 0
A55: =IF(E55>0,"Elektroměr VT","") | B55: =K4 -> 1.1.2024 - 31.12.2024 | C55: =IF(E55=0,0,_xlfn.XLOOKUP(BYT&"|"&"Elektroměr NT", Elektroměry!A2:A103&"|"&Elektroměry!C2:C103, Elektroměry!F2:F103)) -> 0 | D55: =SUMIFS(Elektroměry!G2:G115,Elektroměry!A2:A115,BYT,Elektroměry!C2:C115,"Elektroměr VT") -> 0 | E55: =SUMIFS(Elektroměry!H2:H115,Elektroměry!A2:A115,BYT,Elektroměry!C2:C115,"Elektroměr VT") -> 0 | F55: =SUMIFS(Elektroměry!I2:I115,Elektroměry!A2:A115,BYT,Elektroměry!C2:C115,"Elektroměr VT")+G55 -> 0
A56: =IF(E56>0,"Elektroměr NT","") | B56: =K4 -> 1.1.2024 - 31.12.2024 | C56: =IF(E56=0,0,_xlfn.XLOOKUP(BYT&"|"&"Elektroměr VT", Elektroměry!A2:A103&"|"&Elektroměry!C2:C103, Elektroměry!F2:F103)) -> 0 | D56: =SUMIFS(Elektroměry!G2:G115,Elektroměry!A2:A115,BYT,Elektroměry!C2:C115,"Elektroměr NT") -> 0 | E56: =SUMIFS(Elektroměry!H2:H115,Elektroměry!A2:A115,BYT,Elektroměry!C2:C115,"Elektroměr NT") -> 0 | F56: =SUMIFS(Elektroměry!I2:I115,Elektroměry!A2:A115,BYT,Elektroměry!C2:C115,"Elektroměr NT") -> 0
A57: =IF(E57>0,"Studená voda","") | B57: =K4 -> 1.1.2024 - 31.12.2024 | C57: =IF(E57=0,0,_xlfn.XLOOKUP(BYT&"|"&"SV4", 'Vodoměry SV'!A2:A103&"|"&'Vodoměry SV'!C2:C103, 'Vodoměry SV'!F2:F103)) -> 0 | D57: =SUMIFS('Vodoměry SV'!G2:G103,'Vodoměry SV'!A2:A103,BYT,'Vodoměry SV'!C2:C103,"SV4") -> 0 | E57: =SUMIFS('Vodoměry SV'!H2:H103,'Vodoměry SV'!A2:A103,BYT,'Vodoměry SV'!C2:C103,"SV4") -> 0 | F57: =SUMIFS('Vodoměry SV'!I2:I103,'Vodoměry SV'!A2:A103,BYT,'Vodoměry SV'!C2:C103,"SV4") -> 0
A58: =IF(E58>0,"Studená voda","") | B58: =K4 -> 1.1.2024 - 31.12.2024 | C58: =IF(E58=0,0,_xlfn.XLOOKUP(BYT&"|"&"SV5", 'Vodoměry SV'!A2:A103&"|"&'Vodoměry SV'!C2:C103, 'Vodoměry SV'!F2:F103)) -> 0 | D58: =SUMIFS('Vodoměry SV'!G2:G103,'Vodoměry SV'!A2:A103,BYT,'Vodoměry SV'!C2:C103,"SV5") -> 0 | E58: =SUMIFS('Vodoměry SV'!H2:H103,'Vodoměry SV'!A2:A103,BYT,'Vodoměry SV'!C2:C103,"SV5") -> 0 | F58: =SUMIFS('Vodoměry SV'!I2:I103,'Vodoměry SV'!A2:A103,BYT,'Vodoměry SV'!C2:C103,"SV5") -> 0
A60: =("Jednotková cena za m3 vody činila v roce "&'vstupní data'!B12&" dle ceníku BVaK "&'vstupní data'!B13&" Kč. Hodnota uvedená ve vyúčtování již zahrnuje rozdíl mezi náměrem hlavního a součtem náměrů poměrových vodoměrů.") -> Jednotková cena za m3 vody činila v roce 2024 dle ceníku BVaK 105,53 Kč. Hodnota uvedená ve vyúčtování již zahrnuje rozdíl mezi náměrem hlavního a součtem náměrů poměrových vodoměrů.
A61: ='vstupní data'!B33 -> Případné reklamace uplatněte výhradně písemnou (elektronickou) formou na adrese správce (viz záhlaví) nejpozději do 30 dní od doručení vyúčtování včetně případné změny Vašeho osobního účtu pro vyplacení přeplatku.
A62: ='vstupní data'!B32 -> Přeplatky a nedoplatky z vyúčtování jsou splatné nejpozději do 7 (sedmi) měsíců od skončení zúčtovacího období.
A63: ="Datum: " & TEXT(TODAY(), "dd.mm.rrrr") -> Datum: 28.11.2025 | E63: =IF('vstupní data'!B34="AdminReal, s.r.o.", "info@adminreal.cz | mobil: 607 959 876", "info@brnoreal.cz | mobil: 607 959 876") -> info@adminreal.cz | mobil: 607 959 876 | J63: =IF('vstupní data'!B34="AdminReal, s.r.o.", "www.adminreal.cz | www.onlinesprava.cz", "www.brnoreal.cz | www.onlinesprava.cz") -> www.adminreal.cz | www.onlinesprava.cz

Sheet vstupní data
A1: Vstupní data
E2: Vysvětlivky polí(adres)
A3: Název - Bytový dům | B3: =C3 -> Společenství pro dům Zborovská 939/2, Brno | C3: Společenství pro dům Zborovská 939/2, Brno | D3: Zborovská 939/2, Žabovřesky, 616 00 Brno | E3: vp_ - vyhledávací pole - následuje jméno listu kde je
A4: Jednotka | B4: =Evidence!A2 -> Byt č. 939/01 | C4: =SUBSTITUTE(SUBSTITUTE(SUBSTITUTE(BYT," ","-"),"---","-"),"/","") -> Byt-č.-93901 | E4: VD_ vstupní dat, na začátku vždy zkratka listu
A5: Jméno | B5: =VLOOKUP(BYT,Evidence!$A:$Z,2,0) -> Martin Klíma | C5: =IF(D5="paní","Vážená","Vážený") -> Vážený | D5: =(IF(RIGHT(B5,1)="á","paní","pane")) -> pane | E5: =LEFT(VD_jméno,FIND(" ",B5)-1) -> Martin | F5: =TRIM(RIGHT(SUBSTITUTE(VD_jméno," ",REPT(" ",100)),100)) -> Klíma
A6: Variabilní symbol | B6: =VLOOKUP(BYT,Evidence!1:1048576,22,0) -> 1093900019 | C6: *vs je s devitkami na konci kvuli platbe
A7: bankovní spojení (účet) vlastníka bytu | B7: =VLOOKUP(BYT,Evidence!$A:$Z,11,0) -> 8308679001/5500 | L7: Úhrada dle delky vlastnictví | P7: Předpisy | R7: FO
A8: vyúčtovací období | B8: ="1.1."&'vstupní data'!$B$12&" - 1.12."&'vstupní data'!$B$12&"" -> 1.1.2024 - 1.12.2024 | F8: Platby záloh | H8: Předpis záloh | J8: Rozdíl | L8: Datum pro vypočet | M8: =VLOOKUP(BYT,Evidence!$A:$T,16,1) -> 1.1.2024 | N8: =VLOOKUP(BYT,Evidence!$A:$T,17,1) -> 31.12.2024
A9: Výsledek vyúčtování | F9: OD | G9: DO zbytek roku | H9: OD | I9: DO zbytek roku | J9: OD | K9: DO | L9: Převod na číslo sloupce | M9: =MONTH(M8) -> 1 | N9: =MONTH(N8) -> 12 | O9: 12 | P9: vzorec na změnu měsíců dle vlastnictví
A10: Přeplatek/nedoplatek z minulého období | B10: =VLOOKUP(BYT,'Přeplatky nedoplatky'!$A:$E,5,0) -> 0 | F10: =ADDRESS(MATCH('vstupní data'!$B$4,uhrady!A:A,0),2,4,1) -> B2 | G10: =ADDRESS((MATCH('vstupní data'!$B$4,uhrady!A:A,0)),(MATCH($B$15,'Předpis po mesici'!$B$2:$M$2,0)+1),4) -> M2 | H10: =ADDRESS(MATCH('vstupní data'!$B$4,'Předpis po mesici'!A:A,0),262,4,1) -> JB3 | I10: =ADDRESS((MATCH('vstupní data'!$B$4,'Předpis po mesici'!A:A,0)),(MATCH($B$15,'Předpis po mesici'!$JC$2:$JN$2,0)+262),4) -> JN3 | J10: =F11-H11 -> 0 | K10: =G11-I11 -> 0 | L10: Převod na písmeno sloupce | M10: =SUBSTITUTE(ADDRESS(1,M9+1,4),"1","") -> B | N10: =SUBSTITUTE(ADDRESS(1,N9+1,4),"1","") -> M | P10: =SUBSTITUTE(ADDRESS(1,M9+262,4),"1","") -> JC | Q10: =SUBSTITUTE(ADDRESS(1,N9+262,4),"1","") -> JN | R10: =SUBSTITUTE(ADDRESS(1,M9+79,4),"1","") -> CB | S10: =SUBSTITUTE(ADDRESS(1,N9+79,4),"1","") -> CM
A11: Přeplatky/nedoplatky v aktuálním roce | B11: =SUM(N19:N30)-SUM(Q19:Q30) -> 0 | C11: ='Vyúčtování byt - 1.část'!VB_preplatky_celkem -> -2453 | D11: =SUM(VD_přeplatek_z_minula+VD_přeplatek_aktuální_rok+C11) -> -2453 | F11: =_xlfn.IFNA(SUM(INDIRECT("'uhrady'!"&F10&":"&G10)),0) -> 45756 | G11: =LOOKUP(B4,uhrady!A:A,uhrady!N:N)-F11 -> 0 | H11: =_xlfn.IFNA(SUM(INDIRECT("'Předpis po mesici'!"&H10&":"&I10)),0) -> 45756 | I11: =LOOKUP(B4,'Předpis po mesici'!A:A,'Předpis po mesici'!JO:JO)-H11 -> 0 | L11: Pořet měsíců-pro kontrolu | M11: =N9-M9+1 -> 12
A12: Za rok | B12: 2024 | F12: Platba FO | L12: Řádek vybraneho bytu | M12: ="uhrady!"&ADDRESS(MATCH(BYT,uhrady!A:A,0),2,4,1) -> uhrady!B2 | N12: =ROW(INDIRECT(M12)) -> 2 | P12: ="'Předpis po mesici'!"&ADDRESS(MATCH(BYT,'Předpis po mesici'!A:A,0),2,4,1) -> 'Předpis po mesici'!B3 | Q12: =ROW(INDIRECT(P12)) -> 3 | R12: ="'Předpis po mesici'!"&ADDRESS(MATCH(BYT,'Předpis po mesici'!A:A,0),2,4,1) -> 'Předpis po mesici'!B3 | S12: =ROW(INDIRECT(R12)) -> 3
A13: Cena BVak | B13: 105,53 | F13: =ADDRESS(MATCH('vstupní data'!$B$4,'Předpis po mesici'!A:A,0),80,4,1) -> CB3 | G13: =ADDRESS((MATCH('vstupní data'!$B$4,'Předpis po mesici'!A:A,0)),(MATCH($B$15,'Předpis po mesici'!$B$2:$M$2,0)+79),4) -> CM3
C14: Zbylé měsíce | D14: Čas | F14: =_xlfn.IFNA(SUM(INDIRECT("'Předpis po mesici'!"&F13&":"&G13)),0) -> 31956 | G14: =LOOKUP(B4,'Předpis po mesici'!A:A,'Předpis po mesici'!CN:CN)-F14 -> 0 | L14: Adresa bunek pro součet | M14: =M10&$N12 -> B2 | N14: =N10&$N12 -> M2 | P14: =P10&$Q12 -> JC3 | Q14: =Q10&$Q12 -> JN3 | R14: =R10&$S12 -> CB3 | S14: =S10&$S12 -> CM3
A15: Počet měsíců (užíváno majitelem) | B15: =M11 -> 12 | C15: =12-B15 -> 0 | D15: první část roku | L15: Finální adresa pro součet | M15: ="uhrady!"&_xlfn.CONCAT(M14,":",N14) -> uhrady!B2:M2 | P15: ="'Předpis po mesici'!"&_xlfn.CONCAT(P14,":",Q14) -> 'Předpis po mesici'!JC3:JN3 | R15: ="'Předpis po mesici'!"&_xlfn.CONCAT(R14,":",S14) -> 'Předpis po mesici'!CB3:CM3
C16: První část roku | F16: Druhá část roku
A17: Počet jednotek | B17: 19 | C17: ="1.1."&'vstupní data'!B12&"" -> 1.1.2024 | D17: =EDATE(C17,B15)-1 -> 45657 | E17: =(""&'vstupní data'!C18&" - "&'vstupní data'!D18&"") -> 1.1.2024 - 31.12.2024 | F17: =EDATE(C17,B15) -> 45658 | G17: =EDATE(D17,C15) -> 45657 | H17: =(""&'vstupní data'!F18&" - "&'vstupní data'!G18&"") -> 1.1.2025 - 31.12.2024 | L17: Finání součet | M17: =SUM(INDIRECT(M15)) -> 45756 | P17: =SUM(INDIRECT(P15)) -> 45756 | R17: =SUM(INDIRECT(R15)) -> 31956
A18: Užitná plocha domu - celková | B18: 943 | C18: =""&TEXT(C17,"d.m.rrrr") -> 1.1.2024 | D18: =""&TEXT(D17,"d.m.rrrr") -> 31.12.2024 | F18: =""&TEXT(F17,"d.m.rrrr") -> 1.1.2025 | G18: =""&TEXT(G17,"d.m.rrrr") -> 31.12.2024 | M18: Úhrady | P18: Měsíc | Q18: Předpisy celkem | R18: Měsíc | S18: =("Služby "&'vstupní data'!B4&"") -> Služby Byt č. 939/01
A19: Užitná plocha domu - započitatelná | B19: 0 | L19: Platby jednotlivě | M19: 1 | N19: =IF(AND(M19>=$M$9,M19<=$O$9),VLOOKUP(BYT,uhrady!$A$2:$M$102,M19+1,FALSE),0) -> 3813 | P19: 1 | Q19: =IF(AND(P19>=$M$9,P19<=$O$9),VLOOKUP(BYT,'Předpis po mesici'!$A$3:$JQ$102,P19+262,FALSE),0) -> 3813 | R19: 1 | S19: =IF(AND(P19>=$M$9,P19<=$N$9),VLOOKUP(BYT,'Předpis po mesici'!$A$3:$JQ$102,P19+79,FALSE),0) -> 2663 | T19: =IF(AND(P19>=$M$9,P19<=$N$9),VLOOKUP(BYT,'Předpis po mesici'!$A$3:$JQ$102,P19+1,FALSE),0) -> 45 | U19: =IF(AND(P19>=$M$9,P19<=$N$9),VLOOKUP(BYT,'Předpis po mesici'!$A$3:$JQ$102,P19+14,FALSE),0) -> 250 | V19: =IF(AND(P19>=$M$9,P19<=$N$9),VLOOKUP(BYT,'Předpis po mesici'!$A$3:$JQ$102,P19+27,FALSE),0) -> 45 | W19: =IF(AND(P19>=$M$9,P19<=$N$9),VLOOKUP(BYT,'Předpis po mesici'!$A$3:$JQ$102,P19+40,FALSE),0) -> 0 | X19: =IF(AND(P19>=$M$9,P19<=$N$9),VLOOKUP(BYT,'Předpis po mesici'!$A$3:$JQ$102,P19+53,FALSE),0) -> 690 | Y19: =IF(AND(P19>=$M$9,P19<=$N$9),VLOOKUP(BYT,'Předpis po mesici'!$A$3:$JQ$102,P19+66,FALSE),0) -> 120 | Z19: =IF(AND(P19>=$M$9,P19<=$N$9),VLOOKUP(BYT,'Předpis po mesici'!$A$3:$JQ$102,P19+92,FALSE),0) -> 0 | AA19: =IF(AND(P19>=$M$9,P19<=$N$9),VLOOKUP(BYT,'Předpis po mesici'!$A$3:$JQ$102,P19+105,FALSE),0) -> 0 | AB19: =IF(AND(P19>=$M$9,P19<=$N$9),VLOOKUP(BYT,'Předpis po mesici'!$A$3:$JQ$102,P19+118,FALSE),0) -> 0 | AC19: =IF(AND(P19>=$M$9,P19<=$N$9),VLOOKUP(BYT,'Předpis po mesici'!$A$3:$JQ$102,P19+131,FALSE),0) -> 0 | AD19: =IF(AND(P19>=$M$9,P19<=$N$9),VLOOKUP(BYT,'Předpis po mesici'!$A$3:$JQ$102,P19+170,FALSE),0) -> 0 | AE19: =IF(AND(P19>=$M$9,P19<=$N$9),VLOOKUP(BYT,'Předpis po mesici'!$A$3:$JQ$102,P19+183,FALSE),0) -> 0 | AF19: =IF(AND(P19>=$M$9,P19<=$N$9),VLOOKUP(BYT,'Předpis po mesici'!$A$3:$JQ$102,P19+196,FALSE),0) -> 0 | AG19: =IF(AND(P19>=$M$9,P19<=$N$9),VLOOKUP(BYT,'Předpis po mesici'!$A$3:$JQ$102,P19+209,FALSE),0) -> 0 | AH19: =IF(AND(P19>=$M$9,P19<=$N$9),VLOOKUP(BYT,'Předpis po mesici'!$A$3:$JQ$102,P19+222,FALSE),0) -> 0 | AI19: =IF(AND(P19>=$M$9,P19<=$N$9),VLOOKUP(BYT,'Předpis po mesici'!$A$3:$JQ$102,P19+157,FALSE),0) -> 0 | AJ19: =IF(AND(P19>=$M$9,P19<=$N$9),VLOOKUP(BYT,'Počet osob'!$A$2:$JR$102,P19+2,FALSE),0) -> 4 | AK19: =IF(AND(P19>=$M$9,P19<=$N$9),VLOOKUP(BYT,'Předpis po mesici'!$A$3:$JQ$102,P19+144,FALSE),0) -> 0 | AL19: =IF(AND(P19>=$M$9,P19<=$N$9),VLOOKUP(BYT,'Předpis po mesici'!$A$3:$JQ$102,P19+248,FALSE),0) -> 0 | AM19: =IF(AND(P19>=$M$9,P19<=$N$9),VLOOKUP(BYT,'Předpis po mesici'!$A$3:$JQ$102,P19+235,FALSE),0) -> 0 | AN19: =IF(AND(P19>=$M$9,P19<=$N$9),VLOOKUP(BYT,'Předpis po mesici'!$A$3:$JQ$102,P19+235,FALSE),0) -> 0
A20: Počet komínů | B20: =Evidence!F104 -> 14 | M20: 2 | N20: =IF(AND(M20>=$M$9,M20<=$O$9),VLOOKUP(BYT,uhrady!$A$2:$M$102,M20+1,FALSE),0) -> 0 | P20: 2 | Q20: =IF(AND(P20>=$M$9,P20<=$O$9),VLOOKUP(BYT,'Předpis po mesici'!$A$3:$JQ$102,P20+262,FALSE),0) -> 3813 | R20: 2 | S20: =IF(AND(P20>=$M$9,P20<=$N$9),VLOOKUP(BYT,'Předpis po mesici'!$A$3:$JQ$102,P20+79,FALSE),0) -> 2663 | T20: =IF(AND(P20>=$M$9,P20<=$N$9),VLOOKUP(BYT,'Předpis po mesici'!$A$3:$JQ$102,P20+1,FALSE),0) -> 45 | U20: =IF(AND(P20>=$M$9,P20<=$N$9),VLOOKUP(BYT,'Předpis po mesici'!$A$3:$JQ$102,P20+14,FALSE),0) -> 250 | V20: =IF(AND(P20>=$M$9,P20<=$N$9),VLOOKUP(BYT,'Předpis po mesici'!$A$3:$JQ$102,P20+27,FALSE),0) -> 45 | W20: =IF(AND(P20>=$M$9,P20<=$N$9),VLOOKUP(BYT,'Předpis po mesici'!$A$3:$JQ$102,P20+40,FALSE),0) -> 0 | X20: =IF(AND(P20>=$M$9,P20<=$N$9),VLOOKUP(BYT,'Předpis po mesici'!$A$3:$JQ$102,P20+53,FALSE),0) -> 690 | Y20: =IF(AND(P20>=$M$9,P20<=$N$9),VLOOKUP(BYT,'Předpis po mesici'!$A$3:$JQ$102,P20+66,FALSE),0) -> 120 | Z20: =IF(AND(P20>=$M$9,P20<=$N$9),VLOOKUP(BYT,'Předpis po mesici'!$A$3:$JQ$102,P20+92,FALSE),0) -> 0 | AA20: =IF(AND(P20>=$M$9,P20<=$N$9),VLOOKUP(BYT,'Předpis po mesici'!$A$3:$JQ$102,P20+105,FALSE),0) -> 0 | AB20: =IF(AND(P20>=$M$9,P20<=$N$9),VLOOKUP(BYT,'Předpis po mesici'!$A$3:$JQ$102,P20+118,FALSE),0) -> 0 | AC20: =IF(AND(P20>=$M$9,P20<=$N$9),VLOOKUP(BYT,'Předpis po mesici'!$A$3:$JQ$102,P20+131,FALSE),0) -> 0 | AD20: =IF(AND(P20>=$M$9,P20<=$N$9),VLOOKUP(BYT,'Předpis po mesici'!$A$3:$JQ$102,P20+170,FALSE),0) -> 0 | AE20: =IF(AND(P20>=$M$9,P20<=$N$9),VLOOKUP(BYT,'Předpis po mesici'!$A$3:$JQ$102,P20+183,FALSE),0) -> 0 | AF20: =IF(AND(P20>=$M$9,P20<=$N$9),VLOOKUP(BYT,'Předpis po mesici'!$A$3:$JQ$102,P20+196,FALSE),0) -> 0 | AG20: =IF(AND(P20>=$M$9,P20<=$N$9),VLOOKUP(BYT,'Předpis po mesici'!$A$3:$JQ$102,P20+209,FALSE),0) -> 0 | AH20: =IF(AND(P20>=$M$9,P20<=$N$9),VLOOKUP(BYT,'Předpis po mesici'!$A$3:$JQ$102,P20+222,FALSE),0) -> 0 | AI20: =IF(AND(P20>=$M$9,P20<=$N$9),VLOOKUP(BYT,'Předpis po mesici'!$A$3:$JQ$102,P20+157,FALSE),0) -> 0 | AJ20: =IF(AND(P20>=$M$9,P20<=$N$9),VLOOKUP(BYT,'Počet osob'!$A$2:$JR$102,P20+2,FALSE),0) -> 4 | AK20: =IF(AND(P20>=$M$9,P20<=$N$9),VLOOKUP(BYT,'Předpis po mesici'!$A$3:$JQ$102,P20+144,FALSE),0) -> 0 | AL20: =IF(AND(P20>=$M$9,P20<=$N$9),VLOOKUP(BYT,'Předpis po mesici'!$A$3:$JQ$102,P20+248,FALSE),0) -> 0 | AM20: =IF(AND(P20>=$M$9,P20<=$N$9),VLOOKUP(BYT,'Předpis po mesici'!$A$3:$JQ$102,P20+235,FALSE),0) -> 0 | AN20: =IF(AND(P20>=$M$9,P20<=$N$9),VLOOKUP(BYT,'Předpis po mesici'!$A$3:$JQ$102,P20+235,FALSE),0) -> 0
A21: Počet osob (celkem/výtah) | B21: ='Počet osob'!O104 -> 439 | C21: ='Počet osob'!P104 -> 307 | M21: 3 | N21: =IF(AND(M21>=$M$9,M21<=$O$9),VLOOKUP(BYT,uhrady!$A$2:$M$102,M21+1,FALSE),0) -> 7626 | P21: 3 | Q21: =IF(AND(P21>=$M$9,P21<=$O$9),VLOOKUP(BYT,'Předpis po mesici'!$A$3:$JQ$102,P21+262,FALSE),0) -> 3813 | R21: 3 | S21: =IF(AND(P21>=$M$9,P21<=$N$9),VLOOKUP(BYT,'Předpis po mesici'!$A$3:$JQ$102,P21+79,FALSE),0) -> 2663 | T21: =IF(AND(P21>=$M$9,P21<=$N$9),VLOOKUP(BYT,'Předpis po mesici'!$A$3:$JQ$102,P21+1,FALSE),0) -> 45 | U21: =IF(AND(P21>=$M$9,P21<=$N$9),VLOOKUP(BYT,'Předpis po mesici'!$A$3:$JQ$102,P21+14,FALSE),0) -> 250 | V21: =IF(AND(P21>=$M$9,P21<=$N$9),VLOOKUP(BYT,'Předpis po mesici'!$A$3:$JQ$102,P21+27,FALSE),0) -> 45 | W21: =IF(AND(P21>=$M$9,P21<=$N$9),VLOOKUP(BYT,'Předpis po mesici'!$A$3:$JQ$102,P21+40,FALSE),0) -> 0 | X21: =IF(AND(P21>=$M$9,P21<=$N$9),VLOOKUP(BYT,'Předpis po mesici'!$A$3:$JQ$102,P21+53,FALSE),0) -> 690 | Y21: =IF(AND(P21>=$M$9,P21<=$N$9),VLOOKUP(BYT,'Předpis po mesici'!$A$3:$JQ$102,P21+66,FALSE),0) -> 120 | Z21: =IF(AND(P21>=$M$9,P21<=$N$9),VLOOKUP(BYT,'Předpis po mesici'!$A$3:$JQ$102,P21+92,FALSE),0) -> 0 | AA21: =IF(AND(P21>=$M$9,P21<=$N$9),VLOOKUP(BYT,'Předpis po mesici'!$A$3:$JQ$102,P21+105,FALSE),0) -> 0 | AB21: =IF(AND(P21>=$M$9,P21<=$N$9),VLOOKUP(BYT,'Předpis po mesici'!$A$3:$JQ$102,P21+118,FALSE),0) -> 0 | AC21: =IF(AND(P21>=$M$9,P21<=$N$9),VLOOKUP(BYT,'Předpis po mesici'!$A$3:$JQ$102,P21+131,FALSE),0) -> 0 | AD21: =IF(AND(P21>=$M$9,P21<=$N$9),VLOOKUP(BYT,'Předpis po mesici'!$A$3:$JQ$102,P21+170,FALSE),0) -> 0 | AE21: =IF(AND(P21>=$M$9,P21<=$N$9),VLOOKUP(BYT,'Předpis po mesici'!$A$3:$JQ$102,P21+183,FALSE),0) -> 0 | AF21: =IF(AND(P21>=$M$9,P21<=$N$9),VLOOKUP(BYT,'Předpis po mesici'!$A$3:$JQ$102,P21+196,FALSE),0) -> 0 | AG21: =IF(AND(P21>=$M$9,P21<=$N$9),VLOOKUP(BYT,'Předpis po mesici'!$A$3:$JQ$102,P21+209,FALSE),0) -> 0 | AH21: =IF(AND(P21>=$M$9,P21<=$N$9),VLOOKUP(BYT,'Předpis po mesici'!$A$3:$JQ$102,P21+222,FALSE),0) -> 0 | AI21: =IF(AND(P21>=$M$9,P21<=$N$9),VLOOKUP(BYT,'Předpis po mesici'!$A$3:$JQ$102,P21+157,FALSE),0) -> 0 | AJ21: =IF(AND(P21>=$M$9,P21<=$N$9),VLOOKUP(BYT,'Počet osob'!$A$2:$JR$102,P21+2,FALSE),0) -> 4 | AK21: =IF(AND(P21>=$M$9,P21<=$N$9),VLOOKUP(BYT,'Předpis po mesici'!$A$3:$JQ$102,P21+144,FALSE),0) -> 0 | AL21: =IF(AND(P21>=$M$9,P21<=$N$9),VLOOKUP(BYT,'Předpis po mesici'!$A$3:$JQ$102,P21+248,FALSE),0) -> 0 | AM21: =IF(AND(P21>=$M$9,P21<=$N$9),VLOOKUP(BYT,'Předpis po mesici'!$A$3:$JQ$102,P21+235,FALSE),0) -> 0 | AN21: =IF(AND(P21>=$M$9,P21<=$N$9),VLOOKUP(BYT,'Předpis po mesici'!$A$3:$JQ$102,P21+235,FALSE),0) -> 0
A22: číslo účtu společenství | B22: =B35 -> 2100704207/2010 | C22: =IF(VLOOKUP(DŮM,'Bytové domy'!$A:$J,8,FALSE)="","",(VLOOKUP(DŮM,'Bytové domy'!$A:$J,8,FALSE))) | D22: =VLOOKUP(DŮM,'Bytové domy'!$A:$J,9,0) -> 2100704207 | E22: =VLOOKUP(DŮM,'Bytové domy'!$A:$J,10,0) -> 2010 | M22: 4 | N22: =IF(AND(M22>=$M$9,M22<=$O$9),VLOOKUP(BYT,uhrady!$A$2:$M$102,M22+1,FALSE),0) -> 3813 | P22: 4 | Q22: =IF(AND(P22>=$M$9,P22<=$O$9),VLOOKUP(BYT,'Předpis po mesici'!$A$3:$JQ$102,P22+262,FALSE),0) -> 3813 | R22: 4 | S22: =IF(AND(P22>=$M$9,P22<=$N$9),VLOOKUP(BYT,'Předpis po mesici'!$A$3:$JQ$102,P22+79,FALSE),0) -> 2663 | T22: =IF(AND(P22>=$M$9,P22<=$N$9),VLOOKUP(BYT,'Předpis po mesici'!$A$3:$JQ$102,P22+1,FALSE),0) -> 45 | U22: =IF(AND(P22>=$M$9,P22<=$N$9),VLOOKUP(BYT,'Předpis po mesici'!$A$3:$JQ$102,P22+14,FALSE),0) -> 250 | V22: =IF(AND(P22>=$M$9,P22<=$N$9),VLOOKUP(BYT,'Předpis po mesici'!$A$3:$JQ$102,P22+27,FALSE),0) -> 45 | W22: =IF(AND(P22>=$M$9,P22<=$N$9),VLOOKUP(BYT,'Předpis po mesici'!$A$3:$JQ$102,P22+40,FALSE),0) -> 0 | X22: =IF(AND(P22>=$M$9,P22<=$N$9),VLOOKUP(BYT,'Předpis po mesici'!$A$3:$JQ$102,P22+53,FALSE),0) -> 690 | Y22: =IF(AND(P22>=$M$9,P22<=$N$9),VLOOKUP(BYT,'Předpis po mesici'!$A$3:$JQ$102,P22+66,FALSE),0) -> 120 | Z22: =IF(AND(P22>=$M$9,P22<=$N$9),VLOOKUP(BYT,'Předpis po mesici'!$A$3:$JQ$102,P22+92,FALSE),0) -> 0 | AA22: =IF(AND(P22>=$M$9,P22<=$N$9),VLOOKUP(BYT,'Předpis po mesici'!$A$3:$JQ$102,P22+105,FALSE),0) -> 0 | AB22: =IF(AND(P22>=$M$9,P22<=$N$9),VLOOKUP(BYT,'Předpis po mesici'!$A$3:$JQ$102,P22+118,FALSE),0) -> 0 | AC22: =IF(AND(P22>=$M$9,P22<=$N$9),VLOOKUP(BYT,'Předpis po mesici'!$A$3:$JQ$102,P22+131,FALSE),0) -> 0 | AD22: =IF(AND(P22>=$M$9,P22<=$N$9),VLOOKUP(BYT,'Předpis po mesici'!$A$3:$JQ$102,P22+170,FALSE),0) -> 0 | AE22: =IF(AND(P22>=$M$9,P22<=$N$9),VLOOKUP(BYT,'Předpis po mesici'!$A$3:$JQ$102,P22+183,FALSE),0) -> 0 | AF22: =IF(AND(P22>=$M$9,P22<=$N$9),VLOOKUP(BYT,'Předpis po mesici'!$A$3:$JQ$102,P22+196,FALSE),0) -> 0 | AG22: =IF(AND(P22>=$M$9,P22<=$N$9),VLOOKUP(BYT,'Předpis po mesici'!$A$3:$JQ$102,P22+209,FALSE),0) -> 0 | AH22: =IF(AND(P22>=$M$9,P22<=$N$9),VLOOKUP(BYT,'Předpis po mesici'!$A$3:$JQ$102,P22+222,FALSE),0) -> 0 | AI22: =IF(AND(P22>=$M$9,P22<=$N$9),VLOOKUP(BYT,'Předpis po mesici'!$A$3:$JQ$102,P22+157,FALSE),0) -> 0 | AJ22: =IF(AND(P22>=$M$9,P22<=$N$9),VLOOKUP(BYT,'Počet osob'!$A$2:$JR$102,P22+2,FALSE),0) -> 4 | AK22: =IF(AND(P22>=$M$9,P22<=$N$9),VLOOKUP(BYT,'Předpis po mesici'!$A$3:$JQ$102,P22+144,FALSE),0) -> 0 | AL22: =IF(AND(P22>=$M$9,P22<=$N$9),VLOOKUP(BYT,'Předpis po mesici'!$A$3:$JQ$102,P22+248,FALSE),0) -> 0 | AM22: =IF(AND(P22>=$M$9,P22<=$N$9),VLOOKUP(BYT,'Předpis po mesici'!$A$3:$JQ$102,P22+235,FALSE),0) -> 0 | AN22: =IF(AND(P22>=$M$9,P22<=$N$9),VLOOKUP(BYT,'Předpis po mesici'!$A$3:$JQ$102,P22+235,FALSE),0) -> 0
A23: odečet SV vody za daný rok | B23: =SUMIFS('Vodoměry SV'!I2:I103,'Vodoměry SV'!A2:A103,BYT) -> 0 | M23: 5 | N23: =IF(AND(M23>=$M$9,M23<=$O$9),VLOOKUP(BYT,uhrady!$A$2:$M$102,M23+1,FALSE),0) -> 0 | P23: 5 | Q23: =IF(AND(P23>=$M$9,P23<=$O$9),VLOOKUP(BYT,'Předpis po mesici'!$A$3:$JQ$102,P23+262,FALSE),0) -> 3813 | R23: 5 | S23: =IF(AND(P23>=$M$9,P23<=$N$9),VLOOKUP(BYT,'Předpis po mesici'!$A$3:$JQ$102,P23+79,FALSE),0) -> 2663 | T23: =IF(AND(P23>=$M$9,P23<=$N$9),VLOOKUP(BYT,'Předpis po mesici'!$A$3:$JQ$102,P23+1,FALSE),0) -> 45 | U23: =IF(AND(P23>=$M$9,P23<=$N$9),VLOOKUP(BYT,'Předpis po mesici'!$A$3:$JQ$102,P23+14,FALSE),0) -> 250 | V23: =IF(AND(P23>=$M$9,P23<=$N$9),VLOOKUP(BYT,'Předpis po mesici'!$A$3:$JQ$102,P23+27,FALSE),0) -> 45 | W23: =IF(AND(P23>=$M$9,P23<=$N$9),VLOOKUP(BYT,'Předpis po mesici'!$A$3:$JQ$102,P23+40,FALSE),0) -> 0 | X23: =IF(AND(P23>=$M$9,P23<=$N$9),VLOOKUP(BYT,'Předpis po mesici'!$A$3:$JQ$102,P23+53,FALSE),0) -> 690 | Y23: =IF(AND(P23>=$M$9,P23<=$N$9),VLOOKUP(BYT,'Předpis po mesici'!$A$3:$JQ$102,P23+66,FALSE),0) -> 120 | Z23: =IF(AND(P23>=$M$9,P23<=$N$9),VLOOKUP(BYT,'Předpis po mesici'!$A$3:$JQ$102,P23+92,FALSE),0) -> 0 | AA23: =IF(AND(P23>=$M$9,P23<=$N$9),VLOOKUP(BYT,'Předpis po mesici'!$A$3:$JQ$102,P23+105,FALSE),0) -> 0 | AB23: =IF(AND(P23>=$M$9,P23<=$N$9),VLOOKUP(BYT,'Předpis po mesici'!$A$3:$JQ$102,P23+118,FALSE),0) -> 0 | AC23: =IF(AND(P23>=$M$9,P23<=$N$9),VLOOKUP(BYT,'Předpis po mesici'!$A$3:$JQ$102,P23+131,FALSE),0) -> 0 | AD23: =IF(AND(P23>=$M$9,P23<=$N$9),VLOOKUP(BYT,'Předpis po mesici'!$A$3:$JQ$102,P23+170,FALSE),0) -> 0 | AE23: =IF(AND(P23>=$M$9,P23<=$N$9),VLOOKUP(BYT,'Předpis po mesici'!$A$3:$JQ$102,P23+183,FALSE),0) -> 0 | AF23: =IF(AND(P23>=$M$9,P23<=$N$9),VLOOKUP(BYT,'Předpis po mesici'!$A$3:$JQ$102,P23+196,FALSE),0) -> 0 | AG23: =IF(AND(P23>=$M$9,P23<=$N$9),VLOOKUP(BYT,'Předpis po mesici'!$A$3:$JQ$102,P23+209,FALSE),0) -> 0 | AH23: =IF(AND(P23>=$M$9,P23<=$N$9),VLOOKUP(BYT,'Předpis po mesici'!$A$3:$JQ$102,P23+222,FALSE),0) -> 0 | AI23: =IF(AND(P23>=$M$9,P23<=$N$9),VLOOKUP(BYT,'Předpis po mesici'!$A$3:$JQ$102,P23+157,FALSE),0) -> 0 | AJ23: =IF(AND(P23>=$M$9,P23<=$N$9),VLOOKUP(BYT,'Počet osob'!$A$2:$JR$102,P23+2,FALSE),0) -> 4 | AK23: =IF(AND(P23>=$M$9,P23<=$N$9),VLOOKUP(BYT,'Předpis po mesici'!$A$3:$JQ$102,P23+144,FALSE),0) -> 0 | AL23: =IF(AND(P23>=$M$9,P23<=$N$9),VLOOKUP(BYT,'Předpis po mesici'!$A$3:$JQ$102,P23+248,FALSE),0) -> 0 | AM23: =IF(AND(P23>=$M$9,P23<=$N$9),VLOOKUP(BYT,'Předpis po mesici'!$A$3:$JQ$102,P23+235,FALSE),0) -> 0 | AN23: =IF(AND(P23>=$M$9,P23<=$N$9),VLOOKUP(BYT,'Předpis po mesici'!$A$3:$JQ$102,P23+235,FALSE),0) -> 0
A24: odečet TUV za daný rok | B24: =SUMIFS('Vodoměry TUV'!I2:I114,'Vodoměry TUV'!A2:A114,BYT) -> 0 | M24: 6 | N24: =IF(AND(M24>=$M$9,M24<=$O$9),VLOOKUP(BYT,uhrady!$A$2:$M$102,M24+1,FALSE),0) -> 7626 | P24: 6 | Q24: =IF(AND(P24>=$M$9,P24<=$O$9),VLOOKUP(BYT,'Předpis po mesici'!$A$3:$JQ$102,P24+262,FALSE),0) -> 3813 | R24: 6 | S24: =IF(AND(P24>=$M$9,P24<=$N$9),VLOOKUP(BYT,'Předpis po mesici'!$A$3:$JQ$102,P24+79,FALSE),0) -> 2663 | T24: =IF(AND(P24>=$M$9,P24<=$N$9),VLOOKUP(BYT,'Předpis po mesici'!$A$3:$JQ$102,P24+1,FALSE),0) -> 45 | U24: =IF(AND(P24>=$M$9,P24<=$N$9),VLOOKUP(BYT,'Předpis po mesici'!$A$3:$JQ$102,P24+14,FALSE),0) -> 250 | V24: =IF(AND(P24>=$M$9,P24<=$N$9),VLOOKUP(BYT,'Předpis po mesici'!$A$3:$JQ$102,P24+27,FALSE),0) -> 45 | W24: =IF(AND(P24>=$M$9,P24<=$N$9),VLOOKUP(BYT,'Předpis po mesici'!$A$3:$JQ$102,P24+40,FALSE),0) -> 0 | X24: =IF(AND(P24>=$M$9,P24<=$N$9),VLOOKUP(BYT,'Předpis po mesici'!$A$3:$JQ$102,P24+53,FALSE),0) -> 690 | Y24: =IF(AND(P24>=$M$9,P24<=$N$9),VLOOKUP(BYT,'Předpis po mesici'!$A$3:$JQ$102,P24+66,FALSE),0) -> 120 | Z24: =IF(AND(P24>=$M$9,P24<=$N$9),VLOOKUP(BYT,'Předpis po mesici'!$A$3:$JQ$102,P24+92,FALSE),0) -> 0 | AA24: =IF(AND(P24>=$M$9,P24<=$N$9),VLOOKUP(BYT,'Předpis po mesici'!$A$3:$JQ$102,P24+105,FALSE),0) -> 0 | AB24: =IF(AND(P24>=$M$9,P24<=$N$9),VLOOKUP(BYT,'Předpis po mesici'!$A$3:$JQ$102,P24+118,FALSE),0) -> 0 | AC24: =IF(AND(P24>=$M$9,P24<=$N$9),VLOOKUP(BYT,'Předpis po mesici'!$A$3:$JQ$102,P24+131,FALSE),0) -> 0 | AD24: =IF(AND(P24>=$M$9,P24<=$N$9),VLOOKUP(BYT,'Předpis po mesici'!$A$3:$JQ$102,P24+170,FALSE),0) -> 0 | AE24: =IF(AND(P24>=$M$9,P24<=$N$9),VLOOKUP(BYT,'Předpis po mesici'!$A$3:$JQ$102,P24+183,FALSE),0) -> 0 | AF24: =IF(AND(P24>=$M$9,P24<=$N$9),VLOOKUP(BYT,'Předpis po mesici'!$A$3:$JQ$102,P24+196,FALSE),0) -> 0 | AG24: =IF(AND(P24>=$M$9,P24<=$N$9),VLOOKUP(BYT,'Předpis po mesici'!$A$3:$JQ$102,P24+209,FALSE),0) -> 0 | AH24: =IF(AND(P24>=$M$9,P24<=$N$9),VLOOKUP(BYT,'Předpis po mesici'!$A$3:$JQ$102,P24+222,FALSE),0) -> 0 | AI24: =IF(AND(P24>=$M$9,P24<=$N$9),VLOOKUP(BYT,'Předpis po mesici'!$A$3:$JQ$102,P24+157,FALSE),0) -> 0 | AJ24: =IF(AND(P24>=$M$9,P24<=$N$9),VLOOKUP(BYT,'Počet osob'!$A$2:$JR$102,P24+2,FALSE),0) -> 4 | AK24: =IF(AND(P24>=$M$9,P24<=$N$9),VLOOKUP(BYT,'Předpis po mesici'!$A$3:$JQ$102,P24+144,FALSE),0) -> 0 | AL24: =IF(AND(P24>=$M$9,P24<=$N$9),VLOOKUP(BYT,'Předpis po mesici'!$A$3:$JQ$102,P24+248,FALSE),0) -> 0 | AM24: =IF(AND(P24>=$M$9,P24<=$N$9),VLOOKUP(BYT,'Předpis po mesici'!$A$3:$JQ$102,P24+235,FALSE),0) -> 0 | AN24: =IF(AND(P24>=$M$9,P24<=$N$9),VLOOKUP(BYT,'Předpis po mesici'!$A$3:$JQ$102,P24+235,FALSE),0) -> 0
A25: celková plocha jednotky | B25: =VLOOKUP(BYT,Evidence!$A:$Z,7,0) -> 115.53 | D25: Leskava sklep | E25: =VLOOKUP(BYT,Evidence!$A:$Z,16,0) -> 1.1.2024 | M25: 7 | N25: =IF(AND(M25>=$M$9,M25<=$O$9),VLOOKUP(BYT,uhrady!$A$2:$M$102,M25+1,FALSE),0) -> 7626 | P25: 7 | Q25: =IF(AND(P25>=$M$9,P25<=$O$9),VLOOKUP(BYT,'Předpis po mesici'!$A$3:$JQ$102,P25+262,FALSE),0) -> 3813 | R25: 7 | S25: =IF(AND(P25>=$M$9,P25<=$N$9),VLOOKUP(BYT,'Předpis po mesici'!$A$3:$JQ$102,P25+79,FALSE),0) -> 2663 | T25: =IF(AND(P25>=$M$9,P25<=$N$9),VLOOKUP(BYT,'Předpis po mesici'!$A$3:$JQ$102,P25+1,FALSE),0) -> 45 | U25: =IF(AND(P25>=$M$9,P25<=$N$9),VLOOKUP(BYT,'Předpis po mesici'!$A$3:$JQ$102,P25+14,FALSE),0) -> 250 | V25: =IF(AND(P25>=$M$9,P25<=$N$9),VLOOKUP(BYT,'Předpis po mesici'!$A$3:$JQ$102,P25+27,FALSE),0) -> 45 | W25: =IF(AND(P25>=$M$9,P25<=$N$9),VLOOKUP(BYT,'Předpis po mesici'!$A$3:$JQ$102,P25+40,FALSE),0) -> 0 | X25: =IF(AND(P25>=$M$9,P25<=$N$9),VLOOKUP(BYT,'Předpis po mesici'!$A$3:$JQ$102,P25+53,FALSE),0) -> 690 | Y25: =IF(AND(P25>=$M$9,P25<=$N$9),VLOOKUP(BYT,'Předpis po mesici'!$A$3:$JQ$102,P25+66,FALSE),0) -> 120 | Z25: =IF(AND(P25>=$M$9,P25<=$N$9),VLOOKUP(BYT,'Předpis po mesici'!$A$3:$JQ$102,P25+92,FALSE),0) -> 0 | AA25: =IF(AND(P25>=$M$9,P25<=$N$9),VLOOKUP(BYT,'Předpis po mesici'!$A$3:$JQ$102,P25+105,FALSE),0) -> 0 | AB25: =IF(AND(P25>=$M$9,P25<=$N$9),VLOOKUP(BYT,'Předpis po mesici'!$A$3:$JQ$102,P25+118,FALSE),0) -> 0 | AC25: =IF(AND(P25>=$M$9,P25<=$N$9),VLOOKUP(BYT,'Předpis po mesici'!$A$3:$JQ$102,P25+131,FALSE),0) -> 0 | AD25: =IF(AND(P25>=$M$9,P25<=$N$9),VLOOKUP(BYT,'Předpis po mesici'!$A$3:$JQ$102,P25+170,FALSE),0) -> 0 | AE25: =IF(AND(P25>=$M$9,P25<=$N$9),VLOOKUP(BYT,'Předpis po mesici'!$A$3:$JQ$102,P25+183,FALSE),0) -> 0 | AF25: =IF(AND(P25>=$M$9,P25<=$N$9),VLOOKUP(BYT,'Předpis po mesici'!$A$3:$JQ$102,P25+196,FALSE),0) -> 0 | AG25: =IF(AND(P25>=$M$9,P25<=$N$9),VLOOKUP(BYT,'Předpis po mesici'!$A$3:$JQ$102,P25+209,FALSE),0) -> 0 | AH25: =IF(AND(P25>=$M$9,P25<=$N$9),VLOOKUP(BYT,'Předpis po mesici'!$A$3:$JQ$102,P25+222,FALSE),0) -> 0 | AI25: =IF(AND(P25>=$M$9,P25<=$N$9),VLOOKUP(BYT,'Předpis po mesici'!$A$3:$JQ$102,P25+157,FALSE),0) -> 0 | AJ25: =IF(AND(P25>=$M$9,P25<=$N$9),VLOOKUP(BYT,'Počet osob'!$A$2:$JR$102,P25+2,FALSE),0) -> 4 | AK25: =IF(AND(P25>=$M$9,P25<=$N$9),VLOOKUP(BYT,'Předpis po mesici'!$A$3:$JQ$102,P25+144,FALSE),0) -> 0 | AL25: =IF(AND(P25>=$M$9,P25<=$N$9),VLOOKUP(BYT,'Předpis po mesici'!$A$3:$JQ$102,P25+248,FALSE),0) -> 0 | AM25: =IF(AND(P25>=$M$9,P25<=$N$9),VLOOKUP(BYT,'Předpis po mesici'!$A$3:$JQ$102,P25+235,FALSE),0) -> 0 | AN25: =IF(AND(P25>=$M$9,P25<=$N$9),VLOOKUP(BYT,'Předpis po mesici'!$A$3:$JQ$102,P25+235,FALSE),0) -> 0
A26: započitatelná plocha jednotky | B26: =VLOOKUP(BYT,Evidence!$A:$Z,8,0) -> 104.51 | D26: Leskava garáž | E26: =VLOOKUP(BYT,Evidence!$A:$Z,18,0) -> 1.1.2024 - 31.12.2024 | M26: 8 | N26: =IF(AND(M26>=$M$9,M26<=$O$9),VLOOKUP(BYT,uhrady!$A$2:$M$102,M26+1,FALSE),0) -> 0 | P26: 8 | Q26: =IF(AND(P26>=$M$9,P26<=$O$9),VLOOKUP(BYT,'Předpis po mesici'!$A$3:$JQ$102,P26+262,FALSE),0) -> 3813 | R26: 8 | S26: =IF(AND(P26>=$M$9,P26<=$N$9),VLOOKUP(BYT,'Předpis po mesici'!$A$3:$JQ$102,P26+79,FALSE),0) -> 2663 | T26: =IF(AND(P26>=$M$9,P26<=$N$9),VLOOKUP(BYT,'Předpis po mesici'!$A$3:$JQ$102,P26+1,FALSE),0) -> 45 | U26: =IF(AND(P26>=$M$9,P26<=$N$9),VLOOKUP(BYT,'Předpis po mesici'!$A$3:$JQ$102,P26+14,FALSE),0) -> 250 | V26: =IF(AND(P26>=$M$9,P26<=$N$9),VLOOKUP(BYT,'Předpis po mesici'!$A$3:$JQ$102,P26+27,FALSE),0) -> 45 | W26: =IF(AND(P26>=$M$9,P26<=$N$9),VLOOKUP(BYT,'Předpis po mesici'!$A$3:$JQ$102,P26+40,FALSE),0) -> 0 | X26: =IF(AND(P26>=$M$9,P26<=$N$9),VLOOKUP(BYT,'Předpis po mesici'!$A$3:$JQ$102,P26+53,FALSE),0) -> 690 | Y26: =IF(AND(P26>=$M$9,P26<=$N$9),VLOOKUP(BYT,'Předpis po mesici'!$A$3:$JQ$102,P26+66,FALSE),0) -> 120 | Z26: =IF(AND(P26>=$M$9,P26<=$N$9),VLOOKUP(BYT,'Předpis po mesici'!$A$3:$JQ$102,P26+92,FALSE),0) -> 0 | AA26: =IF(AND(P26>=$M$9,P26<=$N$9),VLOOKUP(BYT,'Předpis po mesici'!$A$3:$JQ$102,P26+105,FALSE),0) -> 0 | AB26: =IF(AND(P26>=$M$9,P26<=$N$9),VLOOKUP(BYT,'Předpis po mesici'!$A$3:$JQ$102,P26+118,FALSE),0) -> 0 | AC26: =IF(AND(P26>=$M$9,P26<=$N$9),VLOOKUP(BYT,'Předpis po mesici'!$A$3:$JQ$102,P26+131,FALSE),0) -> 0 | AD26: =IF(AND(P26>=$M$9,P26<=$N$9),VLOOKUP(BYT,'Předpis po mesici'!$A$3:$JQ$102,P26+170,FALSE),0) -> 0 | AE26: =IF(AND(P26>=$M$9,P26<=$N$9),VLOOKUP(BYT,'Předpis po mesici'!$A$3:$JQ$102,P26+183,FALSE),0) -> 0 | AF26: =IF(AND(P26>=$M$9,P26<=$N$9),VLOOKUP(BYT,'Předpis po mesici'!$A$3:$JQ$102,P26+196,FALSE),0) -> 0 | AG26: =IF(AND(P26>=$M$9,P26<=$N$9),VLOOKUP(BYT,'Předpis po mesici'!$A$3:$JQ$102,P26+209,FALSE),0) -> 0 | AH26: =IF(AND(P26>=$M$9,P26<=$N$9),VLOOKUP(BYT,'Předpis po mesici'!$A$3:$JQ$102,P26+222,FALSE),0) -> 0 | AI26: =IF(AND(P26>=$M$9,P26<=$N$9),VLOOKUP(BYT,'Předpis po mesici'!$A$3:$JQ$102,P26+157,FALSE),0) -> 0 | AJ26: =IF(AND(P26>=$M$9,P26<=$N$9),VLOOKUP(BYT,'Počet osob'!$A$2:$JR$102,P26+2,FALSE),0) -> 4 | AK26: =IF(AND(P26>=$M$9,P26<=$N$9),VLOOKUP(BYT,'Předpis po mesici'!$A$3:$JQ$102,P26+144,FALSE),0) -> 0 | AL26: =IF(AND(P26>=$M$9,P26<=$N$9),VLOOKUP(BYT,'Předpis po mesici'!$A$3:$JQ$102,P26+248,FALSE),0) -> 0 | AM26: =IF(AND(P26>=$M$9,P26<=$N$9),VLOOKUP(BYT,'Předpis po mesici'!$A$3:$JQ$102,P26+235,FALSE),0) -> 0 | AN26: =IF(AND(P26>=$M$9,P26<=$N$9),VLOOKUP(BYT,'Předpis po mesici'!$A$3:$JQ$102,P26+235,FALSE),0) -> 0
A27: spoluvlastnictví podíl | B27: =VLOOKUP(BYT,Evidence!$A:$Z,9,0) -> 10653/131476 | M27: 9 | N27: =IF(AND(M27>=$M$9,M27<=$O$9),VLOOKUP(BYT,uhrady!$A$2:$M$102,M27+1,FALSE),0) -> 0 | P27: 9 | Q27: =IF(AND(P27>=$M$9,P27<=$O$9),VLOOKUP(BYT,'Předpis po mesici'!$A$3:$JQ$102,P27+262,FALSE),0) -> 3813 | R27: 9 | S27: =IF(AND(P27>=$M$9,P27<=$N$9),VLOOKUP(BYT,'Předpis po mesici'!$A$3:$JQ$102,P27+79,FALSE),0) -> 2663 | T27: =IF(AND(P27>=$M$9,P27<=$N$9),VLOOKUP(BYT,'Předpis po mesici'!$A$3:$JQ$102,P27+1,FALSE),0) -> 45 | U27: =IF(AND(P27>=$M$9,P27<=$N$9),VLOOKUP(BYT,'Předpis po mesici'!$A$3:$JQ$102,P27+14,FALSE),0) -> 250 | V27: =IF(AND(P27>=$M$9,P27<=$N$9),VLOOKUP(BYT,'Předpis po mesici'!$A$3:$JQ$102,P27+27,FALSE),0) -> 45 | W27: =IF(AND(P27>=$M$9,P27<=$N$9),VLOOKUP(BYT,'Předpis po mesici'!$A$3:$JQ$102,P27+40,FALSE),0) -> 0 | X27: =IF(AND(P27>=$M$9,P27<=$N$9),VLOOKUP(BYT,'Předpis po mesici'!$A$3:$JQ$102,P27+53,FALSE),0) -> 690 | Y27: =IF(AND(P27>=$M$9,P27<=$N$9),VLOOKUP(BYT,'Předpis po mesici'!$A$3:$JQ$102,P27+66,FALSE),0) -> 120 | Z27: =IF(AND(P27>=$M$9,P27<=$N$9),VLOOKUP(BYT,'Předpis po mesici'!$A$3:$JQ$102,P27+92,FALSE),0) -> 0 | AA27: =IF(AND(P27>=$M$9,P27<=$N$9),VLOOKUP(BYT,'Předpis po mesici'!$A$3:$JQ$102,P27+105,FALSE),0) -> 0 | AB27: =IF(AND(P27>=$M$9,P27<=$N$9),VLOOKUP(BYT,'Předpis po mesici'!$A$3:$JQ$102,P27+118,FALSE),0) -> 0 | AC27: =IF(AND(P27>=$M$9,P27<=$N$9),VLOOKUP(BYT,'Předpis po mesici'!$A$3:$JQ$102,P27+131,FALSE),0) -> 0 | AD27: =IF(AND(P27>=$M$9,P27<=$N$9),VLOOKUP(BYT,'Předpis po mesici'!$A$3:$JQ$102,P27+170,FALSE),0) -> 0 | AE27: =IF(AND(P27>=$M$9,P27<=$N$9),VLOOKUP(BYT,'Předpis po mesici'!$A$3:$JQ$102,P27+183,FALSE),0) -> 0 | AF27: =IF(AND(P27>=$M$9,P27<=$N$9),VLOOKUP(BYT,'Předpis po mesici'!$A$3:$JQ$102,P27+196,FALSE),0) -> 0 | AG27: =IF(AND(P27>=$M$9,P27<=$N$9),VLOOKUP(BYT,'Předpis po mesici'!$A$3:$JQ$102,P27+209,FALSE),0) -> 0 | AH27: =IF(AND(P27>=$M$9,P27<=$N$9),VLOOKUP(BYT,'Předpis po mesici'!$A$3:$JQ$102,P27+222,FALSE),0) -> 0 | AI27: =IF(AND(P27>=$M$9,P27<=$N$9),VLOOKUP(BYT,'Předpis po mesici'!$A$3:$JQ$102,P27+157,FALSE),0) -> 0 | AJ27: =IF(AND(P27>=$M$9,P27<=$N$9),VLOOKUP(BYT,'Počet osob'!$A$2:$JR$102,P27+2,FALSE),0) -> 4 | AK27: =IF(AND(P27>=$M$9,P27<=$N$9),VLOOKUP(BYT,'Předpis po mesici'!$A$3:$JQ$102,P27+144,FALSE),0) -> 0 | AL27: =IF(AND(P27>=$M$9,P27<=$N$9),VLOOKUP(BYT,'Předpis po mesici'!$A$3:$JQ$102,P27+248,FALSE),0) -> 0 | AM27: =IF(AND(P27>=$M$9,P27<=$N$9),VLOOKUP(BYT,'Předpis po mesici'!$A$3:$JQ$102,P27+235,FALSE),0) -> 0 | AN27: =IF(AND(P27>=$M$9,P27<=$N$9),VLOOKUP(BYT,'Předpis po mesici'!$A$3:$JQ$102,P27+235,FALSE),0) -> 0
A28: výpočet vlastnického podílu | B28: =VLOOKUP(BYT,Evidence!$A:$Z,14,0) -> 8.103 | M28: 10 | N28: =IF(AND(M28>=$M$9,M28<=$O$9),VLOOKUP(BYT,uhrady!$A$2:$M$102,M28+1,FALSE),0) -> 7626 | P28: 10 | Q28: =IF(AND(P28>=$M$9,P28<=$O$9),VLOOKUP(BYT,'Předpis po mesici'!$A$3:$JQ$102,P28+262,FALSE),0) -> 3813 | R28: 10 | S28: =IF(AND(P28>=$M$9,P28<=$N$9),VLOOKUP(BYT,'Předpis po mesici'!$A$3:$JQ$102,P28+79,FALSE),0) -> 2663 | T28: =IF(AND(P28>=$M$9,P28<=$N$9),VLOOKUP(BYT,'Předpis po mesici'!$A$3:$JQ$102,P28+1,FALSE),0) -> 45 | U28: =IF(AND(P28>=$M$9,P28<=$N$9),VLOOKUP(BYT,'Předpis po mesici'!$A$3:$JQ$102,P28+14,FALSE),0) -> 250 | V28: =IF(AND(P28>=$M$9,P28<=$N$9),VLOOKUP(BYT,'Předpis po mesici'!$A$3:$JQ$102,P28+27,FALSE),0) -> 45 | W28: =IF(AND(P28>=$M$9,P28<=$N$9),VLOOKUP(BYT,'Předpis po mesici'!$A$3:$JQ$102,P28+40,FALSE),0) -> 0 | X28: =IF(AND(P28>=$M$9,P28<=$N$9),VLOOKUP(BYT,'Předpis po mesici'!$A$3:$JQ$102,P28+53,FALSE),0) -> 690 | Y28: =IF(AND(P28>=$M$9,P28<=$N$9),VLOOKUP(BYT,'Předpis po mesici'!$A$3:$JQ$102,P28+66,FALSE),0) -> 120 | Z28: =IF(AND(P28>=$M$9,P28<=$N$9),VLOOKUP(BYT,'Předpis po mesici'!$A$3:$JQ$102,P28+92,FALSE),0) -> 0 | AA28: =IF(AND(P28>=$M$9,P28<=$N$9),VLOOKUP(BYT,'Předpis po mesici'!$A$3:$JQ$102,P28+105,FALSE),0) -> 0 | AB28: =IF(AND(P28>=$M$9,P28<=$N$9),VLOOKUP(BYT,'Předpis po mesici'!$A$3:$JQ$102,P28+118,FALSE),0) -> 0 | AC28: =IF(AND(P28>=$M$9,P28<=$N$9),VLOOKUP(BYT,'Předpis po mesici'!$A$3:$JQ$102,P28+131,FALSE),0) -> 0 | AD28: =IF(AND(P28>=$M$9,P28<=$N$9),VLOOKUP(BYT,'Předpis po mesici'!$A$3:$JQ$102,P28+170,FALSE),0) -> 0 | AE28: =IF(AND(P28>=$M$9,P28<=$N$9),VLOOKUP(BYT,'Předpis po mesici'!$A$3:$JQ$102,P28+183,FALSE),0) -> 0 | AF28: =IF(AND(P28>=$M$9,P28<=$N$9),VLOOKUP(BYT,'Předpis po mesici'!$A$3:$JQ$102,P28+196,FALSE),0) -> 0 | AG28: =IF(AND(P28>=$M$9,P28<=$N$9),VLOOKUP(BYT,'Předpis po mesici'!$A$3:$JQ$102,P28+209,FALSE),0) -> 0 | AH28: =IF(AND(P28>=$M$9,P28<=$N$9),VLOOKUP(BYT,'Předpis po mesici'!$A$3:$JQ$102,P28+222,FALSE),0) -> 0 | AI28: =IF(AND(P28>=$M$9,P28<=$N$9),VLOOKUP(BYT,'Předpis po mesici'!$A$3:$JQ$102,P28+157,FALSE),0) -> 0 | AJ28: =IF(AND(P28>=$M$9,P28<=$N$9),VLOOKUP(BYT,'Počet osob'!$A$2:$JR$102,P28+2,FALSE),0) -> 4 | AK28: =IF(AND(P28>=$M$9,P28<=$N$9),VLOOKUP(BYT,'Předpis po mesici'!$A$3:$JQ$102,P28+144,FALSE),0) -> 0 | AL28: =IF(AND(P28>=$M$9,P28<=$N$9),VLOOKUP(BYT,'Předpis po mesici'!$A$3:$JQ$102,P28+248,FALSE),0) -> 0 | AM28: =IF(AND(P28>=$M$9,P28<=$N$9),VLOOKUP(BYT,'Předpis po mesici'!$A$3:$JQ$102,P28+235,FALSE),0) -> 0 | AN28: =IF(AND(P28>=$M$9,P28<=$N$9),VLOOKUP(BYT,'Předpis po mesici'!$A$3:$JQ$102,P28+235,FALSE),0) -> 0
A29: externí výpočet nákladů tepla | B29: =VLOOKUP(BYT,Teplo!$A:$J,10,0) -> 0 | D29: Kontrola předpis/vyúčtování | M29: 11 | N29: =IF(AND(M29>=$M$9,M29<=$O$9),VLOOKUP(BYT,uhrady!$A$2:$M$102,M29+1,FALSE),0) -> 7626 | P29: 11 | Q29: =IF(AND(P29>=$M$9,P29<=$O$9),VLOOKUP(BYT,'Předpis po mesici'!$A$3:$JQ$102,P29+262,FALSE),0) -> 3813 | R29: 11 | S29: =IF(AND(P29>=$M$9,P29<=$N$9),VLOOKUP(BYT,'Předpis po mesici'!$A$3:$JQ$102,P29+79,FALSE),0) -> 2663 | T29: =IF(AND(P29>=$M$9,P29<=$N$9),VLOOKUP(BYT,'Předpis po mesici'!$A$3:$JQ$102,P29+1,FALSE),0) -> 45 | U29: =IF(AND(P29>=$M$9,P29<=$N$9),VLOOKUP(BYT,'Předpis po mesici'!$A$3:$JQ$102,P29+14,FALSE),0) -> 250 | V29: =IF(AND(P29>=$M$9,P29<=$N$9),VLOOKUP(BYT,'Předpis po mesici'!$A$3:$JQ$102,P29+27,FALSE),0) -> 45 | W29: =IF(AND(P29>=$M$9,P29<=$N$9),VLOOKUP(BYT,'Předpis po mesici'!$A$3:$JQ$102,P29+40,FALSE),0) -> 0 | X29: =IF(AND(P29>=$M$9,P29<=$N$9),VLOOKUP(BYT,'Předpis po mesici'!$A$3:$JQ$102,P29+53,FALSE),0) -> 690 | Y29: =IF(AND(P29>=$M$9,P29<=$N$9),VLOOKUP(BYT,'Předpis po mesici'!$A$3:$JQ$102,P29+66,FALSE),0) -> 120 | Z29: =IF(AND(P29>=$M$9,P29<=$N$9),VLOOKUP(BYT,'Předpis po mesici'!$A$3:$JQ$102,P29+92,FALSE),0) -> 0 | AA29: =IF(AND(P29>=$M$9,P29<=$N$9),VLOOKUP(BYT,'Předpis po mesici'!$A$3:$JQ$102,P29+105,FALSE),0) -> 0 | AB29: =IF(AND(P29>=$M$9,P29<=$N$9),VLOOKUP(BYT,'Předpis po mesici'!$A$3:$JQ$102,P29+118,FALSE),0) -> 0 | AC29: =IF(AND(P29>=$M$9,P29<=$N$9),VLOOKUP(BYT,'Předpis po mesici'!$A$3:$JQ$102,P29+131,FALSE),0) -> 0 | AD29: =IF(AND(P29>=$M$9,P29<=$N$9),VLOOKUP(BYT,'Předpis po mesici'!$A$3:$JQ$102,P29+170,FALSE),0) -> 0 | AE29: =IF(AND(P29>=$M$9,P29<=$N$9),VLOOKUP(BYT,'Předpis po mesici'!$A$3:$JQ$102,P29+183,FALSE),0) -> 0 | AF29: =IF(AND(P29>=$M$9,P29<=$N$9),VLOOKUP(BYT,'Předpis po mesici'!$A$3:$JQ$102,P29+196,FALSE),0) -> 0 | AG29: =IF(AND(P29>=$M$9,P29<=$N$9),VLOOKUP(BYT,'Předpis po mesici'!$A$3:$JQ$102,P29+209,FALSE),0) -> 0 | AH29: =IF(AND(P29>=$M$9,P29<=$N$9),VLOOKUP(BYT,'Předpis po mesici'!$A$3:$JQ$102,P29+222,FALSE),0) -> 0 | AI29: =IF(AND(P29>=$M$9,P29<=$N$9),VLOOKUP(BYT,'Předpis po mesici'!$A$3:$JQ$102,P29+157,FALSE),0) -> 0 | AJ29: =IF(AND(P29>=$M$9,P29<=$N$9),VLOOKUP(BYT,'Počet osob'!$A$2:$JR$102,P29+2,FALSE),0) -> 4 | AK29: =IF(AND(P29>=$M$9,P29<=$N$9),VLOOKUP(BYT,'Předpis po mesici'!$A$3:$JQ$102,P29+144,FALSE),0) -> 0 | AL29: =IF(AND(P29>=$M$9,P29<=$N$9),VLOOKUP(BYT,'Předpis po mesici'!$A$3:$JQ$102,P29+248,FALSE),0) -> 0 | AM29: =IF(AND(P29>=$M$9,P29<=$N$9),VLOOKUP(BYT,'Předpis po mesici'!$A$3:$JQ$102,P29+235,FALSE),0) -> 0 | AN29: =IF(AND(P29>=$M$9,P29<=$N$9),VLOOKUP(BYT,'Předpis po mesici'!$A$3:$JQ$102,P29+235,FALSE),0) -> 0
A30: Fond oprav | B30: =VLOOKUP(BYT,'Předpis po mesici'!1:1048576,92,0) -> 31956 | D30: =VLOOKUP(BYT,'Předpis po mesici'!1:1048576,275,0)-'Vyúčtování byt - 1.část'!B35-'Vyúčtování byt - 1.část'!J31 -> 0 | E30: =IF(D30=0,"OK","Něco nevychází") -> OK | M30: 12 | N30: =IF(AND(M30>=$M$9,M30<=$O$9),VLOOKUP(BYT,uhrady!$A$2:$M$102,M30+1,FALSE),0) -> 0 | P30: 12 | Q30: =IF(AND(P30>=$M$9,P30<=$O$9),VLOOKUP(BYT,'Předpis po mesici'!$A$3:$JQ$102,P30+262,FALSE),0) -> 3813 | R30: 12 | S30: =IF(AND(P30>=$M$9,P30<=$N$9),VLOOKUP(BYT,'Předpis po mesici'!$A$3:$JQ$102,P30+79,FALSE),0) -> 2663 | T30: =IF(AND(P30>=$M$9,P30<=$N$9),VLOOKUP(BYT,'Předpis po mesici'!$A$3:$JQ$102,P30+1,FALSE),0) -> 45 | U30: =IF(AND(P30>=$M$9,P30<=$N$9),VLOOKUP(BYT,'Předpis po mesici'!$A$3:$JQ$102,P30+14,FALSE),0) -> 250 | V30: =IF(AND(P30>=$M$9,P30<=$N$9),VLOOKUP(BYT,'Předpis po mesici'!$A$3:$JQ$102,P30+27,FALSE),0) -> 45 | W30: =IF(AND(P30>=$M$9,P30<=$N$9),VLOOKUP(BYT,'Předpis po mesici'!$A$3:$JQ$102,P30+40,FALSE),0) -> 0 | X30: =IF(AND(P30>=$M$9,P30<=$N$9),VLOOKUP(BYT,'Předpis po mesici'!$A$3:$JQ$102,P30+53,FALSE),0) -> 690 | Y30: =IF(AND(P30>=$M$9,P30<=$N$9),VLOOKUP(BYT,'Předpis po mesici'!$A$3:$JQ$102,P30+66,FALSE),0) -> 120 | Z30: =IF(AND(P30>=$M$9,P30<=$N$9),VLOOKUP(BYT,'Předpis po mesici'!$A$3:$JQ$102,P30+92,FALSE),0) -> 0 | AA30: =IF(AND(P30>=$M$9,P30<=$N$9),VLOOKUP(BYT,'Předpis po mesici'!$A$3:$JQ$102,P30+105,FALSE),0) -> 0 | AB30: =IF(AND(P30>=$M$9,P30<=$N$9),VLOOKUP(BYT,'Předpis po mesici'!$A$3:$JQ$102,P30+118,FALSE),0) -> 0 | AC30: =IF(AND(P30>=$M$9,P30<=$N$9),VLOOKUP(BYT,'Předpis po mesici'!$A$3:$JQ$102,P30+131,FALSE),0) -> 0 | AD30: =IF(AND(P30>=$M$9,P30<=$N$9),VLOOKUP(BYT,'Předpis po mesici'!$A$3:$JQ$102,P30+170,FALSE),0) -> 0 | AE30: =IF(AND(P30>=$M$9,P30<=$N$9),VLOOKUP(BYT,'Předpis po mesici'!$A$3:$JQ$102,P30+183,FALSE),0) -> 0 | AF30: =IF(AND(P30>=$M$9,P30<=$N$9),VLOOKUP(BYT,'Předpis po mesici'!$A$3:$JQ$102,P30+196,FALSE),0) -> 0 | AG30: =IF(AND(P30>=$M$9,P30<=$N$9),VLOOKUP(BYT,'Předpis po mesici'!$A$3:$JQ$102,P30+209,FALSE),0) -> 0 | AH30: =IF(AND(P30>=$M$9,P30<=$N$9),VLOOKUP(BYT,'Předpis po mesici'!$A$3:$JQ$102,P30+222,FALSE),0) -> 0 | AI30: =IF(AND(P30>=$M$9,P30<=$N$9),VLOOKUP(BYT,'Předpis po mesici'!$A$3:$JQ$102,P30+157,FALSE),0) -> 0 | AJ30: =IF(AND(P30>=$M$9,P30<=$N$9),VLOOKUP(BYT,'Počet osob'!$A$2:$JR$102,P30+2,FALSE),0) -> 4 | AK30: =IF(AND(P30>=$M$9,P30<=$N$9),VLOOKUP(BYT,'Předpis po mesici'!$A$3:$JQ$102,P30+144,FALSE),0) -> 0 | AL30: =IF(AND(P30>=$M$9,P30<=$N$9),VLOOKUP(BYT,'Předpis po mesici'!$A$3:$JQ$102,P30+248,FALSE),0) -> 0 | AM30: =IF(AND(P30>=$M$9,P30<=$N$9),VLOOKUP(BYT,'Předpis po mesici'!$A$3:$JQ$102,P30+235,FALSE),0) -> 0 | AN30: =IF(AND(P30>=$M$9,P30<=$N$9),VLOOKUP(BYT,'Předpis po mesici'!$A$3:$JQ$102,P30+235,FALSE),0) -> 0
A31: Adresa nemovitosti | B31: Zborovská 939/2, Brno | P31: CELKEM | S31: =SUM(S19:S30) -> 31956 | T31: =SUM(T19:T30) -> 540 | U31: =SUM(U19:U30) -> 3000 | V31: =SUM(V19:V30) -> 540 | W31: =SUM(W19:W30) -> 0 | X31: =SUM(X19:X30) -> 8280 | Y31: =SUM(Y19:Y30) -> 1440 | Z31: =SUM(Z19:Z30) -> 0 | ... AN31: =SUM(AN19:AN30) -> 0
A32: Vyplacení vyúčtování do | B32: Přeplatky a nedoplatky z vyúčtování jsou splatné nejpozději do 7 (sedmi) měsíců od skončení zúčtovacího období. | R32: Suma v predpisech sloupec | S32: CN | T32: N | U32: AA | V32: AN | W32: BA | X32: BN | Y32: CA | Z32: DA | AA32: DN | AB32: EA | AC32: EA | AD32: GA | AE32: GN | AF32: HA | AG32: HN | AH32: IA | AI32: FN | AK32: FA | AL32: JA | AM32: IN
A33: Reklamace nejpozději do | B33: Případné reklamace uplatněte výhradně písemnou (elektronickou) formou na adrese správce (viz záhlaví) nejpozději do 30 dní od doručení vyúčtování včetně případné změny Vašeho osobního účtu pro vyplacení přeplatku.
A34: Správce nemovitosti | B34: AdminReal, s.r.o.
A35: Číslo účtu společenství | B35: 2100704207/2010
A36: Předčíslí čísla účtu | B36: 000000
A37: číslo účtu | B37: 2100704207
A38: Kód banky | B38: 2010
A39: Příjem SVJ | B39: 0
A40: Náklady SVJ | B40: 0
C44: =IF(VLOOKUP(BYT,'Vodoměry SV'!A1:J103,9,1)=0,"počet osob","odečet SV") -> počet osob
A45: MENU
A46: VÝSTUPY | B46: MĚŘIDLA A DATA | C46: EVIDENCE | E46: EXPORT
A47: Vstupní data | B47: Vodoměry TUV | C47: Evidence | E47: Bytové domy
A48: Vyúčtování | B48: Vodoměry SV | C48: Úhrady | E48: Odečty formulář
A49: Příjem SVJ včetně výdajů | B49: Teplo | C49: Přeplatky a nedoplatky | E49: Export send mail
A50: Příjem SVJ bez výdajů | B50: Elektroměry | C50: Předpisy - výpočet
A51: Náklady za dům | B51: Výtahy
A52: Faktury | B52: Počet osob
A53: Rozpočet domu | B53: Předpisy po měsící
A54: Parametry | B54: Faktury za služby
A58: Správcovské firmy | B58: Logo
A59: AdminReal | B59: =_xlfn.IMAGE("https://i.imgur.com/5Ij2NpI.png") -> #VALUE!
A60: BrnoReal | B60: =_xlfn.IMAGE("https://i.imgur.com/zfj1KPi.png") -> #VALUE!

Sheet Výpočet
A1: 0
A3: Služby | B3: Column1 | C3: Column2 | D3: Column3 | E3: Column4 | F3: Column5 | G3: Column6 | H3: Column7 | I3: Column8 | J3: Column9 | K3: Column10 | L3: Column11 | M3: Column12 | N3: Column13 | O3: Column14 | P3: Column15 | Q3: Column16 | R3: Column17 | S3: Column18 | T3: Column19 | U3: Column20 | V3: Column21 | W3: Column22 | X3: Column23
A4: Souhrn z vyúčtování
A5: Součet | B5: =ROUND(SUM(B7:B101),2) -> 0 | C5: =ROUND(SUM(C7:C102),2) -> 0 | D5: =ROUND(SUM(D7:D102),2) -> 0 | E5: =ROUND(SUM(E7:E102),2) -> 0 | F5: =ROUND(SUM(F7:F102),2) -> 0 | G5: =ROUND(SUM(G7:G102),2) -> 0 | H5: =ROUND(SUM(H7:H102),2) -> 0 | I5: =ROUND(SUM(I7:I102),2) -> 0 | J5: =ROUND(SUM(J7:J102),2) -> 0 | ... X5: =ROUND(SUM(X7:X102),2) -> 0
A6: Výsledek | B6: =IF(B4-B5=0,"OK",B4-B5) -> OK | C6: =IF(C4-C5=0,"OK",C4-C5) -> OK | D6: =IF(D4-D5=0,"OK",D4-D5) -> OK | E6: =IF(E4-E5=0,"OK",E4-E5) -> OK | F6: =IF(F4-F5=0,"OK",F4-F5) -> OK | G6: =IF(G4-G5=0,"OK",G4-G5) -> OK | H6: =IF(H4-H5=0,"OK",H4-H5) -> OK | I6: =IF(I4-I5=0,"OK",I4-I5) -> OK | ... X6: =IF(X4-X5=0,"OK",X4-X5) -> OK
AH11: Elektřina
AH12: Úklid bytového domu
AH13: Komíny
AH14: Výtah
AH15: Poštovné
AH16: Pojištění domu
AH17: Vodné (teplá voda)
AH18: Vodné (studená voda)
AH19: Ohřev teplé vody (30)
AH20: Ohřev teplé vody (70)
AH21: Ostatní náklady - UPC
AH22: Teplo
... AH34: Výpočet výtah pro dva vchody Úvoz

Sheet Předpisy - navýšení o částku
A3: Služby | B3: Column1 | C3: Column2 | D3: Column3 | E3: Column4 | F3: Column5 | G3: Column6 | H3: Column7 | I3: Column8 | J3: Column9 | K3: Column10 | L3: Column11 | M3: Column12 | N3: Column13 | O3: Column14 | P3: Column15 | Q3: Column16 | R3: Column17 | S3: Column18 | T3: Column19 | U3: Column20 | V3: Column21 | W3: Column22 | X3: Column23 | Y3: Column24 | Z3: Column25
A5: Součet | B5: =ROUND(SUM(B7:B101),2) -> 0 | C5: =ROUND(SUM(C7:C102),2) -> 0 | D5: =ROUND(SUM(D7:D102),2) -> 0 | E5: =ROUND(SUM(E7:E102),2) -> 0 | F5: =ROUND(SUM(F7:F102),2) -> 0 | G5: =ROUND(SUM(G7:G102),2) -> 0 | H5: =ROUND(SUM(H7:H102),2) -> 0 | I5: =ROUND(SUM(I7:I102),2) -> 0 | J5: =ROUND(SUM(J7:J102),2) -> 0 | ... V5: =ROUND(SUM(V7:V102),2) -> 0 | Z5: =ROUND(SUM(Z7:Z102),2) -> 0
A6: ---
AJ11: Elektřina
AJ12: Úklid bytového domu
AJ13: Komíny
AJ14: Výtah
AJ15: Poštovné
AJ16: Pojištění domu
AJ17: Vodné (teplá voda)
AJ18: Vodné (studená voda)
AJ19: Ohřev teplé vody (30)
AJ20: Ohřev teplé vody (70)
AJ21: Ostatní náklady - UPC
AJ22: Teplo
... AJ34: Výpočet výtah pro dva vchody Úvoz

Sheet Předpisy - navýšení o procento
A1: 0
A3: Služby | B3: Elektřina | C3: Úklid bytového domu | D3: Komíny | E3: Výtah | F3: Fond oprav nebytových prostor | G3: Pojištění domu | H3: Ohřev teplé vody (TUV) | I3: Fond oprav | J3: Vodné (studená voda) | K3: Ostatní náklady - UPC | L3: Ostatní náklady (garáž a sklepy) | M3: Vodné (teplá voda) | N3: Teplo | O3: Poplatek za psa | P3: 0 | Q3: 02 | R3: Odměna statutárům | S3: Ostatní nájemné | T3: Ostatní služby | U3: Správa domu | V3: Záloha měsíčně (nová do OS) Celkem | W3: Záloha měsíčně (aktuální) | X3: Fond oprav měsíčně | Y3: Nová záloha + Fond oprav měsíčně | Z3: Aktuální záloha + Fond oprav měsíčně
A5: Součet | B5: =ROUND(SUM(B7:B101),2) -> 0 | C5: =ROUND(SUM(C7:C102),2) -> 0 | D5: =ROUND(SUM(D7:D102),2) -> 0 | E5: =ROUND(SUM(E7:E102),2) -> 0 | F5: =ROUND(SUM(F7:F102),2) -> 0 | G5: =ROUND(SUM(G7:G102),2) -> 0 | H5: =ROUND(SUM(H7:H102),2) -> 0 | I5: =ROUND(SUM(I7:I102),2) -> 0 | J5: =ROUND(SUM(J7:J102),2) -> 0 | ... V5: =ROUND(SUM(V7:V102),2) -> 0 | Z5: =ROUND(SUM(Z7:Z102),2) -> 0
A6: ---
AJ11: Elektřina
AJ12: Úklid bytového domu
AJ13: Komíny
AJ14: Výtah
AJ15: Poštovné
AJ16: Pojištění domu
AJ17: Vodné (teplá voda)
AJ18: Vodné (studená voda)
AJ19: Ohřev teplé vody (30)
AJ20: Ohřev teplé vody (70)
AJ21: Ostatní náklady - UPC
AJ22: Teplo
... AJ34: Výpočet výtah pro dva vchody Úvoz

Sheet Tisk
B3: Cesta & jméno souboru | C3: Jméno | D3: Příjmení | E3: Adresa | F3: Email | G3: Mobil | H3: Bytový dům | I3: Jednotka číslo

Sheet Tisk příjmu SVJ
B3: Cesta & jméno souboru | C3: Jméno | D3: Příjmení | E3: Adresa | F3: Email | G3: Mobil | H3: Bytový dům | I3: Jednotka číslo

Sheet Faktury
A1: =BYT -> Byt č. 939/01 | C1: Způsob rozúčtování | D1: Podíl | E1: Náklad za rok | F1: Jednotek (dům) | G1: Kč/jedn (dům) | H1: Jednotek (uživatel) | I1: Náklad (uživatel) | J1: Záloha (uživatel) | K1: Přeplatky/nedoplatky | L1: Faktura součet bez zohlednění měsíců | M1: Předpis sloupec
A2: Fond oprav | C2: nevyúčtovává se | E2: 0 | M2: =IF(OR(J2=0, J2=""), "", INDEX('vstupní data'!$32:$32, MATCH(J2, 'vstupní data'!$31:$31, 0)))
A3: Studená voda | C3: ='vstupní data'!C44 -> počet osob | D3: 100 | E3: =IF(C3="odečet SV",'faktury za služby'!J43,'faktury za služby'!J42) -> 75347.33 | F3: =ROUND(IF(C3="odečet SV",'faktury za služby'!J40,'faktury za služby'!J39),3) -> 868 | G3: =ROUND(IF(E3=0,0,E3/F3),2) -> 86.81 | H3: =ROUND(IF(C3="počet osob",VLOOKUP(BYT,'Počet osob'!A1:V33,20,0),'Vyúčtování byt - 1.část'!F47),3) -> 35 | I3: =ROUND(IF(C3="počet osob",VLOOKUP(BYT,'Počet osob'!A1:W33,23,0),G3*H3),2) -> 9618.74 | J3: ='vstupní data'!X31 -> 8280 | K3: =ROUND(J3-I3,2) -> -1338.74 | M3: =IF(OR(J3=0, J3=""), "", INDEX('vstupní data'!$32:$32, MATCH(J3, 'vstupní data'!$31:$31, 0))) -> BN
A4: Elektrická energie (společné prostory) | C4: počet osob | D4: 100 | E4: 8663.77 | F4: ='Počet osob'!Q104 -> 439 | G4: =ROUND(IF(E4=0,0,E4/F4),2) -> 19.74 | H4: ='vstupní data'!AJ31 -> 48 | I4: =ROUND(G4*H4,2) -> 947.52 | J4: ='vstupní data'!T31 -> 540 | K4: =ROUND(J4-I4,2) -> -407.52 | M4: =IF(OR(J4=0, J4=""), "", INDEX('vstupní data'!$32:$32, MATCH(J4, 'vstupní data'!$31:$31, 0))) -> N
A5: Úklid bytového domu | C5: počet osob | D5: 100 | E5: 25800 | F5: ='Počet osob'!Q104 -> 439 | G5: =ROUND(IF(E5=0,0,E5/F5),2) -> 58.77 | H5: ='vstupní data'!AJ31 -> 48 | I5: =ROUND(G5*H5,2) -> 2820.96 | J5: ='vstupní data'!U31 -> 3000 | K5: =ROUND(J5-I5,2) -> 179.04 | M5: =IF(OR(J5=0, J5=""), "", INDEX('vstupní data'!$32:$32, MATCH(J5, 'vstupní data'!$31:$31, 0))) -> AA
A6: Komíny | C6: komín | D6: 100 | E6: 7502 | F6: 12 | G6: =ROUND(IF(E6=0,0,E6/F6),2) -> 625.17 | H6: =VLOOKUP(BYT,Parametry!$A:$G,3,0)/12*VD_počet_měsíců_úžívání -> 1 | I6: =ROUND(G6*H6,2) -> 625.17 | J6: ='vstupní data'!V31 -> 540 | K6: =ROUND(J6-I6,2) -> -85.17 | M6: =IF(OR(J6=0, J6=""), "", INDEX('vstupní data'!$32:$32, MATCH(J6, 'vstupní data'!$31:$31, 0))) -> N
A7: Pravidelná údržba výtah | C7: počet osob | D7: 100 | E7: 43616.12 | F7: ='Počet osob'!P104 -> 307 | G7: =ROUND(IF(E7=0,0,E7/F7),2) -> 142.07 | H7: =LOOKUP('vstupní data'!$B$4,'Počet osob'!A:A,'Počet osob'!P:P) -> 0 | I7: =ROUND(G7*H7,2) -> 0 | J7: ='vstupní data'!W31 -> 0 | K7: =ROUND(J7-I7,2) -> 0 | M7: =IF(OR(J7=0, J7=""), "", INDEX('vstupní data'!$32:$32, MATCH(J7, 'vstupní data'!$31:$31, 0)))
A8: Záloha na teplo | C8: 0 | D8: 0 | E8: 0 | F8: 0 | G8: 0 | H8: 0 | I8: 0 | J8: 0 | K8: 0 | M8: =IF(OR(J8=0, J8=""), "", INDEX('vstupní data'!$32:$32, MATCH(J8, 'vstupní data'!$31:$31, 0)))
A9: Ohřev teplé vody (TUV) | C9: 0 | D9: 0 | E9: 0 | F9: 0 | G9: 0 | H9: 0 | I9: 0 | J9: 0 | K9: 0 | M9: =IF(OR(J9=0, J9=""), "", INDEX('vstupní data'!$32:$32, MATCH(J9, 'vstupní data'!$31:$31, 0)))
C10: 0 | D10: 0 | E10: 0 | F10: 0 | G10: 0 | H10: 0 | I10: 0 | J10: 0 | K10: 0 | M10: =IF(OR(J10=0, J10=""), "", INDEX('vstupní data'!$32:$32, MATCH(J10, 'vstupní data'!$31:$31, 0)))
A11: Správa domu | C11: na byt | D11: 100 | E11: 42566 | F11: =VD_Počet_jednotek -> 19 | G11: =ROUND(IF(E11=0,0,E11/F11),2) -> 2240.32 | H11: =ROUND(1/12*VD_počet_měsíců_úžívání,2) -> 1 | I11: =ROUND(G11*H11,2) -> 2240.32 | J11: ='vstupní data'!Y31 -> 1440 | K11: =ROUND(J11-I11,2) -> -800.32 | M11: =IF(OR(J11=0, J11=""), "", INDEX('vstupní data'!$32:$32, MATCH(J11, 'vstupní data'!$31:$31, 0))) -> CA
A12: Pojištění domu | C12: 0 | D12: 0 | E12: 0 | F12: 0 | G12: 0 | H12: 0 | I12: 0 | J12: 0 | K12: 0 | M12: =IF(OR(J12=0, J12=""), "", INDEX('vstupní data'!$32:$32, MATCH(J12, 'vstupní data'!$31:$31, 0)))
A13: Ostatní nájemné | C13: 0 | D13: 0 | E13: 0 | F13: 0 | G13: 0 | H13: 0 | I13: 0 | J13: 0 | K13: 0 | M13: =IF(OR(J13=0, J13=""), "", INDEX('vstupní data'!$32:$32, MATCH(J13, 'vstupní data'!$31:$31, 0)))
A14: Ostatní služby | C14: 0 | D14: 0 | E14: 0 | F14: 0 | G14: 0 | H14: 0 | I14: 0 | J14: 0 | K14: 0 | M14: =IF(OR(J14=0, J14=""), "", INDEX('vstupní data'!$32:$32, MATCH(J14, 'vstupní data'!$31:$31, 0)))
A15: Mzdové náklady | C15: 0 | D15: 0 | E15: 0 | F15: 0 | G15: 0 | H15: 0 | I15: 0 | J15: 0 | K15: 0 | M15: =IF(OR(J15=0, J15=""), "", INDEX('vstupní data'!$32:$32, MATCH(J15, 'vstupní data'!$31:$31, 0)))
A16: Poplatek za psa | C16: 0 | D16: 0 | E16: 0 | F16: 0 | G16: 0 | H16: 0 | I16: 0 | J16: 0 | K16: 0 | M16: =IF(OR(J16=0, J16=""), "", INDEX('vstupní data'!$32:$32, MATCH(J16, 'vstupní data'!$31:$31, 0)))
A17: Fond oprav nebytových prostor | C17: 0 | D17: 0 | E17: 0 | F17: 0 | G17: 0 | H17: 0 | I17: 0 | J17: 0 | K17: 0 | M17: =IF(OR(J17=0, J17=""), "", INDEX('vstupní data'!$32:$32, MATCH(J17, 'vstupní data'!$31:$31, 0)))
A18: Ostatní náklady (garáž a sklepy) | C18: 0 | D18: 0 | E18: 0 | F18: 0 | G18: 0 | H18: 0 | I18: 0 | J18: 0 | K18: 0 | M18: =IF(OR(J18=0, J18=""), "", INDEX('vstupní data'!$32:$32, MATCH(J18, 'vstupní data'!$31:$31, 0)))
A19: Ostatní náklady - UPC | C19: na byt | D19: 100 | E19: 57999 | F19: =COUNTIF('Předpis po mesici'!FN3:FN103,">0") -> 9 | G19: =ROUND(IF(E19=0,0,E19/F19),2) -> 6444.33 | H19: ='vstupní data'!G47 -> 0 | I19: =ROUND('vstupní data'!AI31,0) -> 0 | J19: ='vstupní data'!AI31 -> 0 | K19: =ROUND(J19-I19,2) -> 0 | M19: =IF(OR(J19=0, J19=""), "", INDEX('vstupní data'!$32:$32, MATCH(J19, 'vstupní data'!$31:$31, 0)))
A20: Společné náklady | C20: 0 | D20: 0 | E20: 0 | F20: 0 | G20: 0 | H20: 0 | I20: 0 | J20: 0 | K20: 0 | M20: =IF(OR(J20=0, J20=""), "", INDEX('vstupní data'!$32:$32, MATCH(J20, 'vstupní data'!$31:$31, 0)))
A21: Ostatní služby 2 | C21: 0 | D21: 0 | E21: 0 | F21: 0 | G21: 0 | H21: 0 | I21: 0 | J21: 0 | K21: 0 | M21: =IF(OR(J21=0, J21=""), "", INDEX('vstupní data'!$32:$32, MATCH(J21, 'vstupní data'!$31:$31, 0)))
A22: Spořící účet | C22: nevyúčtovává se | E22: 0 | M22: =IF(OR(J22=0, J22=""), "", INDEX('vstupní data'!$32:$32, MATCH(J22, 'vstupní data'!$31:$31, 0)))
M23: =IF(OR(J23=0, J23=""), "", INDEX('vstupní data'!$32:$32, MATCH(J23, 'vstupní data'!$31:$31, 0)))
M24: =IF(OR(J24=0, J24=""), "", INDEX('vstupní data'!$32:$32, MATCH(J24, 'vstupní data'!$31:$31, 0)))
M25: =IF(OR(J25=0, J25=""), "", INDEX('vstupní data'!$32:$32, MATCH(J25, 'vstupní data'!$31:$31, 0)))
M26: =IF(OR(J26=0, J26=""), "", INDEX('vstupní data'!$32:$32, MATCH(J26, 'vstupní data'!$31:$31, 0)))
M27: =IF(OR(J27=0, J27=""), "", INDEX('vstupní data'!$32:$32, MATCH(J27, 'vstupní data'!$31:$31, 0)))
M28: =IF(OR(J28=0, J28=""), "", INDEX('vstupní data'!$32:$32, MATCH(J28, 'vstupní data'!$31:$31, 0)))
M29: =IF(OR(J29=0, J29=""), "", INDEX('vstupní data'!$32:$32, MATCH(J29, 'vstupní data'!$31:$31, 0)))
M30: =IF(OR(J30=0, J30=""), "", INDEX('vstupní data'!$32:$32, MATCH(J30, 'vstupní data'!$31:$31, 0)))
M31: =IF(OR(J31=0, J31=""), "", INDEX('vstupní data'!$32:$32, MATCH(J31, 'vstupní data'!$31:$31, 0)))

Sheet Evidence
A1: Jednotky | B1: Jméno a příjmení | C1: Adresa | D1: Email | E1: Telefon | F1: Počet komínů | G1: Celková výměra bytu | H1: Započítatelná výměra bytu | I1: Podíl v domě | J1: Variabilní symbol | K1: Bankovní spojení | L1: Podíl v domě (za závorkou) | M1: Podíl v domě (před závorokou bez podílu za závorkou) | N1: Podíl | O1: Pomocný výpočet | P1: V evidenci od | Q1: V evidenci do | R1: Počet měsíců užívání | V1: V.S. pro platbu nedoplatku | W1: Provazníkova garáže
A2: Byt č. 939/01 | B2: Martin Klíma | C2: Zborovská 939/2, 616 00 Brno | D2: martin.k_2003@volny.cz | E2: 607252477 | F2: 1 | G2: 115.53 | H2: 104.51 | I2: 10653/131476 | J2: 109390001 | K2: 8308679001/5500 | L2: =IF(I2=0,0,RIGHT(I2,LEN(I2)-SEARCH("/",I2,1))) -> 131476 | M2: =SUBSTITUTE(O2,L2,"") -> 10653 | N2: =IF(L2=0,0,ROUND(M2/L2,5)*100) -> 8.103 | O2: =SUBSTITUTE(I2,"/","") -> 10653131476 | P2: 1.1.2024 | Q2: 31.12.2024 | R2: 1.1.2024 - 31.12.2024 | V2: 1093900019
A3: Byt č. 939/02 | B3: Volodymyr Polovko | C3: Zborovská 939/2, 61600 Brno | D3: volodymyr_polovko@mail.ru | E3: 776425566 | F3: 1 | G3: 65.76 | H3: 53.37 | I3: 5576/131476 | J3: 109390002 | K3: 670100-2210867285/6210 | L3: =IF(I3=0,0,RIGHT(I3,LEN(I3)-SEARCH("/",I3,1))) -> 131476 | M3: =SUBSTITUTE(O3,L3,"") -> 5576 | N3: =IF(L3=0,0,ROUND(M3/L3,5)*100) -> 4.241 | O3: =SUBSTITUTE(I3,"/","") -> 5576131476 | P3: 1.1.2024 | Q3: 31.12.2024 | R3: 1.1.2024 - 31.12.2024 | V3: 1093900029
A4: Byt č. 939/03 | B4: Veronika Teplíková | C4: Těšice 600, 696 19 Mikulčice | D4: VeronikaTeplikova@seznam.cz | E4: 728608587 | F4: 0 | G4: 74.6 | H4: 74.6 | I4: 7460/131476 | J4: 109390003 | K4: 35-6979760207/0100 | L4: =IF(I4=0,0,RIGHT(I4,LEN(I4)-SEARCH("/",I4,1))) -> 131476 | M4: =SUBSTITUTE(O4,L4,"") -> 7460 | N4: =IF(L4=0,0,ROUND(M4/L4,5)*100) -> 5.674 | O4: =SUBSTITUTE(I4,"/","") -> 7460131476 | P4: 1.1.2024 | Q4: 31.12.2024 | R4: 1.1.2024 - 31.12.2024 | V4: 1093900039
A5: Byt č. 939/04 | B5: D.A.B. Property s.r.o. | C5: Pastviny 645/3, 624 00 Brno | D5: kotek.vladimir@gmail.com | E5: 603 792 968 | F5: 0 | G5: 82.88 | H5: 72.08 | I5: 7208/131476 | J5: 109390004 | K5: 1204578001/2700 | L5: =IF(I5=0,0,RIGHT(I5,LEN(I5)-SEARCH("/",I5,1))) -> 131476 | M5: =SUBSTITUTE(O5,L5,"") -> 7208 | N5: =IF(L5=0,0,ROUND(M5/L5,5)*100) -> 5.482 | O5: =SUBSTITUTE(I5,"/","") -> 7208131476 | P5: 1.1.2024 | Q5: 31.12.2024 | R5: 1.1.2024 - 31.12.2024 | V5: 1093900049
A6: Byt č. 939/05 | B6: Jana Vaňková | C6: č. p. 276, 66404 Hostěnice | D6: jana.van@post.cz | E6: 774229922 | F6: 1 | G6: 73.5 | H6: 62.3 | I6: 6350/131476 | J6: 109390005 | K6: 1011006824/6100 | L6: =IF(I6=0,0,RIGHT(I6,LEN(I6)-SEARCH("/",I6,1))) -> 131476 | M6: =SUBSTITUTE(O6,L6,"") -> 6350 | N6: =IF(L6=0,0,ROUND(M6/L6,5)*100) -> 4.83 | O6: =SUBSTITUTE(I6,"/","") -> 6350131476 | P6: 1.1.2024 | Q6: 31.12.2024 | R6: 1.1.2024 - 31.12.2024 | V6: 1093900059
A7: Byt č. 939/06 | B7: Ing. Milan Kosť | C7: 42, 570 01 Poříčí u Litomyšle | D7: milan.kost@email.cz | E7: 777338203 | F7: 0 | G7: 75.3 | H7: 74.1 | I7: 6610/131476 | J7: 9390601 | K7: 2600228518/2010 | L7: =IF(I7=0,0,RIGHT(I7,LEN(I7)-SEARCH("/",I7,1))) -> 131476 | M7: =SUBSTITUTE(O7,L7,"") -> 6610 | N7: =IF(L7=0,0,ROUND(M7/L7,5)*100) -> 5.028 | O7: =SUBSTITUTE(I7,"/","") -> 6610131476 | P7: 1.1.2024 | Q7: 31.12.2024 | R7: 1.1.2024 - 31.12.2024 | V7: 93906019
A8: Byt č. 939/07 | B8: MUDr. Ernest Biroš | C8: Újezdy 590/11,614 00 Brno | D8: ernest.biros@fnusa.cz | E8: 776 235 263 | F8: 0 | G8: 75.3 | H8: 65.3 | I8: 6530/131476 | J8: 109390007 | K8: 4086994023/0800 | L8: =IF(I8=0,0,RIGHT(I8,LEN(I8)-SEARCH("/",I8,1))) -> 131476 | M8: =SUBSTITUTE(O8,L8,"") -> 6530 | N8: =IF(L8=0,0,ROUND(M8/L8,5)*100) -> 4.967 | O8: =SUBSTITUTE(I8,"/","") -> 6530131476 | P8: 1.1.2024 | Q8: 31.12.2024 | R8: 1.1.2024 - 31.12.2024 | V8: 1093900079
A9: Byt č. 939/08 | B9: Ing. Miloš Vorba | C9: Zborovská 939/2, 616 00 Brno-Žabovřesky | D9: vorba@volny.cz | E9: 608632338 | F9: 1 | G9: 72.08 | H9: 72.08 | I9: 7208/131476 | J9: 109390008 | K9: 2600095532/2010 | L9: =IF(I9=0,0,RIGHT(I9,LEN(I9)-SEARCH("/",I9,1))) -> 131476 | M9: =SUBSTITUTE(O9,L9,"") -> 7208 | N9: =IF(L9=0,0,ROUND(M9/L9,5)*100) -> 5.482 | O9: =SUBSTITUTE(I9,"/","") -> 7208131476 | P9: 1.1.2024 | Q9: 31.12.2024 | R9: 1.1.2024 - 31.12.2024 | V9: 1093900089
A10: Byt č. 939/09 | B10: Ing. Milan Kosť | C10: 42, 570 01 Poříčí u Litomyšle | D10: milan.kost@email.cz | E10: 777338203 | F10: 1 | G10: 72.5 | H10: 62.05 | I10: 6350/131476 | J10: 109390009 | K10: 2600228518/2010 | L10: =IF(I10=0,0,RIGHT(I10,LEN(I10)-SEARCH("/",I10,1))) -> 131476 | M10: =SUBSTITUTE(O10,L10,"") -> 6350 | N10: =IF(L10=0,0,ROUND(M10/L10,5)*100) -> 4.83 | O10: =SUBSTITUTE(I10,"/","") -> 6350131476 | P10: 1.1.2024 | Q10: 31.12.2024 | R10: 1.1.2024 - 31.12.2024 | V10: 1093900099
A11: Byt č. 939/10 | B11: Jonáš Holcner | C11: Dobrovského 1872/88, 612 00 Brno | D11: jojkos@gmail.com | E11: 721334220 | F11: 0 | G11: 74.1 | H11: 65 | I11: 6610/131476 | J11: 109390010 | K11: 1538177013/3030 | L11: =IF(I11=0,0,RIGHT(I11,LEN(I11)-SEARCH("/",I11,1))) -> 131476 | M11: =SUBSTITUTE(O11,L11,"") -> 6610 | N11: =IF(L11=0,0,ROUND(M11/L11,5)*100) -> 5.028 | O11: =SUBSTITUTE(I11,"/","") -> 6610131476 | P11: 1.1.2024 | Q11: 31.12.2024 | R11: 1.1.2024 - 31.12.2024 | V11: 1093900109
A12: Byt č. 939/11 | B12: Jiří Brandtner | C12: Nad kašnou 1157/21, 635 00 Brno-Bystrc | D12: jbrandtner@me.com | E12: 724672451 | F12: 0 | G12: 70.55 | H12: 65.3 | I12: 6530/131476 | J12: 19390011 | K12: 178368216/0300 | L12: =IF(I12=0,0,RIGHT(I12,LEN(I12)-SEARCH("/",I12,1))) -> 131476 | M12: =SUBSTITUTE(O12,L12,"") -> 6530 | N12: =IF(L12=0,0,ROUND(M12/L12,5)*100) -> 4.967 | O12: =SUBSTITUTE(I12,"/","") -> 6530131476 | P12: 1.1.2024 | Q12: 31.12.2024 | R12: 1.1.2024 - 31.12.2024 | V12: 193900119
A13: Byt č. 939/12 | B13: Patricie Kučerňáková | C13: Hlavní 6, 667 01 Vojkovice | D13: pkucernakova@seznam.cz | E13: 773963451 | F13: 1 | G13: 83.33 | H13: 72.08 | I13: 7208/131476 | J13: 109390012 | K13: 1724140505/5500 | L13: =IF(I13=0,0,RIGHT(I13,LEN(I13)-SEARCH("/",I13,1))) -> 131476 | M13: =SUBSTITUTE(O13,L13,"") -> 7208 | N13: =IF(L13=0,0,ROUND(M13/L13,5)*100) -> 5.482 | O13: =SUBSTITUTE(I13,"/","") -> 7208131476 | P13: 1.1.2024 | Q13: 31.12.2024 | R13: 1.1.2024 - 31.12.2024 | V13: 1093900129
A14: Byt č. 939/13 | B14: Ronald Barták | C14: Zborovská 939/2, 616 00 Brno-Žabovřesky | D14: ronald.bartak@sportrontour.cz | E14: 776033159 | F14: 0 | G14: 71.5 | H14: 67.39 | I14: 6350/131476 | J14: 109390013 | K14: 1120084012/3030 | L14: =IF(I14=0,0,RIGHT(I14,LEN(I14)-SEARCH("/",I14,1))) -> 131476 | M14: =SUBSTITUTE(O14,L14,"") -> 6350 | N14: =IF(L14=0,0,ROUND(M14/L14,5)*100) -> 4.83 | O14: =SUBSTITUTE(I14,"/","") -> 6350131476 | P14: 1.1.2024 | Q14: 31.12.2024 | R14: 1.1.2024 - 31.12.2024 | V14: 1093900139
A15: Byt č. 939/14 | B15: Ing. František Řezníček | C15: Zborovská 939/2, 616 00 Brno | D15: reznicek@abhdesign.cz | E15: 734853708 | F15: 1 | G15: 70.6 | H15: 60.9 | I15: 6610/131476 | J15: 109390014 | K15: 43-4933260267/0100 | L15: =IF(I15=0,0,RIGHT(I15,LEN(I15)-SEARCH("/",I15,1))) -> 131476 | M15: =SUBSTITUTE(O15,L15,"") -> 6610 | N15: =IF(L15=0,0,ROUND(M15/L15,5)*100) -> 5.028 | O15: =SUBSTITUTE(I15,"/","") -> 6610131476 | P15: 1.1.2024 | Q15: 31.12.2024 | R15: 1.1.2024 - 31.12.2024 | V15: 1093900149
A16: Byt č. 939/15 | B16: Ivanka Otáhalová | C16: Zborovská 939/2, 616 00 Brno-Žabovřesky | D16: otahalova.i@email.cz | E16: 776842176 | F16: 1 | G16: 76.3 | H16: 65.3 | I16: 6530/131476 | J16: 109390015 | K16: 102141891/0300 | L16: =IF(I16=0,0,RIGHT(I16,LEN(I16)-SEARCH("/",I16,1))) -> 131476 | M16: =SUBSTITUTE(O16,L16,"") -> 6530 | N16: =IF(L16=0,0,ROUND(M16/L16,5)*100) -> 4.967 | O16: =SUBSTITUTE(I16,"/","") -> 6530131476 | P16: 1.1.2024 | Q16: 31.12.2024 | R16: 1.1.2024 - 31.12.2024 | V16: 1093900159
A17: Byt č. 939/16 | B17: Lenka Bajerová | C17: Karla Guta 1646/1, Uhříněves, 10400 Praha 10 | D17: janikoval@seznam.cz | E17: 732958743 | F17: 2 | G17: 48.33 | H17: 0 | I17: 4833/131476 | J17: 109390016 | K17: 2515037143/0800 | L17: =IF(I17=0,0,RIGHT(I17,LEN(I17)-SEARCH("/",I17,1))) -> 131476 | M17: =SUBSTITUTE(O17,L17,"") -> 4833 | N17: =IF(L17=0,0,ROUND(M17/L17,5)*100) -> 3.676 | O17: =SUBSTITUTE(I17,"/","") -> 4833131476 | P17: 1.1.2024 | Q17: 31.12.2024 | R17: 1.1.2024 - 31.12.2024 | V17: 1093900169
A18: Byt č. 939/17 | B18: Michal Dekan | C18: Zborovská 939/2, 616 00 Brno | D18: michal.dekan@gmail.com | E18: 721528606 | F18: 1 | G18: 54.55 | H18: 0 | I18: 5455/131476 | J18: 93917002 | L18: =IF(I18=0,0,RIGHT(I18,LEN(I18)-SEARCH("/",I18,1))) -> 131476 | M18: =SUBSTITUTE(O18,L18,"") -> 5455 | N18: =IF(L18=0,0,ROUND(M18/L18,5)*100) -> 4.149 | O18: =SUBSTITUTE(I18,"/","") -> 5455131476 | P18: 01.06.2024 | Q18: 31.12.2024 | R18: 01.06.2024 - 31.12.2024 | V18: 939170029
A19: Byt č. 939/17 P | B19: Ing. Stanislav Ferenc | C19: Podjavorinskej 6, 080 05 Prešov, Slovensko | D19: ferenc.stanislav@gmail.com | E19: +41 76 777 85 45 | F19: 1 | G19: 54.55 | H19: 0 | I19: 5455/131476 | J19: 109390017 | K19: 670100-2208716445/6210 | L19: =IF(I19=0,0,RIGHT(I19,LEN(I19)-SEARCH("/",I19,1))) -> 131476 | M19: =SUBSTITUTE(O19,L19,"") -> 5455 | N19: =IF(L19=0,0,ROUND(M19/L19,5)*100) -> 4.149 | O19: =SUBSTITUTE(I19,"/","") -> 5455131476 | P19: 1.1.2024 | Q19: 31.05.2024 | R19: 1.1.2024 - 31.05.2024 | V19: 1093900179
A20: Byt č. 939/18 | B20: Ing. Petr Džiuban | C20: Královopolské Vážany 226, 683 01 Rousínov | D20: dzubik@post.cz | E20: 702243800 | F20: 1 | G20: 32 | H20: 0 | I20: 3200/131476 | J20: 109390018 | K20: 1188831133/0800 | L20: =IF(I20=0,0,RIGHT(I20,LEN(I20)-SEARCH("/",I20,1))) -> 131476 | M20: =SUBSTITUTE(O20,L20,"") -> 3200 | N20: =IF(L20=0,0,ROUND(M20/L20,5)*100) -> 2.434 | O20: =SUBSTITUTE(I20,"/","") -> 3200131476 | P20: 1.1.2024 | Q20: 31.12.2024 | R20: 1.1.2024 - 31.12.2024 | V20: 1093900189
A21: Byt č. 939/19 | B21: Ing. Richard Ficek | C21: Zborovská 939/2, 616 00 Brno | D21: ficek@overax.eu | E21: 605860810 | F21: 1 | G21: 151.65 | H21: 0 | I21: 14205/131476 | J21: 109390019 | K21: 7686934001/5500 | L21: =IF(I21=0,0,RIGHT(I21,LEN(I21)-SEARCH("/",I21,1))) -> 131476 | M21: =SUBSTITUTE(O21,L21,"") -> 14205 | N21: =IF(L21=0,0,ROUND(M21/L21,5)*100) -> 10.804 | O21: =SUBSTITUTE(I21,"/","") -> 14205131476 | P21: 1.1.2024 | Q21: 31.12.2024 | R21: 1.1.2024 - 31.12.2024 | V21: 1093900199
L22: =IF(I22=0,0,RIGHT(I22,LEN(I22)-SEARCH("/",I22,1))) -> 0 | M22: =SUBSTITUTE(O22,L22,"") | N22: =IF(L22=0,0,ROUND(M22/L22,5)*100) -> 0 | O22: =SUBSTITUTE(I22,"/","") | V22: 427219
L23: =IF(I23=0,0,RIGHT(I23,LEN(I23)-SEARCH("/",I23,1))) -> 0 | M23: =SUBSTITUTE(O23,L23,"") | N23: =IF(L23=0,0,ROUND(M23/L23,5)*100) -> 0 | O23: =SUBSTITUTE(I23,"/","") | V23: 427229
L24: =IF(I24=0,0,RIGHT(I24,LEN(I24)-SEARCH("/",I24,1))) -> 0 | M24: =SUBSTITUTE(O24,L24,"") | N24: =IF(L24=0,0,ROUND(M24/L24,5)*100) -> 0 | O24: =SUBSTITUTE(I24,"/","") | V24: 427239
L25: =IF(I25=0,0,RIGHT(I25,LEN(I25)-SEARCH("/",I25,1))) -> 0 | M25: =SUBSTITUTE(O25,L25,"") | N25: =IF(L25=0,0,ROUND(M25/L25,5)*100) -> 0 | O25: =SUBSTITUTE(I25,"/","") | V25: 427249
L26: =IF(I26=0,0,RIGHT(I26,LEN(I26)-SEARCH("/",I26,1))) -> 0 | M26: =SUBSTITUTE(O26,L26,"") | N26: =IF(L26=0,0,ROUND(M26/L26,5)*100) -> 0 | O26: =SUBSTITUTE(I26,"/","") | V26: 427259
L27: =IF(I27=0,0,RIGHT(I27,LEN(I27)-SEARCH("/",I27,1))) -> 0 | M27: =SUBSTITUTE(O27,L27,"") | N27: =IF(L27=0,0,ROUND(M27/L27,5)*100) -> 0 | O27: =SUBSTITUTE(I27,"/","") | V27: 427269
L28: =IF(I28=0,0,RIGHT(I28,LEN(I28)-SEARCH("/",I28,1))) -> 0 | M28: =SUBSTITUTE(O28,L28,"") | N28: =IF(L28=0,0,ROUND(M28/L28,5)*100) -> 0 | O28: =SUBSTITUTE(I28,"/","") | V28: 428019
L29: =IF(I29=0,0,RIGHT(I29,LEN(I29)-SEARCH("/",I29,1))) -> 0 | M29: =SUBSTITUTE(O29,L29,"") | N29: =IF(L29=0,0,ROUND(M29/L29,5)*100) -> 0 | O29: =SUBSTITUTE(I29,"/","") | V29: 428029
L30: =IF(I30=0,0,RIGHT(I30,LEN(I30)-SEARCH("/",I30,1))) -> 0 | M30: =SUBSTITUTE(O30,L30,"") | N30: =IF(L30=0,0,ROUND(M30/L30,5)*100) -> 0 | O30: =SUBSTITUTE(I30,"/","") | V30: 428039
L31: =IF(I31=0,0,RIGHT(I31,LEN(I31)-SEARCH("/",I31,1))) -> 0 | M31: =SUBSTITUTE(O31,L31,"") | N31: =IF(L31=0,0,ROUND(M31/L31,5)*100) -> 0 | O31: =SUBSTITUTE(I31,"/","") | V31: 428049
L32: =IF(I32=0,0,RIGHT(I32,LEN(I32)-SEARCH("/",I32,1))) -> 0 | M32: =SUBSTITUTE(O32,L32,"") | N32: =IF(L32=0,0,ROUND(M32/L32,5)*100) -> 0 | O32: =SUBSTITUTE(I32,"/","") | V32: 428059
L33: =IF(I33=0,0,RIGHT(I33,LEN(I33)-SEARCH("/",I33,1))) -> 0 | M33: =SUBSTITUTE(O33,L33,"") | N33: =IF(L33=0,0,ROUND(M33/L33,5)*100) -> 0 | O33: =SUBSTITUTE(I33,"/","") | V33: 428069
... L59: =IF(I59=0,0,RIGHT(I59,LEN(I59)-SEARCH("/",I59,1))) -> 0 | M59: =SUBSTITUTE(O59,L59,"") | N59: =IF(L59=0,0,ROUND(M59/L59,5)*100) -> 0 | O59: =SUBSTITUTE(I59,"/","") | V59: 428329
L60: =IF(I60=0,0,RIGHT(I60,LEN(I60)-SEARCH("/",I60,1))) -> 0 | M60: =SUBSTITUTE(O60,L60,"") | N60: =IF(L60=0,0,ROUND(M60/L60,5)*100) -> 0 | O60: =SUBSTITUTE(I60,"/","")
L61: =IF(I61=0,0,RIGHT(I61,LEN(I61)-SEARCH("/",I61,1))) -> 0 | M61: =SUBSTITUTE(O61,L61,"") | N61: =IF(L61=0,0,ROUND(M61/L61,5)*100) -> 0 | O61: =SUBSTITUTE(I61,"/","")
L62: =IF(I62=0,0,RIGHT(I62,LEN(I62)-SEARCH("/",I62,1))) -> 0 | M62: =SUBSTITUTE(O62,L62,"") | N62: =IF(L62=0,0,ROUND(M62/L62,5)*100) -> 0 | O62: =SUBSTITUTE(I62,"/","")
L63: =IF(I63=0,0,RIGHT(I63,LEN(I63)-SEARCH("/",I63,1))) -> 0 | M63: =SUBSTITUTE(O63,L63,"") | N63: =IF(L63=0,0,ROUND(M63/L63,5)*100) -> 0 | O63: =SUBSTITUTE(I63,"/","")
L64: =IF(I64=0,0,RIGHT(I64,LEN(I64)-SEARCH("/",I64,1))) -> 0 | M64: =SUBSTITUTE(O64,L64,"") | N64: =IF(L64=0,0,ROUND(M64/L64,5)*100) -> 0 | O64: =SUBSTITUTE(I64,"/","")
L65: =IF(I65=0,0,RIGHT(I65,LEN(I65)-SEARCH("/",I65,1))) -> 0 | M65: =SUBSTITUTE(O65,L65,"") | N65: =IF(L65=0,0,ROUND(M65/L65,5)*100) -> 0 | O65: =SUBSTITUTE(I65,"/","")
L66: =IF(I66=0,0,RIGHT(I66,LEN(I66)-SEARCH("/",I66,1))) -> 0 | M66: =SUBSTITUTE(O66,L66,"") | N66: =IF(L66=0,0,ROUND(M66/L66,5)*100) -> 0 | O66: =SUBSTITUTE(I66,"/","")
L67: =IF(I67=0,0,RIGHT(I67,LEN(I67)-SEARCH("/",I67,1))) -> 0 | M67: =SUBSTITUTE(O67,L67,"") | N67: =IF(L67=0,0,ROUND(M67/L67,5)*100) -> 0 | O67: =SUBSTITUTE(I67,"/","")
L68: =IF(I68=0,0,RIGHT(I68,LEN(I68)-SEARCH("/",I68,1))) -> 0 | M68: =SUBSTITUTE(O68,L68,"") | N68: =IF(L68=0,0,ROUND(M68/L68,5)*100) -> 0 | O68: =SUBSTITUTE(I68,"/","")
L69: =IF(I69=0,0,RIGHT(I69,LEN(I69)-SEARCH("/",I69,1))) -> 0 | M69: =SUBSTITUTE(O69,L69,"") | N69: =IF(L69=0,0,ROUND(M69/L69,5)*100) -> 0 | O69: =SUBSTITUTE(I69,"/","")
L70: =IF(I70=0,0,RIGHT(I70,LEN(I70)-SEARCH("/",I70,1))) -> 0 | M70: =SUBSTITUTE(O70,L70,"") | N70: =IF(L70=0,0,ROUND(M70/L70,5)*100) -> 0 | O70: =SUBSTITUTE(I70,"/","")
L71: =IF(I71=0,0,RIGHT(I71,LEN(I71)-SEARCH("/",I71,1))) -> 0 | M71: =SUBSTITUTE(O71,L71,"") | N71: =IF(L71=0,0,ROUND(M71/L71,5)*100) -> 0 | O71: =SUBSTITUTE(I71,"/","")
... L103: =IF(I103=0,0,RIGHT(I103,LEN(I103)-SEARCH("/",I103,1))) -> 0 | M103: =SUBSTITUTE(O103,L103,"") | N103: =IF(L103=0,0,ROUND(M103/L103,5)*100) -> 0 | O103: =SUBSTITUTE(I103,"/","")
A104: =COUNTA(A2:A103) -> 20 | F104: =SUM(F2:F103) -> 14 | G104: =SUM(G2:G103) -> 1494.91 | H104: =SUM(H2:H103) -> 1036.36 | L104: =SUM(L2:L103) -> 0 | N104: =SUM(N2:N103) -> 104.151

Sheet faktury za služby
A1: název | B1: Rok | C1: ='vstupní data'!#REF! -> #REF! | D1: ='vstupní data'!#REF! -> #REF! | E1: ='vstupní data'!#REF! -> #REF! | F1: ='vstupní data'!#REF! -> #REF! | G1: ='vstupní data'!#REF! -> #REF! | H1: ='vstupní data'!#REF! -> #REF! | I1: ='vstupní data'!#REF! -> #REF! | J1: ='vstupní data'!#REF! -> #REF! | ... R1: ='vstupní data'!#REF! -> #REF! | S1: příjem SVJ | T1: výdaje SVJ | U1: ='vstupní data'!#REF! -> #REF! | V1: ='vstupní data'!#REF! -> #REF! | W1: Celkem za rok
A2: ='Bytové domy'!A2 -> Společenství pro dům č.p. 629, Lidická 39 | B2: =VD_za_rok -> 2024 | C2: 12423.11 | D2: 22886 | E2: 2250 | F2: 16437 | G2: 0 | H2: 68956 | W2: =SUM(C2:V2) -> 122952.11
A3: ='Bytové domy'!A3 -> Společenství pro dům Zborovská 939/2, Brno | B3: =VD_za_rok -> 2024 | C3: 6612.58 | D3: 26000 | E3: 6766 | F3: 18644 | H3: 79773 | M3: =2280*12 -> 27360 | O3: 44839 | W3: =SUM(C3:V3) -> 209994.58
A4: ='Bytové domy'!A4 -> Společenství vlastníků domu Provazníkova č. p. 1655, obec Brno | B4: =VD_za_rok -> 2024 | C4: 29932.15 | D4: 36360 | F4: 18434 | H4: =I31 -> 0 | L4: 333447.09 | M4: 51480 | N4: 16514 | P4: =O27 -> 2260.06 | Q4: =O26 -> 2260.06 | W4: =SUM(C4:V4) -> 490687.36
A5: ='Bytové domy'!A5 -> Společenství vlastníků domu Uzbecká 4, Brno | B5: =VD_za_rok -> 2024 | C5: =2349.67+3759.85 -> 6109.52 | D5: 13858 | H5: =D20 -> 98157 | I5: =E20 -> 0 | J5: =F24*1.15 -> 39696.505 | K5: =F25*1.15 -> 92625.864 | L5: 161 906,32 | M5: =16*120*12 -> 23040 | W5: =IFERROR(SUM(C5:V5),0) -> 273486.89
A6: ='Bytové domy'!A6 -> Společenství vlastníků jednotek Brno, Stojanova 368/4 | B6: =VD_za_rok -> 2024 | C6: 3806.08 | D6: 14160 | F6: 18487.3 | H6: =C38 -> 106211.71 | I6: =D48 -> 29501.41 | J6: =F43 -> 24363.25 | K6: =F44 -> 56847.59 | L6: 118041.22 | M6: 28880 | N6: 16446 | R6: 28800 | V6: =3600+4102 -> 7702 | W6: =SUM(C6:V6)-J6-K6 -> 372035.72
A7: ='Bytové domy'!A7 -> Společenství vlastníků jednotek domu Zborovská 32, 34, č. p. 2080, 2081, Brno | B7: =VD_za_rok -> 2024 | C7: 10065.22 | D7: 19440 | H7: 58696.09 | I7: 31197.38 | L7: 46796.07 | M7: 31680 | N7: 0 | W7: =SUM(C7:V7)-J7-K7 -> 197874.76
A8: ='Bytové domy'!A8 -> Společenství vlastníků jednotek pro dům Kotlářská 23, Brno | B8: =VD_za_rok -> 2024 | C8: 9421.24 | D8: 84399 | F8: 9427.73 | H8: 135028.97 | I8: 54399.99 | J8: 341476.35 | L8: 279864 | M8: 97440 | N8: 32756 | R8: =48029+12006 -> 60035 | S8: 0 | T8: 0 | U8: 252684.53 | V8: 62534 | W8: =SUM(C8:V8) -> 1419466.8
A9: ='Bytové domy'!A9 -> Společenství vlastníků jednotek Vídeňská 842/34, Brno | B9: =VD_za_rok -> 2024 | C9: 2640.96 | D9: 14400 | F9: 12624 | H9: 122155.55 | I9: 98648.23 | J9: 102254.65 | L9: 148507.57 | M9: 31200 | N9: 4504 | O9: 13920 | S9: 672000 | T9: 0 | W9: =SUM(C9:V9)-J9-K9 -> 1120600.3
A10: ='Bytové domy'!A10 -> Společenství vlastníků Kotlářská 38, Brno | B10: =VD_za_rok -> 2024 | C10: 61059.44 | D10: 14400 | F10: 11674.02 | H10: 70272.48 | I10: 44699.56 | J10: 102251.44 | L10: 153377.47 | M10: =2600*3+9*110*20 -> 27600 | N10: 4504 | O10: 14400 | S10: 0 | T10: 0 | W10: =SUM(C10:V10)-J10-K10 -> 401986.97
A11: ='Bytové domy'!A11 -> Společenství vlastníků Listnatá 4, Lišejníková 3, Brno | B11: =VD_za_rok -> 2024 | C11: 115521 | D11: 45000 | E11: 47768 | F11: 6027 | H11: 127870.02 | I11: 181127 | L11: 271690 | M11: 44330 | N11: 25534 | S11: 62400 | T11: 22039 | U11: 4219 | V11: 595 | W11: =SUM(C11:V11)-J10-K10 -> 851868.58
A12: ='Bytové domy'!A12 -> Společenství vlastníků Mikšíčkova 20, Brno - společenství vlastníků | B12: =VD_za_rok -> 2024
A13: ='Bytové domy'!A13 -> Společenství vlastníků pro dům Neptun | B13: =VD_za_rok -> 2024
A14: ='Bytové domy'!A14 -> Společenství vlastníků pro dům Poříčí 615/13 v Brně | B14: =VD_za_rok -> 2024
A15: ='Bytové domy'!A15 -> Společenství vlastníků U Leskavy 26-E, Brno | B15: =VD_za_rok -> 2024
A16: 1 | B16: 2 | C16: 3 | D16: 4 | E16: 5 | F16: 6 | G16: 7 | H16: 8 | I16: 9 | J16: 10 | K16: 11 | L16: 12 | M16: 13 | N16: 14 | O16: 15 | P16: 16 | Q16: 17 | R16: 18 | S16: 19 | T16: 20 | U16: 21 | V16: 22 | W16: 23
A17: MENU | C17: =("Zborovská 32 a 34 rozpočítání vody "&'vstupní data'!B12&"") -> Zborovská 32 a 34 rozpočítání vody 2024 | I17: Vodoměry Vídeňská - ztráty k rozúčtování | N17: Voda celkem za rok - opsat z excel voda
C18: voda celkem | D18: SV | E18: TV | F18: celkem | I18: Místnost | J18: Počáteční stav | K18: Odečtená hodnota | L18: Spotřeba | M18: Spotřeba po odečtení | N18: =51098+43449+13973 -> 108520
C19: 98157 | D19: ='Vodoměry SV'!I104 -> 146.679 | E19: ='Vodoměry TUV'!I115 -> 0 | F19: =D19+E19 -> 146.679 | I19: kočárkárna | J19: 9.823 | K19: 10.248 | L19: =K19-J19 -> 0.425 | M19: =L19 -> 0.425 | N19: částka k rozúčtování bez ztrát zadat do OS
C20: zadat celková cena za vodu za rok s DPH | D20: =ROUND(D19/$F$19*$C$19,2) -> 98157 | E20: =ROUND(E19/$F$19*$C$19,2) -> 0 | I20: hl vodoměr | J20: x | K20: x | L20: 1064 | M20: ='faktury za služby'!L20-'Vodoměry SV'!I104 -> 917.321 | N20: =N18-Faktury!E10 -> 108520
I21: spotřeba, bere se tato je v tom i kočárkárna | M21: =M20 -> 917.321
C22: Výpočet základní a spotřební složky
D23: Částka bez DPH | E23: DPH | F23: S DPH 10%
C24: základní složka 30% | D24: =25220.68+6159.96 -> 31380.64 | E24: 10 | F24: =ROUND(D24*(E24/100+1),2) -> 34518.7 | I24: U Leskavy - výpočet nákladů garáž a sklep
C25: spotřební složka 70% | D25: 73222.03 | E25: 10 | F25: =ROUND(D25*(E25/100+1),2) -> 80544.23 | J25: osvětlení | K25: správa | L25: podíl pro pojištění | M25: pojištění | N25: úklid a další služby (revize) | O25: Celkem
C26: vyplnit z faktury od tepláren tam je pozor uvedena částka bez DPH | I26: sklepy | J26: =Faktury!G4 -> 19.74 | K26: =Faktury!G11 -> 2240.32 | L26: 3.75 | M26: =Faktury!E12*L26/100 -> 0 | N26: 0 | O26: =K26+M26+N26+J26 -> 2260.06
I27: garáž | J27: =Faktury!G4 -> 19.74 | K27: =Faktury!G11 -> 2240.32 | L27: 8.63 | M27: =Faktury!E12*L27/100 -> 0 | N27: 0 | O27: =K27+M27+N27+J27 -> 2260.06
I29: Kotlářská 38
I30: voda celkem | J30: SV | K30: TV | L30: celkem
J31: ='Vodoměry SV'!I123 -> 0 | K31: ='Vodoměry TUV'!I123 -> 0 | L31: =J31+K31 -> 0
J32: =J31/$F$38*$C$38 -> 0 | K32: =K31/$F$38*$C$38 -> 0
I34: =("Faktury zaplacané za rok "&'vstupní data'!B12&"") -> Faktury zaplacané za rok 2024
I35: viz samotný excel voda | J35: 153503 | K35: * vyplň na konci roku dle faktur pozor DPH 15
C36: =("Kotlářská 38 "&'vstupní data'!B12&"") -> Kotlářská 38 2024
C37: SV voda celkem bez ALFA | D37: SV | E37: TV | F37: celkem
C38: =SUM(D42:D47) -> 106211.71 | D38: ='Vodoměry SV'!I104 -> 146.679 | E38: ='Vodoměry TUV'!I115 -> 0 | F38: =D38+E38 -> 146.679 | I38: Voda Zborovská 2
D39: =D38/$F$38*$C$38 -> 106211.71 | E39: =E38/$F$38*$C$38 -> 0 | I39: spotřeba celkem | J39: 868 | K39: Spotřeba byty s vodoměry se ztrátou 5% | M39: Spotřeba byty bez vodoměrů | O39: OK|23
I40: byty s vodoměry | J40: ='Vodoměry SV'!I104 -> 146.679 | K40: =J40*1.05 -> 154.01295 | M40: =J39-K40 -> 713.98705
C41: =("Faktury zaplacané za rok "&'vstupní data'!#REF!&"") -> #REF! | I41: Faktura za rok | J41: 88529 | K41: zadat fakturaci za rok | O41: OK|23
C42: viz samotný excel voda | D42: 106211.71 | E42: * vyplň na konci roku dle faktur pozor DPH 15 | I42: bez vodoměrů | J42: ='Počet osob'!W29 -> 75347.33
E43: základní složka | F43: =ROUND(F45*0.3,2) -> 24363.25 | I43: s vodoměry | J43: =J41-J42 -> 13181.67
E44: spotřební složka | F44: =ROUND(F45*0.7,2) -> 56847.59 | I44: kontrola | J44: =J43+J42 -> 88529
E45: celkem | F45: =ROUND(70618.12*1.15,2) -> 81210.84 | I45: celkem | J45: =J41 -> 88529
F46: zadat hodnotu celkem
C48: AlfaCOM na TUV | D48: 29501.41
C51: Úvoz 59 b,c | I51: Moravany
C52: Služba | D52: Částka | E52: Pozn | F52: Jednotek | I52: Celková spotřeba kWh objekt | J52: Celkem za elektřinu [Kč] | K52: Cena za [kWh] | L52: Spotřeba garáž [kWh] | M52: Spotřeba dům [kWh]
C53: Výtah 427/59b | D53: =25377.69-14988.92 -> 10388.77 | E53: náklady na výtah bez oprav jen Schindler servis | F53: 1577.41 | G53: OK|23 | I53: 6053 | J53: 60267 | K53: =ROUND(J53/I53,2) -> 9.96 | L53: 717.71 | M53: =ROUND(I53-L53,2) -> 5335.29 | N53: OK|23
C54: Výtah 428/59c | D54: 12424.46 | F54: 2035.11 | G54: OK|23 | K54: Spotřeba garáží [Kč] - faktura za el vyhřívání od Višnová 6 | L54: 11897 | N54: OK|23
C55: Elektřina 427/59b | D55: 12085.17 | E55: spotřeba elektřiny | F55: 1577.41 | G55: OK|23 | K55: Spotřeba [Kč/rok] | L55: =ROUND(L53*K53+L54,2) -> 19045.39 | M55: =ROUND(M53*K53,2) -> 53139.49 | N55: OK|23
C56: Elektřina 428/59c | D56: 6924.72 | F56: 2035.11 | G56: OK|23

Sheet Parametry
A1: Jednotka | B1: Internet | C1: Komín - revize
A2: Byt č. 939/01 | B2: 0 | C2: 1
A3: Byt č. 939/02 | B3: 0 | C3: 1
A4: Byt č. 939/03 | B4: 0 | C4: 0
A5: Byt č. 939/04 | B5: 0 | C5: 0
A6: Byt č. 939/05 | B6: 3540 | C6: 1
A7: Byt č. 939/06 | B7: 1344 | C7: 0
A8: Byt č. 939/07 | B8: 8952 | C8: 0
A9: Byt č. 939/08 | B9: 5544 | C9: 1
A10: Byt č. 939/09 | B10: 6456 | C10: 1
A11: Byt č. 939/10 | B11: 0 | C11: 0
A12: Byt č. 939/11 | B12: 0 | C12: 0
A13: Byt č. 939/12 | B13: 5544 | C13: 1
... A21: Byt č. 939/19 | B21: 0 | C21: 1

Sheet Počet osob
A1: Název | B1: Člen | C1: 1 | D1: 2 | E1: 3 | F1: 4 | G1: 5 | H1: 6 | I1: 7 | J1: 8 | K1: 9 | L1: 10 | M1: 11 | N1: 12 | O1: součet | P1: Výtah (počet osob) | Q1: Voda (Zborovská 2) | S1: Vodoměr nebo ne | T1: Směrné číslo [m3/osoba] | U1: Spotřeba dle osob | V1: Přepočet | W1: Spotřeba | X1: Počet měsíců užívání v roce 2019 Provazníkova | Y1: Podíl x počet měsíců | AB1: castka k rozuctovani | AC1: ='faktury za služby'!E11 -> 47768 | AD1: 100
A2: Byt č. 939/01 | B2: Martin Klíma | C2: 4 | D2: 4 | E2: 4 | F2: 4 | G2: 4 | H2: 4 | I2: 4 | J2: 4 | K2: 4 | L2: 4 | M2: 4 | N2: 4 | O2: =SUM(C2:N2) -> 48 | P2: =IF(Výtahy!B2="ano",O2,0) -> 0 | Q2: =O2 -> 48 | R2: 1.NP | S2: =IF(OR(ISNUMBER(SEARCH("Byt č. 939/16", A2)), ISNUMBER(SEARCH("Byt č. 939/17", A2)), ISNUMBER(SEARCH("Byt č. 939/18", A2)), ISNUMBER(SEARCH("Byt č. 939/19", A2))), "vodomer",0) -> 0 | T2: 35 | U2: =ROUND(IF(S2=0,O2/12*$T$2,0),2) -> 140 | V2: =ROUND(U2*'faktury za služby'!$M$40/$U$29,3) -> 91.147 | W2: =ROUND(V2*VD_Cena_BVak,2) -> 9618.74 | X2: 10 | Y2: =X2*Evidence!N2/100 -> 0.8103 | Z2: =ROUND(Y2/$Y$104*100,2) -> 7.77 | AA2: =ROUND($AC$1*Z2/100,2) -> 3711.57 | AB2: celková částka za rok bez zohlednění měsíců | AC2: 11
A3: Byt č. 939/02 | B3: Oksana Polovko | C3: 4 | D3: 4 | E3: 4 | F3: 4 | G3: 4 | H3: 4 | I3: 4 | J3: 4 | K3: 4 | L3: 4 | M3: 4 | N3: 4 | O3: =SUM(C3:N3) -> 48 | P3: =IF(Výtahy!B3="ano",O3,0) -> 0 | Q3: =O3 -> 48 | R3: 1.NP | S3: =IF(OR(ISNUMBER(SEARCH("Byt č. 939/16", A3)), ISNUMBER(SEARCH("Byt č. 939/17", A3)), ISNUMBER(SEARCH("Byt č. 939/18", A3)), ISNUMBER(SEARCH("Byt č. 939/19", A3))), "vodomer",0) -> 0 | U3: =ROUND(IF(S3=0,O3/12*$T$2,0),2) -> 140 | V3: =ROUND(U3*'faktury za služby'!$M$40/$U$29,3) -> 91.147 | W3: =ROUND(V3*VD_Cena_BVak,2) -> 9618.74 | X3: 7 | Y3: =X3*Evidence!N3/100 -> 0.29687 | Z3: =ROUND(Y3/$Y$104*100,2) -> 2.85 | AA3: =ROUND($AC$1*Z3/100,2) -> 1361.39
A4: Byt č. 939/03 | B4: Kristýna Teplíková | C4: 3 | D4: 3 | E4: 3 | F4: 3 | G4: 3 | H4: 3 | I4: 3 | J4: 3 | K4: 3 | L4: 3 | M4: 3 | N4: 3 | O4: =SUM(C4:N4) -> 36 | P4: =IF(Výtahy!B4="ano",O4,0) -> 0 | Q4: =O4 -> 36 | R4: 1.NP | S4: =IF(OR(ISNUMBER(SEARCH("Byt č. 939/16", A4)), ISNUMBER(SEARCH("Byt č. 939/17", A4)), ISNUMBER(SEARCH("Byt č. 939/18", A4)), ISNUMBER(SEARCH("Byt č. 939/19", A4))), "vodomer",0) -> 0 | U4: =ROUND(IF(S4=0,O4/12*$T$2,0),2) -> 105 | V4: =ROUND(U4*'faktury za služby'!$M$40/$U$29,3) -> 68.36 | W4: =ROUND(V4*VD_Cena_BVak,2) -> 7214.03 | X4: 10 | Y4: =X4*Evidence!N4/100 -> 0.5674 | Z4: =ROUND(Y4/$Y$104*100,2) -> 5.44 | AA4: =ROUND($AC$1*Z4/100,2) -> 2598.58
A5: Byt č. 939/04 | B5: D.A.B. Property s.r.o. | C5: 1 | D5: 1 | E5: 1 | F5: 1 | G5: 1 | H5: 1 | I5: 1 | J5: 1 | K5: 1 | L5: 1 | M5: 1 | N5: 1 | O5: =SUM(C5:N5) -> 12 | P5: =IF(Výtahy!B5="ano",O5,0) -> 12 | Q5: =O5 -> 12 | S5: =IF(OR(ISNUMBER(SEARCH("Byt č. 939/16", A5)), ISNUMBER(SEARCH("Byt č. 939/17", A5)), ISNUMBER(SEARCH("Byt č. 939/18", A5)), ISNUMBER(SEARCH("Byt č. 939/19", A5))), "vodomer",0) -> 0 | U5: =ROUND(IF(S5=0,O5/12*$T$2,0),2) -> 35 | V5: =ROUND(U5*'faktury za služby'!$M$40/$U$29,3) -> 22.787 | W5: =ROUND(V5*VD_Cena_BVak,2) -> 2404.71 | X5: 9 | Y5: =X5*Evidence!N5/100 -> 0.49338 | Z5: =ROUND(Y5/$Y$104*100,2) -> 4.73 | AA5: =ROUND($AC$1*Z5/100,2) -> 2259.43
A6: Byt č. 939/05 | B6: Jana Vaňková | C6: 1 | D6: 1 | E6: 1 | F6: 1 | G6: 1 | H6: 1 | I6: 1 | J6: 1 | K6: 1 | L6: 1 | M6: 1 | N6: 1 | O6: =SUM(C6:N6) -> 12 | P6: =IF(Výtahy!B6="ano",O6,0) -> 12 | Q6: =O6 -> 12 | S6: =IF(OR(ISNUMBER(SEARCH("Byt č. 939/16", A6)), ISNUMBER(SEARCH("Byt č. 939/17", A6)), ISNUMBER(SEARCH("Byt č. 939/18", A6)), ISNUMBER(SEARCH("Byt č. 939/19", A6))), "vodomer",0) -> 0 | U6: =ROUND(IF(S6=0,O6/12*$T$2,0),2) -> 35 | V6: =ROUND(U6*'faktury za služby'!$M$40/$U$29,3) -> 22.787 | W6: =ROUND(V6*VD_Cena_BVak,2) -> 2404.71 | X6: 10 | Y6: =X6*Evidence!N6/100 -> 0.483 | Z6: =ROUND(Y6/$Y$104*100,2) -> 4.63 | AA6: =ROUND($AC$1*Z6/100,2) -> 2211.66
A7: Byt č. 939/06 | B7: Ing. Milan Kosť | C7: 1 | D7: 1 | E7: 1 | F7: 1 | G7: 1 | H7: 1 | I7: 1 | J7: 1 | K7: 4 | L7: 4 | M7: 4 | N7: 4 | O7: =SUM(C7:N7) -> 24 | P7: =IF(Výtahy!B7="ano",O7,0) -> 24 | Q7: =O7 -> 24 | S7: =IF(OR(ISNUMBER(SEARCH("Byt č. 939/16", A7)), ISNUMBER(SEARCH("Byt č. 939/17", A7)), ISNUMBER(SEARCH("Byt č. 939/18", A7)), ISNUMBER(SEARCH("Byt č. 939/19", A7))), "vodomer",0) -> 0 | U7: =ROUND(IF(S7=0,O7/12*$T$2,0),2) -> 70 | V7: =ROUND(U7*'faktury za služby'!$M$40/$U$29,3) -> 45.574 | W7: =ROUND(V7*VD_Cena_BVak,2) -> 4809.42 | X7: 7 | Y7: =X7*Evidence!N7/100 -> 0.35196 | Z7: =ROUND(Y7/$Y$104*100,2) -> 3.38 | AA7: =ROUND($AC$1*Z7/100,2) -> 1614.56
A8: Byt č. 939/07 | B8: MUDr. Ernest Biroš | C8: 1 | D8: 1 | E8: 1 | F8: 1 | G8: 1 | H8: 1 | I8: 2 | J8: 2 | K8: 2 | L8: 2 | M8: 2 | N8: 2 | O8: =SUM(C8:N8) -> 18 | P8: =IF(Výtahy!B8="ano",O8,0) -> 18 | Q8: =O8 -> 18 | S8: =IF(OR(ISNUMBER(SEARCH("Byt č. 939/16", A8)), ISNUMBER(SEARCH("Byt č. 939/17", A8)), ISNUMBER(SEARCH("Byt č. 939/18", A8)), ISNUMBER(SEARCH("Byt č. 939/19", A8))), "vodomer",0) -> 0 | U8: =ROUND(IF(S8=0,O8/12*$T$2,0),2) -> 52.5 | V8: =ROUND(U8*'faktury za služby'!$M$40/$U$29,3) -> 34.18 | W8: =ROUND(V8*VD_Cena_BVak,2) -> 3607.02 | X8: 11 | Y8: =X8*Evidence!N8/100 -> 0.54637 | Z8: =ROUND(Y8/$Y$104*100,2) -> 5.24 | AA8: =ROUND($AC$1*Z8/100,2) -> 2503.04
A9: Byt č. 939/08 | B9: Ing. Miloš Vorba | C9: 1 | D9: 1 | E9: 1 | F9: 1 | G9: 1 | H9: 1 | I9: 1 | J9: 1 | K9: 1 | L9: 1 | M9: 1 | N9: 1 | O9: =SUM(C9:N9) -> 12 | P9: =IF(Výtahy!B9="ano",O9,0) -> 12 | Q9: =O9 -> 12 | S9: =IF(OR(ISNUMBER(SEARCH("Byt č. 939/16", A9)), ISNUMBER(SEARCH("Byt č. 939/17", A9)), ISNUMBER(SEARCH("Byt č. 939/18", A9)), ISNUMBER(SEARCH("Byt č. 939/19", A9))), "vodomer",0) -> 0 | U9: =ROUND(IF(S9=0,O9/12*$T$2,0),2) -> 35 | V9: =ROUND(U9*'faktury za služby'!$M$40/$U$29,3) -> 22.787 | W9: =ROUND(V9*VD_Cena_BVak,2) -> 2404.71 | X9: 11 | Y9: =X9*Evidence!N9/100 -> 0.60302 | Z9: =ROUND(Y9/$Y$104*100,2) -> 5.78 | AA9: =ROUND($AC$1*Z9/100,2) -> 2760.99
A10: Byt č. 939/09 | B10: Ing. Milan Kosť | C10: 2 | D10: 2 | E10: 2 | F10: 2 | G10: 2 | H10: 2 | I10: 2 | J10: 2 | K10: 2 | L10: 2 | M10: 2 | N10: 2 | O10: =SUM(C10:N10) -> 24 | P10: =IF(Výtahy!B10="ano",O10,0) -> 24 | Q10: =O10 -> 24 | S10: =IF(OR(ISNUMBER(SEARCH("Byt č. 939/16", A10)), ISNUMBER(SEARCH("Byt č. 939/17", A10)), ISNUMBER(SEARCH("Byt č. 939/18", A10)), ISNUMBER(SEARCH("Byt č. 939/19", A10))), "vodomer",0) -> 0 | U10: =ROUND(IF(S10=0,O10/12*$T$2,0),2) -> 70 | V10: =ROUND(U10*'faktury za služby'!$M$40/$U$29,3) -> 45.574 | W10: =ROUND(V10*VD_Cena_BVak,2) -> 4809.42 | X10: 11 | Y10: =X10*Evidence!N10/100 -> 0.5313 | Z10: =ROUND(Y10/$Y$104*100,2) -> 5.1 | AA10: =ROUND($AC$1*Z10/100,2) -> 2436.17
A11: Byt č. 939/10 | B11: Jonáš Holcner | C11: 1 | D11: 1 | E11: 2 | F11: 2 | G11: 2 | H11: 2 | I11: 2 | J11: 2 | K11: 2 | L11: 2 | M11: 2 | N11: 2 | O11: =SUM(C11:N11) -> 22 | P11: =IF(Výtahy!B11="ano",O11,0) -> 22 | Q11: =O11 -> 22 | S11: =IF(OR(ISNUMBER(SEARCH("Byt č. 939/16", A11)), ISNUMBER(SEARCH("Byt č. 939/17", A11)), ISNUMBER(SEARCH("Byt č. 939/18", A11)), ISNUMBER(SEARCH("Byt č. 939/19", A11))), "vodomer",0) -> 0 | U11: =ROUND(IF(S11=0,O11/12*$T$2,0),2) -> 64.17 | V11: =ROUND(U11*'faktury za služby'!$M$40/$U$29,3) -> 41.778 | W11: =ROUND(V11*VD_Cena_BVak,2) -> 4408.83 | X11: 11 | Y11: =X11*Evidence!N11/100 -> 0.55308 | Z11: =ROUND(Y11/$Y$104*100,2) -> 5.3 | AA11: =ROUND($AC$1*Z11/100,2) -> 2531.7
A12: Byt č. 939/11 | B12: Eva Brandtnerová | C12: 1 | D12: 1 | E12: 1 | F12: 1 | G12: 1 | H12: 1 | I12: 1 | J12: 1 | K12: 1 | L12: 1 | M12: 1 | N12: 1 | O12: =SUM(C12:N12) -> 12 | P12: =IF(Výtahy!B12="ano",O12,0) -> 12 | Q12: =O12 -> 12 | S12: =IF(OR(ISNUMBER(SEARCH("Byt č. 939/16", A12)), ISNUMBER(SEARCH("Byt č. 939/17", A12)), ISNUMBER(SEARCH("Byt č. 939/18", A12)), ISNUMBER(SEARCH("Byt č. 939/19", A12))), "vodomer",0) -> 0 | U12: =ROUND(IF(S12=0,O12/12*$T$2,0),2) -> 35 | V12: =ROUND(U12*'faktury za služby'!$M$40/$U$29,3) -> 22.787 | W12: =ROUND(V12*VD_Cena_BVak,2) -> 2404.71 | X12: 11 | Y12: =X12*Evidence!N12/100 -> 0.54637 | Z12: =ROUND(Y12/$Y$104*100,2) -> 5.24 | AA12: =ROUND($AC$1*Z12/100,2) -> 2503.04
A13: Byt č. 939/12 | B13: Patricie Kučerňáková | C13: 1 | D13: 1 | E13: 1 | F13: 1 | G13: 1 | H13: 1 | I13: 1 | J13: 1 | K13: 1 | L13: 1 | M13: 1 | N13: 1 | O13: =SUM(C13:N13) -> 12 | P13: =IF(Výtahy!B13="ano",O13,0) -> 12 | Q13: =O13 -> 12 | S13: =IF(OR(ISNUMBER(SEARCH("Byt č. 939/16", A13)), ISNUMBER(SEARCH("Byt č. 939/17", A13)), ISNUMBER(SEARCH("Byt č. 939/18", A13)), ISNUMBER(SEARCH("Byt č. 939/19", A13))), "vodomer",0) -> 0 | U13: =ROUND(IF(S13=0,O13/12*$T$2,0),2) -> 35 | V13: =ROUND(U13*'faktury za služby'!$M$40/$U$29,3) -> 22.787 | W13: =ROUND(V13*VD_Cena_BVak,2) -> 2404.71 | X13: 10 | Y13: =X13*Evidence!N13/100 -> 0.5482 | Z13: =ROUND(Y13/$Y$104*100,2) -> 5.26 | AA13: =ROUND($AC$1*Z13/100,2) -> 2512.6
A14: Byt č. 939/13 | B14: Ronald Barták | C14: 2 | D14: 2 | E14: 2 | F14: 2 | G14: 2 | H14: 2 | I14: 2 | J14: 2 | K14: 2 | L14: 2 | M14: 2 | N14: 2 | O14: =SUM(C14:N14) -> 24 | P14: =IF(Výtahy!B14="ano",O14,0) -> 24 | Q14: =O14 -> 24 | S14: =IF(OR(ISNUMBER(SEARCH("Byt č. 939/16", A14)), ISNUMBER(SEARCH("Byt č. 939/17", A14)), ISNUMBER(SEARCH("Byt č. 939/18", A14)), ISNUMBER(SEARCH("Byt č. 939/19", A14))), "vodomer",0) -> 0 | U14: =ROUND(IF(S14=0,O14/12*$T$2,0),2) -> 70 | V14: =ROUND(U14*'faktury za služby'!$M$40/$U$29,3) -> 45.574 | W14: =ROUND(V14*VD_Cena_BVak,2) -> 4809.42 | X14: 10 | Y14: =X14*Evidence!N14/100 -> 0.483 | Z14: =ROUND(Y14/$Y$104*100,2) -> 4.63 | AA14: =ROUND($AC$1*Z14/100,2) -> 2211.66
A15: Byt č. 939/14 | B15: Ing. František Řezníček | C15: 4 | D15: 4 | E15: 4 | F15: 4 | G15: 4 | H15: 4 | I15: 4 | J15: 4 | K15: 4 | L15: 4 | M15: 4 | N15: 4 | O15: =SUM(C15:N15) -> 48 | P15: =IF(Výtahy!B15="ano",O15,0) -> 48 | Q15: =O15 -> 48 | S15: =IF(OR(ISNUMBER(SEARCH("Byt č. 939/16", A15)), ISNUMBER(SEARCH("Byt č. 939/17", A15)), ISNUMBER(SEARCH("Byt č. 939/18", A15)), ISNUMBER(SEARCH("Byt č. 939/19", A15))), "vodomer",0) -> 0 | U15: =ROUND(IF(S15=0,O15/12*$T$2,0),2) -> 140 | V15: =ROUND(U15*'faktury za služby'!$M$40/$U$29,3) -> 91.147 | W15: =ROUND(V15*VD_Cena_BVak,2) -> 9618.74 | X15: 10 | Y15: =X15*Evidence!N15/100 -> 0.5028 | Z15: =ROUND(Y15/$Y$104*100,2) -> 4.82 | AA15: =ROUND($AC$1*Z15/100,2) -> 2302.42
A16: Byt č. 939/15 | B16: Ivanka Otáhalová | C16: 2 | D16: 2 | E16: 2 | F16: 2 | G16: 2 | H16: 2 | I16: 2 | J16: 2 | K16: 2 | L16: 2 | M16: 2 | N16: 2 | O16: =SUM(C16:N16) -> 24 | P16: =IF(Výtahy!B16="ano",O16,0) -> 24 | Q16: =O16 -> 24 | S16: =IF(OR(ISNUMBER(SEARCH("Byt č. 939/16", A16)), ISNUMBER(SEARCH("Byt č. 939/17", A16)), ISNUMBER(SEARCH("Byt č. 939/18", A16)), ISNUMBER(SEARCH("Byt č. 939/19", A16))), "vodomer",0) -> 0 | U16: =ROUND(IF(S16=0,O16/12*$T$2,0),2) -> 70 | V16: =ROUND(U16*'faktury za služby'!$M$40/$U$29,3) -> 45.574 | W16: =ROUND(V16*VD_Cena_BVak,2) -> 4809.42 | X16: 8 | Y16: =X16*Evidence!N16/100 -> 0.39736 | Z16: =ROUND(Y16/$Y$104*100,2) -> 3.81 | AA16: =ROUND($AC$1*Z16/100,2) -> 1819.96
... A21: Byt č. 939/19 | B21: Ing. Richard Ficek | C21: 1 | D21: 1 | E21: 1 | F21: 1 | G21: 1 | H21: 1 | I21: 1 | J21: 1 | K21: 1 | L21: 1 | M21: 1 | N21: 1 | O21: =SUM(C21:N21) -> 12 | P21: =IF(Výtahy!B21="ano",O21,0) -> 12 | Q21: =O21 -> 12 | S21: =IF(OR(ISNUMBER(SEARCH("Byt č. 939/16", A21)), ISNUMBER(SEARCH("Byt č. 939/17", A21)), ISNUMBER(SEARCH("Byt č. 939/18", A21)), ISNUMBER(SEARCH("Byt č. 939/19", A21))), "vodomer",0) -> vodomer | U21: =ROUND(IF(S21=0,O21/12*$T$2,0),2) -> 0 | V21: =ROUND(U21*'faktury za služby'!$M$40/$U$29,3) -> 0 | W21: =ROUND(V21*VD_Cena_BVak,2) -> 0 | X21: 11 | Y21: =X21*Evidence!N21/100 -> 1.18844 | Z21: =ROUND(Y21/$Y$104*100,2) -> 11.4 | AA21: =ROUND($AC$1*Z21/100,2) -> 5445.55
O22: =SUM(C22:N22) -> 0 | P22: =IF(Výtahy!B22="ano",O22,0) -> 0 | Q22: =O22 -> 0 | S22: =IF(OR(ISNUMBER(SEARCH("Byt č. 939/16", A22)), ISNUMBER(SEARCH("Byt č. 939/17", A22)), ISNUMBER(SEARCH("Byt č. 939/18", A22)), ISNUMBER(SEARCH("Byt č. 939/19", A22))), "vodomer",0) -> 0 | U22: =ROUND(IF(S22=0,O22/12*$T$2,0),2) -> 0 | V22: =ROUND(U22*'faktury za služby'!$M$40/$U$29,3) -> 0 | W22: =ROUND(V22*VD_Cena_BVak,2) -> 0 | X22: 11 | Y22: =X22*Evidence!N22/100 -> 0 | Z22: =ROUND(Y22/$Y$104*100,2) -> 0 | AA22: =ROUND($AC$1*Z22/100,2) -> 0
O23: =SUM(C23:N23) -> 0 | P23: =IF(Výtahy!B23="ano",O23,0) -> 0 | Q23: =O23 -> 0 | S23: =IF(OR(ISNUMBER(SEARCH("Byt č. 939/16", A23)), ISNUMBER(SEARCH("Byt č. 939/17", A23)), ISNUMBER(SEARCH("Byt č. 939/18", A23)), ISNUMBER(SEARCH("Byt č. 939/19", A23))), "vodomer",0) -> 0 | U23: =ROUND(IF(S23=0,O23/12*$T$2,0),2) -> 0 | V23: =ROUND(U23*'faktury za služby'!$M$40/$U$29,3) -> 0 | W23: =ROUND(V23*VD_Cena_BVak,2) -> 0 | X23: 11 | Y23: =X23*Evidence!N23/100 -> 0 | Z23: =ROUND(Y23/$Y$104*100,2) -> 0 | AA23: =ROUND($AC$1*Z23/100,2) -> 0
O24: =SUM(C24:N24) -> 0 | P24: =IF(Výtahy!B24="ano",O24,0) -> 0 | Q24: =O24 -> 0 | S24: =IF(OR(ISNUMBER(SEARCH("Byt č. 939/16", A24)), ISNUMBER(SEARCH("Byt č. 939/17", A24)), ISNUMBER(SEARCH("Byt č. 939/18", A24)), ISNUMBER(SEARCH("Byt č. 939/19", A24))), "vodomer",0) -> 0 | U24: =ROUND(IF(S24=0,O24/12*$T$2,0),2) -> 0 | V24: =ROUND(U24*'faktury za služby'!$M$40/$U$29,3) -> 0 | W24: =ROUND(V24*VD_Cena_BVak,2) -> 0 | X24: 8 | Y24: =X24*Evidence!N24/100 -> 0 | Z24: =ROUND(Y24/$Y$104*100,2) -> 0 | AA24: =ROUND($AC$1*Z24/100,2) -> 0
O25: =SUM(C25:N25) -> 0 | P25: =IF(Výtahy!B25="ano",O25,0) -> 0 | Q25: =O25 -> 0 | S25: =IF(OR(ISNUMBER(SEARCH("Byt č. 939/16", A25)), ISNUMBER(SEARCH("Byt č. 939/17", A25)), ISNUMBER(SEARCH("Byt č. 939/18", A25)), ISNUMBER(SEARCH("Byt č. 939/19", A25))), "vodomer",0) -> 0 | U25: =ROUND(IF(S25=0,O25/12*$T$2,0),2) -> 0 | V25: =ROUND(U25*'faktury za služby'!$M$40/$U$29,3) -> 0 | W25: =ROUND(V25*VD_Cena_BVak,2) -> 0 | X25: 9 | Y25: =X25*Evidence!N25/100 -> 0 | Z25: =ROUND(Y25/$Y$104*100,2) -> 0 | AA25: =ROUND($AC$1*Z25/100,2) -> 0
O26: =SUM(C26:N26) -> 0 | P26: =IF(Výtahy!B26="ano",O26,0) -> 0 | Q26: =O26 -> 0 | S26: =IF(OR(ISNUMBER(SEARCH("Byt č. 939/16", A26)), ISNUMBER(SEARCH("Byt č. 939/17", A26)), ISNUMBER(SEARCH("Byt č. 939/18", A26)), ISNUMBER(SEARCH("Byt č. 939/19", A26))), "vodomer",0) -> 0 | U26: =ROUND(IF(S26=0,O26/12*$T$2,0),2) -> 0 | V26: =ROUND(U26*'faktury za služby'!$M$40/$U$29,3) -> 0 | W26: =ROUND(V26*VD_Cena_BVak,2) -> 0 | X26: 9 | Y26: =X26*Evidence!N26/100 -> 0 | Z26: =ROUND(Y26/$Y$104*100,2) -> 0 | AA26: =ROUND($AC$1*Z26/100,2) -> 0
O27: =SUM(C27:N27) -> 0 | P27: =IF(Výtahy!B27="ano",O27,0) -> 0 | Q27: =O27 -> 0 | S27: =IF(OR(ISNUMBER(SEARCH("Byt č. 939/16", A27)), ISNUMBER(SEARCH("Byt č. 939/17", A27)), ISNUMBER(SEARCH("Byt č. 939/18", A27)), ISNUMBER(SEARCH("Byt č. 939/19", A27))), "vodomer",0) -> 0 | U27: =ROUND(IF(S27=0,O27/12*$T$2,0),2) -> 0 | V27: =ROUND(U27*'faktury za služby'!$M$40/$U$29,3) -> 0 | W27: =ROUND(V27*VD_Cena_BVak,2) -> 0 | X27: 9 | Y27: =X27*Evidence!N27/100 -> 0 | Z27: =ROUND(Y27/$Y$104*100,2) -> 0 | AA27: =ROUND($AC$1*Z27/100,2) -> 0
O28: =SUM(C28:N28) -> 0 | P28: =IF(Výtahy!B28="ano",O28,0) -> 0 | Q28: =O28 -> 0 | S28: =IF(OR(ISNUMBER(SEARCH("Byt č. 939/16", A28)), ISNUMBER(SEARCH("Byt č. 939/17", A28)), ISNUMBER(SEARCH("Byt č. 939/18", A28)), ISNUMBER(SEARCH("Byt č. 939/19", A28))), "vodomer",0) -> 0 | U28: =ROUND(IF(S28=0,O28/12*$T$2,0),2) -> 0 | V28: =ROUND(U28*'faktury za služby'!$M$40/$U$29,3) -> 0 | W28: =ROUND(V28*VD_Cena_BVak,2) -> 0 | X28: 7 | Y28: =X28*Evidence!N28/100 -> 0 | Z28: =ROUND(Y28/$Y$104*100,2) -> 0 | AA28: =ROUND($AC$1*Z28/100,2) -> 0
O29: =SUM(C29:N29) -> 0 | P29: =IF(Výtahy!B29="ano",O29,0) -> 0 | Q29: =O29 -> 0 | T29: Celkem | U29: =ROUND(SUM(U2:U28),3) -> 1096.67 | W29: =SUM(W2:W28) -> 75347.33 | X29: 11 | Y29: =X29*Evidence!N29/100 -> 0 | Z29: =ROUND(Y29/$Y$104*100,2) -> 0 | AA29: =ROUND($AC$1*Z29/100,2) -> 0
O30: =SUM(C30:N30) -> 0 | P30: =IF(Výtahy!B30="ano",O30,0) -> 0 | Q30: =O30 -> 0 | X30: 7 | Y30: =X30*Evidence!N30/100 -> 0 | Z30: =ROUND(Y30/$Y$104*100,2) -> 0 | AA30: =ROUND($AC$1*Z30/100,2) -> 0
O31: =SUM(C31:N31) -> 0 | P31: =IF(Výtahy!B31="ano",O31,0) -> 0 | Q31: =O31 -> 0 | X31: 2 | Y31: =X31*Evidence!N31/100 -> 0 | Z31: =ROUND(Y31/$Y$104*100,2) -> 0 | AA31: =ROUND($AC$1*Z31/100,2) -> 0
O32: =SUM(C32:N32) -> 0 | P32: =IF(Výtahy!B32="ano",O32,0) -> 0 | Q32: =O32 -> 0 | X32: 11 | Y32: =X32*Evidence!N32/100 -> 0 | Z32: =ROUND(Y32/$Y$104*100,2) -> 0 | AA32: =ROUND($AC$1*Z32/100,2) -> 0
O33: =SUM(C33:N33) -> 0 | P33: =IF(Výtahy!B33="ano",O33,0) -> 0 | Q33: =O33 -> 0 | X33: 0 | Y33: =X33*Evidence!N33/100 -> 0 | Z33: =ROUND(Y33/$Y$104*100,2) -> 0 | AA33: =ROUND($AC$1*Z33/100,2) -> 0
O34: =SUM(C34:N34) -> 0 | P34: =IF(Výtahy!B34="ano",O34,0) -> 0 | Q34: =O34 -> 0 | X34: 4 | Y34: =X34*Evidence!N34/100 -> 0 | Z34: =ROUND(Y34/$Y$104*100,2) -> 0 | AA34: =ROUND($AC$1*Z34/100,2) -> 0
O35: =SUM(C35:N35) -> 0 | P35: =IF(Výtahy!B35="ano",O35,0) -> 0 | Q35: =O35 -> 0 | X35: 6 | Y35: =X35*Evidence!N35/100 -> 0 | Z35: =ROUND(Y35/$Y$104*100,2) -> 0 | AA35: =ROUND($AC$1*Z35/100,2) -> 0
O36: =SUM(C36:N36) -> 0 | P36: =IF(Výtahy!B36="ano",O36,0) -> 0 | Q36: =O36 -> 0 | X36: 10 | Y36: =X36*Evidence!N36/100 -> 0 | Z36: =ROUND(Y36/$Y$104*100,2) -> 0 | AA36: =ROUND($AC$1*Z36/100,2) -> 0
O37: =SUM(C37:N37) -> 0 | P37: =IF(Výtahy!B37="ano",O37,0) -> 0 | Q37: =O37 -> 0 | X37: 9 | Y37: =X37*Evidence!N37/100 -> 0 | Z37: =ROUND(Y37/$Y$104*100,2) -> 0 | AA37: =ROUND($AC$1*Z37/100,2) -> 0
O38: =SUM(C38:N38) -> 0 | P38: =IF(Výtahy!B38="ano",O38,0) -> 0 | Q38: =O38 -> 0 | X38: 8 | Y38: =X38*Evidence!N38/100 -> 0 | Z38: =ROUND(Y38/$Y$104*100,2) -> 0 | AA38: =ROUND($AC$1*Z38/100,2) -> 0
O39: =SUM(C39:N39) -> 0 | P39: =IF(Výtahy!B39="ano",O39,0) -> 0 | Q39: =O39 -> 0 | X39: 9 | Y39: =X39*Evidence!N39/100 -> 0 | Z39: =ROUND(Y39/$Y$104*100,2) -> 0 | AA39: =ROUND($AC$1*Z39/100,2) -> 0
O40: =SUM(C40:N40) -> 0 | P40: =IF(Výtahy!B40="ano",O40,0) -> 0 | Q40: =O40 -> 0 | X40: 7 | Y40: =X40*Evidence!N40/100 -> 0 | Z40: =ROUND(Y40/$Y$104*100,2) -> 0 | AA40: =ROUND($AC$1*Z40/100,2) -> 0
O41: =SUM(C41:N41) -> 0 | P41: =IF(Výtahy!B41="ano",O41,0) -> 0 | Q41: =O41 -> 0 | X41: 7 | Y41: =X41*Evidence!N41/100 -> 0 | Z41: =ROUND(Y41/$Y$104*100,2) -> 0 | AA41: =ROUND($AC$1*Z41/100,2) -> 0
... O44: =SUM(C44:N44) -> 0 | P44: =IF(Výtahy!B44="ano",O44,0) -> 0 | Q44: =O44 -> 0 | X44: 2 | Y44: =X44*Evidence!N44/100 -> 0 | Z44: =ROUND(Y44/$Y$104*100,2) -> 0 | AA44: =ROUND($AC$1*Z44/100,2) -> 0
O45: =SUM(C45:N45) -> 0 | P45: =IF(Výtahy!B45="ano",O45,0) -> 0 | Q45: =O45 -> 0 | Y45: =X45*Evidence!N45/100 -> 0 | Z45: =ROUND(Y45/$Y$104*100,2) -> 0 | AA45: =ROUND($AC$1*Z45/100,2) -> 0
O46: =SUM(C46:N46) -> 0 | P46: =IF(Výtahy!B46="ano",O46,0) -> 0 | Q46: =O46 -> 0 | Y46: =X46*Evidence!N46/100 -> 0 | Z46: =ROUND(Y46/$Y$104*100,2) -> 0 | AA46: =ROUND($AC$1*Z46/100,2) -> 0
O47: =SUM(C47:N47) -> 0 | P47: =IF(Výtahy!B47="ano",O47,0) -> 0 | Q47: =O47 -> 0 | Y47: =X47*Evidence!N47/100 -> 0 | Z47: =ROUND(Y47/$Y$104*100,2) -> 0 | AA47: =ROUND($AC$1*Z47/100,2) -> 0
O48: =SUM(C48:N48) -> 0 | P48: =IF(Výtahy!B48="ano",O48,0) -> 0 | Q48: =O48 -> 0 | Y48: =X48*Evidence!N48/100 -> 0 | Z48: =ROUND(Y48/$Y$104*100,2) -> 0 | AA48: =ROUND($AC$1*Z48/100,2) -> 0
O49: =SUM(C49:N49) -> 0 | P49: =IF(Výtahy!B49="ano",O49,0) -> 0 | Q49: =O49 -> 0 | Y49: =X49*Evidence!N49/100 -> 0 | Z49: =ROUND(Y49/$Y$104*100,2) -> 0 | AA49: =ROUND($AC$1*Z49/100,2) -> 0
O50: =SUM(C50:N50) -> 0 | P50: =IF(Výtahy!B50="ano",O50,0) -> 0 | Q50: =O50 -> 0 | Y50: =X50*Evidence!N50/100 -> 0 | Z50: =ROUND(Y50/$Y$104*100,2) -> 0 | AA50: =ROUND($AC$1*Z50/100,2) -> 0
O51: =SUM(C51:N51) -> 0 | P51: =IF(Výtahy!B51="ano",O51,0) -> 0 | Q51: =O51 -> 0 | Y51: =X51*Evidence!N51/100 -> 0 | Z51: =ROUND(Y51/$Y$104*100,2) -> 0 | AA51: =ROUND($AC$1*Z51/100,2) -> 0
O52: =SUM(C52:N52) -> 0 | P52: =IF(Výtahy!B52="ano",O52,0) -> 0 | Q52: =O52 -> 0 | Y52: =X52*Evidence!N52/100 -> 0 | Z52: =ROUND(Y52/$Y$104*100,2) -> 0 | AA52: =ROUND($AC$1*Z52/100,2) -> 0
O53: =SUM(C53:N53) -> 0 | P53: =IF(Výtahy!B53="ano",O53,0) -> 0 | Q53: =O53 -> 0 | Y53: =X53*Evidence!N53/100 -> 0 | Z53: =ROUND(Y53/$Y$104*100,2) -> 0 | AA53: =ROUND($AC$1*Z53/100,2) -> 0
O54: =SUM(C54:N54) -> 0 | P54: =IF(Výtahy!B54="ano",O54,0) -> 0 | Q54: =O54 -> 0 | Y54: =X54*Evidence!N54/100 -> 0 | Z54: =ROUND(Y54/$Y$104*100,2) -> 0 | AA54: =ROUND($AC$1*Z54/100,2) -> 0
O55: =SUM(C55:N55) -> 0 | P55: =IF(Výtahy!B55="ano",O55,0) -> 0 | Q55: =O55 -> 0 | Y55: =X55*Evidence!N55/100 -> 0 | Z55: =ROUND(Y55/$Y$104*100,2) -> 0 | AA55: =ROUND($AC$1*Z55/100,2) -> 0
O56: =SUM(C56:N56) -> 0 | P56: =IF(Výtahy!B56="ano",O56,0) -> 0 | Q56: =O56 -> 0 | Y56: =X56*Evidence!N56/100 -> 0 | Z56: =ROUND(Y56/$Y$104*100,2) -> 0 | AA56: =ROUND($AC$1*Z56/100,2) -> 0
... O103: =SUM(C103:N103) -> 0 | P103: =IF(Výtahy!B103="ano",O103,0) -> 0 | Q103: =O103 -> 0 | Y103: =X103*Evidence!N103/100 -> 0 | Z103: =ROUND(Y103/$Y$104*100,2) -> 0 | AA103: =ROUND($AC$1*Z103/100,2) -> 0
N104: celkem | O104: =SUM(O2:O103) -> 439 | P104: =SUM(P2:P103) -> 307 | Q104: =SUM(Q2:Q103) -> 439 | Y104: =SUM(Y2:Y103) -> 10.42663 | AA104: =SUM(AA2:AA103) -> 47768
X105: =SUM(X2:X104) -> 367

Sheet Předpis po mesici
A1: SEZNAM | N1: =_xlfn.XLOOKUP("N", Faktury!M:M, Faktury!A:A) -> Elektrická energie (společné prostory) | AA1: =_xlfn.XLOOKUP("AA", Faktury!M:M, Faktury!A:A) -> Úklid bytového domu | AN1: =_xlfn.XLOOKUP("AN", Faktury!M:M, Faktury!A:A) -> #N/A | BA1: =_xlfn.XLOOKUP("BA", Faktury!M:M, Faktury!A:A) -> #N/A | BN1: =_xlfn.XLOOKUP("BN", Faktury!M:M, Faktury!A:A) -> Studená voda | CA1: =_xlfn.XLOOKUP("CA", Faktury!M:M, Faktury!A:A) -> Správa domu | CN1: =_xlfn.XLOOKUP("CN", Faktury!M:M, Faktury!A:A) -> #N/A | DA1: =_xlfn.XLOOKUP("DA", Faktury!M:M, Faktury!A:A) -> #N/A | DN1: =_xlfn.XLOOKUP("DN", Faktury!M:M, Faktury!A:A) -> #N/A | EA1: =_xlfn.XLOOKUP("EA", Faktury!M:M, Faktury!A:A) -> #N/A | EN1: =_xlfn.XLOOKUP("EN", Faktury!M:M, Faktury!A:A) -> #N/A | FA1: =_xlfn.XLOOKUP("FA", Faktury!M:M, Faktury!A:A) -> #N/A | FN1: =_xlfn.XLOOKUP("FA", Faktury!M:M, Faktury!A:A) -> #N/A | GA1: =_xlfn.XLOOKUP("GA", Faktury!M:M, Faktury!A:A) -> #N/A | GN1: =_xlfn.XLOOKUP("GN", Faktury!M:M, Faktury!A:A) -> #N/A | HA1: =_xlfn.XLOOKUP("HA", Faktury!M:M, Faktury!A:A) -> #N/A | HN1: =_xlfn.XLOOKUP("HN", Faktury!M:M, Faktury!A:A) -> #N/A | IA1: =_xlfn.XLOOKUP("IA", Faktury!M:M, Faktury!A:A) -> #N/A | IN1: =_xlfn.XLOOKUP("IN", Faktury!M:M, Faktury!A:A) -> #N/A | JA1: =_xlfn.XLOOKUP("JA", Faktury!M:M, Faktury!A:A) -> #N/A | JC1: Předpisy po měsíci celkem
B2: 1 | C2: 2 | D2: 3 | E2: 4 | F2: 5 | G2: 6 | H2: 7 | I2: 8 | J2: 9 | K2: 10 | L2: 11 | M2: 12 | N2: celkem | O2: 1 | P2: 2 | Q2: 3 | R2: 4 | S2: 5 | T2: 6 | U2: 7 | V2: 8 | W2: 9 | X2: 10 | Y2: 11 | Z2: 12 | AA2: celkem | AB2: 1 | AC2: 2 | AD2: 3 | AE2: 4 | AF2: 5 | AG2: 6 | AH2: 7 | AI2: 8 | AJ2: 9 | AK2: 10 | AL2: 11 | AM2: 12 | AN2: celkem | AO2: 1 | AP2: 2 | AQ2: 3 | AR2: 4 | AS2: 5 | AT2: 6 | AU2: 7 | AV2: 8 | AW2: 9 | AX2: 10 | AY2: 11 | AZ2: 12 | BA2: celkem | BB2: 1 | BC2: 2 | BD2: 3 | BE2: 4 | BF2: 5 | BG2: 6 | BH2: 7 | BI2: 8 | BJ2: 9 | BK2: 10 | BL2: 11 | BM2: 12 | BN2: celkem | BO2: 1 | BP2: 2 | BQ2: 3 | BR2: 4 | BS2: 5 | BT2: 6 | BU2: 7 | BV2: 8 | BW2: 9 | BX2: 10 | BY2: 11 | BZ2: 12 | CA2: celkem | CB2: 1 | CC2: 2 | CD2: 3 | CE2: 4 | CF2: 5 | CG2: 6 | CH2: 7 | CI2: 8 | CJ2: 9 | CK2: 10 | CL2: 11 | CM2: 12 | CN2: celkem | CO2: 1 | CP2: 2 | CQ2: 3 | CR2: 4 | CS2: 5 | CT2: 6 | CU2: 7 | CV2: 8 | CW2: 9 | CX2: 10 | CY2: 11 | CZ2: 12 | DA2: celkem | DB2: 1 | DC2: 2 | DD2: 3 | DE2: 4 | DF2: 5 | DG2: 6 | DH2: 7 | DI2: 8 | DJ2: 9 | DK2: 10 | DL2: 11 | DM2: 12 | DN2: celkem | DO2: 1 | DP2: 2 | DQ2: 3 | DR2: 4 | DS2: 5 | DT2: 6 | DU2: 7 | DV2: 8 | DW2: 9 | DX2: 10 | DY2: 11 | DZ2: 12 | EA2: celkem | EB2: 1 | EC2: 2 | ED2: 3 | EE2: 4 | EF2: 5 | EG2: 6 | EH2: 7 | EI2: 8 | EJ2: 9 | EK2: 10 | EL2: 11 | EM2: 12 | EN2: celkem | EO2: 1 | EP2: 2 | EQ2: 3 | ER2: 4 | ES2: 5 | ET2: 6 | EU2: 7 | EV2: 8 | EW2: 9 | EX2: 10 | EY2: 11 | EZ2: 12 | FA2: celkem | FB2: 1 | FC2: 2 | FD2: 3 | FE2: 4 | FF2: 5 | FG2: 6 | FH2: 7 | FI2: 8 | FJ2: 9 | FK2: 10 | FL2: 11 | FM2: 12 | FN2: celkem | FO2: 1 | FP2: 2 | FQ2: 3 | FR2: 4 | FS2: 5 | FT2: 6 | FU2: 7 | FV2: 8 | FW2: 9 | FX2: 10 | FY2: 11 | FZ2: 12 | GA2: celkem | GB2: 1 | GC2: 2 | GD2: 3 | GE2: 4 | GF2: 5 | GG2: 6 | GH2: 7 | GI2: 8 | GJ2: 9 | GK2: 10 | GL2: 11 | GM2: 12 | GN2: celkem | GO2: 1 | GP2: 2 | GQ2: 3 | GR2: 4 | GS2: 5 | GT2: 6 | GU2: 7 | GV2: 8 | GW2: 9 | GX2: 10 | GY2: 11 | GZ2: 12 | HA2: celkem | HB2: 1 | HC2: 2 | HD2: 3 | HE2: 4 | HF2: 5 | HG2: 6 | HH2: 7 | HI2: 8 | HJ2: 9 | HK2: 10 | HL2: 11 | HM2: 12 | HN2: celkem | HO2: 1 | HP2: 2 | HQ2: 3 | HR2: 4 | HS2: 5 | HT2: 6 | HU2: 7 | HV2: 8 | HW2: 9 | HX2: 10 | HY2: 11 | HZ2: 12 | IA2: celkem | IB2: 1 | IC2: 2 | ID2: 3 | IE2: 4 | IF2: 5 | IG2: 6 | IH2: 7 | II2: 8 | IJ2: 9 | IK2: 10 | IL2: 11 | IM2: 12 | IN2: celkem | IO2: 1 | IP2: 2 | IQ2: 3 | IR2: 4 | IS2: 5 | IT2: 6 | IU2: 7 | IV2: 8 | IW2: 9 | IX2: 10 | IY2: 11 | IZ2: 12 | JA2: celkem | JC2: 1 | JD2: 2 | JE2: 3 | JF2: 4 | JG2: 5 | JH2: 6 | JI2: 7 | JJ2: 8 | JK2: 9 | JL2: 10 | JM2: 11 | JN2: 12 | JO2: celkem | JQ2: CELKEM (kontrola)
A3: Byt č. 939/01 | B3: 45 | C3: 45 | D3: 45 | E3: 45 | F3: 45 | G3: 45 | H3: 45 | I3: 45 | J3: 45 | K3: 45 | L3: 45 | M3: 45 | N3: =SUM(B3:M3) -> 540 | O3: 250 | P3: 250 | Q3: 250 | R3: 250 | S3: 250 | T3: 250 | U3: 250 | V3: 250 | W3: 250 | X3: 250 | Y3: 250 | Z3: 250 | AA3: =SUM(O3:Z3) -> 3000 | AB3: 45 | AC3: 45 | AD3: 45 | AE3: 45 | AF3: 45 | AG3: 45 | AH3: 45 | AI3: 45 | AJ3: 45 | AK3: 45 | AL3: 45 | AM3: 45 | AN3: =SUM(AB3:AM3) -> 540 | AO3: 0 | AP3: 0 | AQ3: 0 | AR3: 0 | AS3: 0 | AT3: 0 | AU3: 0 | AV3: 0 | AW3: 0 | AX3: 0 | AY3: 0 | AZ3: 0 | BA3: =SUM(AO3:AZ3) -> 0 | BB3: 690 | BC3: 690 | BD3: 690 | BE3: 690 | BF3: 690 | BG3: 690 | BH3: 690 | BI3: 690 | BJ3: 690 | BK3: 690 | BL3: 690 | BM3: 690 | BN3: =SUM(BB3:BM3) -> 8280 | BO3: 120 | BP3: 120 | BQ3: 120 | BR3: 120 | BS3: 120 | BT3: 120 | BU3: 120 | BV3: 120 | BW3: 120 | BX3: 120 | BY3: 120 | BZ3: 120 | CA3: =SUM(BO3:BZ3) -> 1440 | CB3: 2663 | CC3: 2663 | CD3: 2663 | CE3: 2663 | CF3: 2663 | CG3: 2663 | CH3: 2663 | CI3: 2663 | CJ3: 2663 | CK3: 2663 | CL3: 2663 | CM3: 2663 | CN3: =SUM(CB3:CM3) -> 31956 | CO3: 0 | CP3: 0 | CQ3: 0 | CR3: 0 | CS3: 0 | CT3: 0 | CU3: 0 | CV3: 0 | CW3: 0 | CX3: 0 | CY3: 0 | CZ3: 0 | DA3: =SUM(CO3:CZ3) -> 0 | DB3: 0 | DC3: 0 | DD3: 0 | DE3: 0 | DF3: 0 | DG3: 0 | DH3: 0 | DI3: 0 | DJ3: 0 | DK3: 0 | DL3: 0 | DM3: 0 | DN3: =SUM(DB3:DM3) -> 0 | DO3: 0 | DP3: 0 | DQ3: 0 | DR3: 0 | DS3: 0 | DT3: 0 | DU3: 0 | DV3: 0 | DW3: 0 | DX3: 0 | DY3: 0 | DZ3: 0 | EA3: =SUM(DO3:DZ3) -> 0 | EB3: 0 | EC3: 0 | ED3: 0 | EE3: 0 | EF3: 0 | EG3: 0 | EH3: 0 | EI3: 0 | EJ3: 0 | EK3: 0 | EL3: 0 | EM3: 0 | EN3: =SUM(EB3:EM3) -> 0 | EO3: 0 | EP3: 0 | EQ3: 0 | ER3: 0 | ES3: 0 | ET3: 0 | EU3: 0 | EV3: 0 | EW3: 0 | EX3: 0 | EY3: 0 | EZ3: 0 | FA3: =SUM(EO3:EZ3) -> 0 | FB3: 0 | FC3: 0 | FD3: 0 | FE3: 0 | FF3: 0 | FG3: 0 | FH3: 0 | FI3: 0 | FJ3: 0 | FK3: 0 | FL3: 0 | FM3: 0 | FN3: =SUM(FB3:FM3) -> 0 | FO3: 0 | FP3: 0 | FQ3: 0 | FR3: 0 | FS3: 0 | FT3: 0 | FU3: 0 | FV3: 0 | FW3: 0 | FX3: 0 | FY3: 0 | FZ3: 0 | GA3: =SUM(FO3:FZ3) -> 0 | GB3: 0 | GC3: 0 | GD3: 0 | GE3: 0 | GF3: 0 | GG3: 0 | GH3: 0 | GI3: 0 | GJ3: 0 | GK3: 0 | GL3: 0 | GM3: 0 | GN3: =SUM(GB3:GM3) -> 0 | GO3: 0 | GP3: 0 | GQ3: 0 | GR3: 0 | GS3: 0 | GT3: 0 | GU3: 0 | GV3: 0 | GW3: 0 | GX3: 0 | GY3: 0 | GZ3: 0 | HA3: =SUM(GO3:GZ3) -> 0 | HB3: 0 | HC3: 0 | HD3: 0 | HE3: 0 | HF3: 0 | HG3: 0 | HH3: 0 | HI3: 0 | HJ3: 0 | HK3: 0 | HL3: 0 | HM3: 0 | HN3: =SUM(HB3:HM3) -> 0 | HO3: 0 | HP3: 0 | HQ3: 0 | HR3: 0 | HS3: 0 | HT3: 0 | HU3: 0 | HV3: 0 | HW3: 0 | HX3: 0 | HY3: 0 | HZ3: 0 | IA3: =SUM(HO3:HZ3) -> 0 | IB3: 0 | IC3: 0 | ID3: 0 | IE3: 0 | IF3: 0 | IG3: 0 | IH3: 0 | II3: 0 | IJ3: 0 | IK3: 0 | IL3: 0 | IM3: 0 | IN3: =SUM(IB3:IM3) -> 0 | IO3: 0 | IP3: 0 | IQ3: 0 | IR3: 0 | IS3: 0 | IT3: 0 | IU3: 0 | IV3: 0 | IW3: 0 | IX3: 0 | IY3: 0 | IZ3: 0 | JA3: =SUM(IO3:IZ3) -> 0 | JC3: =B3+O3+AB3+AO3+BB3+BO3+CB3+CO3+DB3+DO3+EB3+EO3+FB3+FO3+GB3+GO3+HB3+HO3+IB3+IO3 -> 3813 | JD3: =C3+P3+AC3+AP3+BC3+BP3+CC3+CP3+DC3+DP3+EC3+EP3+FC3+FP3+GC3+GP3+HC3+HP3+IC3+IP3 -> 3813 | JE3: =D3+Q3+AD3+AQ3+BD3+BQ3+CD3+CQ3+DD3+DQ3+ED3+EQ3+FD3+FQ3+GD3+GQ3+HD3+HQ3+ID3+IQ3 -> 3813 | JF3: =E3+R3+AE3+AR3+BE3+BR3+CE3+CR3+DE3+DR3+EE3+ER3+FE3+FR3+GE3+GR3+HE3+HR3+IE3+IR3 -> 3813 | JG3: =F3+S3+AF3+AS3+BF3+BS3+CF3+CS3+DF3+DS3+EF3+ES3+FF3+FS3+GF3+GS3+HF3+HS3+IF3+IS3 -> 3813 | JH3: =G3+T3+AG3+AT3+BG3+BT3+CG3+CT3+DG3+DT3+EG3+ET3+FG3+FT3+GG3+GT3+HG3+HT3+IG3+IT3 -> 3813 | JI3: =H3+U3+AH3+AU3+BH3+BU3+CH3+CU3+DH3+DU3+EH3+EU3+FH3+FU3+GH3+GU3+HH3+HU3+IH3+IU3 -> 3813 | JJ3: =I3+V3+AI3+AV3+BI3+BV3+CI3+CV3+DI3+DV3+EI3+EV3+FI3+FV3+GI3+GV3+HI3+HV3+II3+IV3 -> 3813 | ... JN3: =M3+Z3+AM3+AZ3+BM3+BZ3+CM3+CZ3+DM3+DZ3+EM3+EZ3+FM3+FZ3+GM3+GZ3+HM3+HZ3+IM3+IZ3 -> 3813 | JO3: =SUM(JC3:JN3) -> 45756 | JQ3: =N3+AA3+AN3+BA3+BN3+CA3+CN3+DA3+DN3+EA3+EN3+FA3+FN3+GA3+GN3+HA3+HN3+IA3+IN3+JA3 -> 45756
A4: Byt č. 939/02 | B4: 45 | C4: 45 | D4: 45 | E4: 45 | F4: 45 | G4: 45 | H4: 45 | I4: 45 | J4: 45 | K4: 45 | L4: 45 | M4: 45 | N4: =SUM(B4:M4) -> 540 | O4: 250 | P4: 250 | Q4: 250 | R4: 250 | S4: 250 | T4: 250 | U4: 250 | V4: 250 | W4: 250 | X4: 250 | Y4: 250 | Z4: 250 | AA4: =SUM(O4:Z4) -> 3000 | AB4: 45 | AC4: 45 | AD4: 45 | AE4: 45 | AF4: 45 | AG4: 45 | AH4: 45 | AI4: 45 | AJ4: 45 | AK4: 45 | AL4: 45 | AM4: 45 | AN4: =SUM(AB4:AM4) -> 540 | AO4: 0 | AP4: 0 | AQ4: 0 | AR4: 0 | AS4: 0 | AT4: 0 | AU4: 0 | AV4: 0 | AW4: 0 | AX4: 0 | AY4: 0 | AZ4: 0 | BA4: =SUM(AO4:AZ4) -> 0 | BB4: 690 | BC4: 690 | BD4: 690 | BE4: 690 | BF4: 690 | BG4: 690 | BH4: 690 | BI4: 690 | BJ4: 690 | BK4: 690 | BL4: 690 | BM4: 690 | BN4: =SUM(BB4:BM4) -> 8280 | BO4: 120 | BP4: 120 | BQ4: 120 | BR4: 120 | BS4: 120 | BT4: 120 | BU4: 120 | BV4: 120 | BW4: 120 | BX4: 120 | BY4: 120 | BZ4: 120 | CA4: =SUM(BO4:BZ4) -> 1440 | CB4: 1394 | CC4: 1394 | CD4: 1394 | CE4: 1394 | CF4: 1394 | CG4: 1394 | CH4: 1394 | CI4: 1394 | CJ4: 1394 | CK4: 1394 | CL4: 1394 | CM4: 1394 | CN4: =SUM(CB4:CM4) -> 16728 | CO4: 0 | CP4: 0 | CQ4: 0 | CR4: 0 | CS4: 0 | CT4: 0 | CU4: 0 | CV4: 0 | CW4: 0 | CX4: 0 | CY4: 0 | CZ4: 0 | DA4: =SUM(CO4:CZ4) -> 0 | DB4: 0 | DC4: 0 | DD4: 0 | DE4: 0 | DF4: 0 | DG4: 0 | DH4: 0 | DI4: 0 | DJ4: 0 | DK4: 0 | DL4: 0 | DM4: 0 | DN4: =SUM(DB4:DM4) -> 0 | DO4: 0 | DP4: 0 | DQ4: 0 | DR4: 0 | DS4: 0 | DT4: 0 | DU4: 0 | DV4: 0 | DW4: 0 | DX4: 0 | DY4: 0 | DZ4: 0 | EA4: =SUM(DO4:DZ4) -> 0 | EB4: 0 | EC4: 0 | ED4: 0 | EE4: 0 | EF4: 0 | EG4: 0 | EH4: 0 | EI4: 0 | EJ4: 0 | EK4: 0 | EL4: 0 | EM4: 0 | EN4: =SUM(EB4:EM4) -> 0 | EO4: 0 | EP4: 0 | EQ4: 0 | ER4: 0 | ES4: 0 | ET4: 0 | EU4: 0 | EV4: 0 | EW4: 0 | EX4: 0 | EY4: 0 | EZ4: 0 | FA4: =SUM(EO4:EZ4) -> 0 | FB4: 0 | FC4: 0 | FD4: 0 | FE4: 0 | FF4: 0 | FG4: 0 | FH4: 0 | FI4: 0 | FJ4: 0 | FK4: 0 | FL4: 0 | FM4: 0 | FN4: =SUM(FB4:FM4) -> 0 | FO4: 0 | FP4: 0 | FQ4: 0 | FR4: 0 | FS4: 0 | FT4: 0 | FU4: 0 | FV4: 0 | FW4: 0 | FX4: 0 | FY4: 0 | FZ4: 0 | GA4: =SUM(FO4:FZ4) -> 0 | GB4: 0 | GC4: 0 | GD4: 0 | GE4: 0 | GF4: 0 | GG4: 0 | GH4: 0 | GI4: 0 | GJ4: 0 | GK4: 0 | GL4: 0 | GM4: 0 | GN4: =SUM(GB4:GM4) -> 0 | GO4: 0 | GP4: 0 | GQ4: 0 | GR4: 0 | GS4: 0 | GT4: 0 | GU4: 0 | GV4: 0 | GW4: 0 | GX4: 0 | GY4: 0 | GZ4: 0 | HA4: =SUM(GO4:GZ4) -> 0 | HB4: 0 | HC4: 0 | HD4: 0 | HE4: 0 | HF4: 0 | HG4: 0 | HH4: 0 | HI4: 0 | HJ4: 0 | HK4: 0 | HL4: 0 | HM4: 0 | HN4: =SUM(HB4:HM4) -> 0 | HO4: 0 | HP4: 0 | HQ4: 0 | HR4: 0 | HS4: 0 | HT4: 0 | HU4: 0 | HV4: 0 | HW4: 0 | HX4: 0 | HY4: 0 | HZ4: 0 | IA4: =SUM(HO4:HZ4) -> 0 | IB4: 0 | IC4: 0 | ID4: 0 | IE4: 0 | IF4: 0 | IG4: 0 | IH4: 0 | II4: 0 | IJ4: 0 | IK4: 0 | IL4: 0 | IM4: 0 | IN4: =SUM(IB4:IM4) -> 0 | IO4: 0 | IP4: 0 | IQ4: 0 | IR4: 0 | IS4: 0 | IT4: 0 | IU4: 0 | IV4: 0 | IW4: 0 | IX4: 0 | IY4: 0 | IZ4: 0 | JA4: =SUM(IO4:IZ4) -> 0 | JC4: =B4+O4+AB4+AO4+BB4+BO4+CB4+CO4+DB4+DO4+EB4+EO4+FB4+FO4+GB4+GO4+HB4+HO4+IB4+IO4 -> 2544 | JD4: =C4+P4+AC4+AP4+BC4+BP4+CC4+CP4+DC4+DP4+EC4+EP4+FC4+FP4+GC4+GP4+HC4+HP4+IC4+IP4 -> 2544 | JE4: =D4+Q4+AD4+AQ4+BD4+BQ4+CD4+CQ4+DD4+DQ4+ED4+EQ4+FD4+FQ4+GD4+GQ4+HD4+HQ4+ID4+IQ4 -> 2544 | JF4: =E4+R4+AE4+AR4+BE4+BR4+CE4+CR4+DE4+DR4+EE4+ER4+FE4+FR4+GE4+GR4+HE4+HR4+IE4+IR4 -> 2544 | JG4: =F4+S4+AF4+AS4+BF4+BS4+CF4+CS4+DF4+DS4+EF4+ES4+FF4+FS4+GF4+GS4+HF4+HS4+IF4+IS4 -> 2544 | JH4: =G4+T4+AG4+AT4+BG4+BT4+CG4+CT4+DG4+DT4+EG4+ET4+FG4+FT4+GG4+GT4+HG4+HT4+IG4+IT4 -> 2544 | JI4: =H4+U4+AH4+AU4+BH4+BU4+CH4+CU4+DH4+DU4+EH4+EU4+FH4+FU4+GH4+GU4+HH4+HU4+IH4+IU4 -> 2544 | JJ4: =I4+V4+AI4+AV4+BI4+BV4+CI4+CV4+DI4+DV4+EI4+EV4+FI4+FV4+GI4+GV4+HI4+HV4+II4+IV4 -> 2544 | ... JN4: =M4+Z4+AM4+AZ4+BM4+BZ4+CM4+CZ4+DM4+DZ4+EM4+EZ4+FM4+FZ4+GM4+GZ4+HM4+HZ4+IM4+IZ4 -> 2544 | JO4: =SUM(JC4:JN4) -> 30528 | JQ4: =N4+AA4+AN4+BA4+BN4+CA4+CN4+DA4+DN4+EA4+EN4+FA4+FN4+GA4+GN4+HA4+HN4+IA4+IN4+JA4 -> 30528
A5: Byt č. 939/03 | B5: 80 | C5: 80 | D5: 80 | E5: 80 | F5: 80 | G5: 80 | H5: 80 | I5: 80 | J5: 80 | K5: 80 | L5: 80 | M5: 80 | N5: =SUM(B5:M5) -> 960 | O5: 350 | P5: 350 | Q5: 350 | R5: 350 | S5: 350 | T5: 350 | U5: 350 | V5: 350 | W5: 350 | X5: 350 | Y5: 350 | Z5: 350 | AA5: =SUM(O5:Z5) -> 4200 | AB5: 0 | AC5: 0 | AD5: 0 | AE5: 0 | AF5: 0 | AG5: 0 | AH5: 0 | AI5: 0 | AJ5: 0 | AK5: 0 | AL5: 0 | AM5: 0 | AN5: =SUM(AB5:AM5) -> 0 | AO5: 0 | AP5: 0 | AQ5: 0 | AR5: 0 | AS5: 0 | AT5: 0 | AU5: 0 | AV5: 0 | AW5: 0 | AX5: 0 | AY5: 0 | AZ5: 0 | BA5: =SUM(AO5:AZ5) -> 0 | BB5: 1134 | BC5: 1134 | BD5: 1134 | BE5: 1134 | BF5: 1134 | BG5: 1134 | BH5: 1134 | BI5: 1134 | BJ5: 1134 | BK5: 1134 | BL5: 1134 | BM5: 1134 | BN5: =SUM(BB5:BM5) -> 13608 | BO5: 120 | BP5: 120 | BQ5: 120 | BR5: 120 | BS5: 120 | BT5: 120 | BU5: 120 | BV5: 120 | BW5: 120 | BX5: 120 | BY5: 120 | BZ5: 120 | CA5: =SUM(BO5:BZ5) -> 1440 | CB5: 1865 | CC5: 1865 | CD5: 1865 | CE5: 1865 | CF5: 1865 | CG5: 1865 | CH5: 1865 | CI5: 1865 | CJ5: 1865 | CK5: 1865 | CL5: 1865 | CM5: 1865 | CN5: =SUM(CB5:CM5) -> 22380 | CO5: 0 | CP5: 0 | CQ5: 0 | CR5: 0 | CS5: 0 | CT5: 0 | CU5: 0 | CV5: 0 | CW5: 0 | CX5: 0 | CY5: 0 | CZ5: 0 | DA5: =SUM(CO5:CZ5) -> 0 | DB5: 0 | DC5: 0 | DD5: 0 | DE5: 0 | DF5: 0 | DG5: 0 | DH5: 0 | DI5: 0 | DJ5: 0 | DK5: 0 | DL5: 0 | DM5: 0 | DN5: =SUM(DB5:DM5) -> 0 | DO5: 0 | DP5: 0 | DQ5: 0 | DR5: 0 | DS5: 0 | DT5: 0 | DU5: 0 | DV5: 0 | DW5: 0 | DX5: 0 | DY5: 0 | DZ5: 0 | EA5: =SUM(DO5:DZ5) -> 0 | EB5: 0 | EC5: 0 | ED5: 0 | EE5: 0 | EF5: 0 | EG5: 0 | EH5: 0 | EI5: 0 | EJ5: 0 | EK5: 0 | EL5: 0 | EM5: 0 | EN5: =SUM(EB5:EM5) -> 0 | EO5: 0 | EP5: 0 | EQ5: 0 | ER5: 0 | ES5: 0 | ET5: 0 | EU5: 0 | EV5: 0 | EW5: 0 | EX5: 0 | EY5: 0 | EZ5: 0 | FA5: =SUM(EO5:EZ5) -> 0 | FB5: 0 | FC5: 0 | FD5: 0 | FE5: 0 | FF5: 0 | FG5: 0 | FH5: 0 | FI5: 0 | FJ5: 0 | FK5: 0 | FL5: 0 | FM5: 0 | FN5: =SUM(FB5:FM5) -> 0 | FO5: 0 | FP5: 0 | FQ5: 0 | FR5: 0 | FS5: 0 | FT5: 0 | FU5: 0 | FV5: 0 | FW5: 0 | FX5: 0 | FY5: 0 | FZ5: 0 | GA5: =SUM(FO5:FZ5) -> 0 | GB5: 0 | GC5: 0 | GD5: 0 | GE5: 0 | GF5: 0 | GG5: 0 | GH5: 0 | GI5: 0 | GJ5: 0 | GK5: 0 | GL5: 0 | GM5: 0 | GN5: =SUM(GB5:GM5) -> 0 | GO5: 0 | GP5: 0 | GQ5: 0 | GR5: 0 | GS5: 0 | GT5: 0 | GU5: 0 | GV5: 0 | GW5: 0 | GX5: 0 | GY5: 0 | GZ5: 0 | HA5: =SUM(GO5:GZ5) -> 0 | HB5: 0 | HC5: 0 | HD5: 0 | HE5: 0 | HF5: 0 | HG5: 0 | HH5: 0 | HI5: 0 | HJ5: 0 | HK5: 0 | HL5: 0 | HM5: 0 | HN5: =SUM(HB5:HM5) -> 0 | HO5: 0 | HP5: 0 | HQ5: 0 | HR5: 0 | HS5: 0 | HT5: 0 | HU5: 0 | HV5: 0 | HW5: 0 | HX5: 0 | HY5: 0 | HZ5: 0 | IA5: =SUM(HO5:HZ5) -> 0 | IB5: 0 | IC5: 0 | ID5: 0 | IE5: 0 | IF5: 0 | IG5: 0 | IH5: 0 | II5: 0 | IJ5: 0 | IK5: 0 | IL5: 0 | IM5: 0 | IN5: =SUM(IB5:IM5) -> 0 | IO5: 0 | IP5: 0 | IQ5: 0 | IR5: 0 | IS5: 0 | IT5: 0 | IU5: 0 | IV5: 0 | IW5: 0 | IX5: 0 | IY5: 0 | IZ5: 0 | JA5: =SUM(IO5:IZ5) -> 0 | JC5: =B5+O5+AB5+AO5+BB5+BO5+CB5+CO5+DB5+DO5+EB5+EO5+FB5+FO5+GB5+GO5+HB5+HO5+IB5+IO5 -> 3549 | JD5: =C5+P5+AC5+AP5+BC5+BP5+CC5+CP5+DC5+DP5+EC5+EP5+FC5+FP5+GC5+GP5+HC5+HP5+IC5+IP5 -> 3549 | JE5: =D5+Q5+AD5+AQ5+BD5+BQ5+CD5+CQ5+DD5+DQ5+ED5+EQ5+FD5+FQ5+GD5+GQ5+HD5+HQ5+ID5+IQ5 -> 3549 | JF5: =E5+R5+AE5+AR5+BE5+BR5+CE5+CR5+DE5+DR5+EE5+ER5+FE5+FR5+GE5+GR5+HE5+HR5+IE5+IR5 -> 3549 | JG5: =F5+S5+AF5+AS5+BF5+BS5+CF5+CS5+DF5+DS5+EF5+ES5+FF5+FS5+GF5+GS5+HF5+HS5+IF5+IS5 -> 3549 | JH5: =G5+T5+AG5+AT5+BG5+BT5+CG5+CT5+DG5+DT5+EG5+ET5+FG5+FT5+GG5+GT5+HG5+HT5+IG5+IT5 -> 3549 | JI5: =H5+U5+AH5+AU5+BH5+BU5+CH5+CU5+DH5+DU5+EH5+EU5+FH5+FU5+GH5+GU5+HH5+HU5+IH5+IU5 -> 3549 | JJ5: =I5+V5+AI5+AV5+BI5+BV5+CI5+CV5+DI5+DV5+EI5+EV5+FI5+FV5+GI5+GV5+HI5+HV5+II5+IV5 -> 3549 | ... JN5: =M5+Z5+AM5+AZ5+BM5+BZ5+CM5+CZ5+DM5+DZ5+EM5+EZ5+FM5+FZ5+GM5+GZ5+HM5+HZ5+IM5+IZ5 -> 3549 | JO5: =SUM(JC5:JN5) -> 42588 | JQ5: =N5+AA5+AN5+BA5+BN5+CA5+CN5+DA5+DN5+EA5+EN5+FA5+FN5+GA5+GN5+HA5+HN5+IA5+IN5+JA5 -> 42588
A6: Byt č. 939/04 | B6: 20 | C6: 20 | D6: 20 | E6: 20 | F6: 20 | G6: 20 | H6: 20 | I6: 20 | J6: 20 | K6: 20 | L6: 20 | M6: 20 | N6: =SUM(B6:M6) -> 240 | O6: 100 | P6: 100 | Q6: 100 | R6: 100 | S6: 100 | T6: 100 | U6: 100 | V6: 100 | W6: 100 | X6: 100 | Y6: 100 | Z6: 100 | AA6: =SUM(O6:Z6) -> 1200 | AB6: 0 | AC6: 0 | AD6: 0 | AE6: 0 | AF6: 0 | AG6: 0 | AH6: 0 | AI6: 0 | AJ6: 0 | AK6: 0 | AL6: 0 | AM6: 0 | AN6: =SUM(AB6:AM6) -> 0 | AO6: 80 | AP6: 80 | AQ6: 80 | AR6: 80 | AS6: 80 | AT6: 80 | AU6: 80 | AV6: 80 | AW6: 80 | AX6: 80 | AY6: 80 | AZ6: 80 | BA6: =SUM(AO6:AZ6) -> 960 | BB6: 300 | BC6: 300 | BD6: 300 | BE6: 300 | BF6: 300 | BG6: 300 | BH6: 300 | BI6: 300 | BJ6: 300 | BK6: 300 | BL6: 300 | BM6: 300 | BN6: =SUM(BB6:BM6) -> 3600 | BO6: 120 | BP6: 120 | BQ6: 120 | BR6: 120 | BS6: 120 | BT6: 120 | BU6: 120 | BV6: 120 | BW6: 120 | BX6: 120 | BY6: 120 | BZ6: 120 | CA6: =SUM(BO6:BZ6) -> 1440 | CB6: 1802 | CC6: 1802 | CD6: 1802 | CE6: 1802 | CF6: 1802 | CG6: 1802 | CH6: 1802 | CI6: 1802 | CJ6: 1802 | CK6: 1802 | CL6: 1802 | CM6: 1802 | CN6: =SUM(CB6:CM6) -> 21624 | CO6: 0 | CP6: 0 | CQ6: 0 | CR6: 0 | CS6: 0 | CT6: 0 | CU6: 0 | CV6: 0 | CW6: 0 | CX6: 0 | CY6: 0 | CZ6: 0 | DA6: =SUM(CO6:CZ6) -> 0 | DB6: 0 | DC6: 0 | DD6: 0 | DE6: 0 | DF6: 0 | DG6: 0 | DH6: 0 | DI6: 0 | DJ6: 0 | DK6: 0 | DL6: 0 | DM6: 0 | DN6: =SUM(DB6:DM6) -> 0 | DO6: 0 | DP6: 0 | DQ6: 0 | DR6: 0 | DS6: 0 | DT6: 0 | DU6: 0 | DV6: 0 | DW6: 0 | DX6: 0 | DY6: 0 | DZ6: 0 | EA6: =SUM(DO6:DZ6) -> 0 | EB6: 0 | EC6: 0 | ED6: 0 | EE6: 0 | EF6: 0 | EG6: 0 | EH6: 0 | EI6: 0 | EJ6: 0 | EK6: 0 | EL6: 0 | EM6: 0 | EN6: =SUM(EB6:EM6) -> 0 | EO6: 0 | EP6: 0 | EQ6: 0 | ER6: 0 | ES6: 0 | ET6: 0 | EU6: 0 | EV6: 0 | EW6: 0 | EX6: 0 | EY6: 0 | EZ6: 0 | FA6: =SUM(EO6:EZ6) -> 0 | FB6: 0 | FC6: 0 | FD6: 0 | FE6: 0 | FF6: 0 | FG6: 0 | FH6: 0 | FI6: 0 | FJ6: 0 | FK6: 0 | FL6: 0 | FM6: 0 | FN6: =SUM(FB6:FM6) -> 0 | FO6: 0 | FP6: 0 | FQ6: 0 | FR6: 0 | FS6: 0 | FT6: 0 | FU6: 0 | FV6: 0 | FW6: 0 | FX6: 0 | FY6: 0 | FZ6: 0 | GA6: =SUM(FO6:FZ6) -> 0 | GB6: 0 | GC6: 0 | GD6: 0 | GE6: 0 | GF6: 0 | GG6: 0 | GH6: 0 | GI6: 0 | GJ6: 0 | GK6: 0 | GL6: 0 | GM6: 0 | GN6: =SUM(GB6:GM6) -> 0 | GO6: 0 | GP6: 0 | GQ6: 0 | GR6: 0 | GS6: 0 | GT6: 0 | GU6: 0 | GV6: 0 | GW6: 0 | GX6: 0 | GY6: 0 | GZ6: 0 | HA6: =SUM(GO6:GZ6) -> 0 | HB6: 0 | HC6: 0 | HD6: 0 | HE6: 0 | HF6: 0 | HG6: 0 | HH6: 0 | HI6: 0 | HJ6: 0 | HK6: 0 | HL6: 0 | HM6: 0 | HN6: =SUM(HB6:HM6) -> 0 | HO6: 0 | HP6: 0 | HQ6: 0 | HR6: 0 | HS6: 0 | HT6: 0 | HU6: 0 | HV6: 0 | HW6: 0 | HX6: 0 | HY6: 0 | HZ6: 0 | IA6: =SUM(HO6:HZ6) -> 0 | IB6: 0 | IC6: 0 | ID6: 0 | IE6: 0 | IF6: 0 | IG6: 0 | IH6: 0 | II6: 0 | IJ6: 0 | IK6: 0 | IL6: 0 | IM6: 0 | IN6: =SUM(IB6:IM6) -> 0 | IO6: 0 | IP6: 0 | IQ6: 0 | IR6: 0 | IS6: 0 | IT6: 0 | IU6: 0 | IV6: 0 | IW6: 0 | IX6: 0 | IY6: 0 | IZ6: 0 | JA6: =SUM(IO6:IZ6) -> 0 | JC6: =B6+O6+AB6+AO6+BB6+BO6+CB6+CO6+DB6+DO6+EB6+EO6+FB6+FO6+GB6+GO6+HB6+HO6+IB6+IO6 -> 2422 | JD6: =C6+P6+AC6+AP6+BC6+BP6+CC6+CP6+DC6+DP6+EC6+EP6+FC6+FP6+GC6+GP6+HC6+HP6+IC6+IP6 -> 2422 | JE6: =D6+Q6+AD6+AQ6+BD6+BQ6+CD6+CQ6+DD6+DQ6+ED6+EQ6+FD6+FQ6+GD6+GQ6+HD6+HQ6+ID6+IQ6 -> 2422 | JF6: =E6+R6+AE6+AR6+BE6+BR6+CE6+CR6+DE6+DR6+EE6+ER6+FE6+FR6+GE6+GR6+HE6+HR6+IE6+IR6 -> 2422 | JG6: =F6+S6+AF6+AS6+BF6+BS6+CF6+CS6+DF6+DS6+EF6+ES6+FF6+FS6+GF6+GS6+HF6+HS6+IF6+IS6 -> 2422 | JH6: =G6+T6+AG6+AT6+BG6+BT6+CG6+CT6+DG6+DT6+EG6+ET6+FG6+FT6+GG6+GT6+HG6+HT6+IG6+IT6 -> 2422 | JI6: =H6+U6+AH6+AU6+BH6+BU6+CH6+CU6+DH6+DU6+EH6+EU6+FH6+FU6+GH6+GU6+HH6+HU6+IH6+IU6 -> 2422 | JJ6: =I6+V6+AI6+AV6+BI6+BV6+CI6+CV6+DI6+DV6+EI6+EV6+FI6+FV6+GI6+GV6+HI6+HV6+II6+IV6 -> 2422 | ... JN6: =M6+Z6+AM6+AZ6+BM6+BZ6+CM6+CZ6+DM6+DZ6+EM6+EZ6+FM6+FZ6+GM6+GZ6+HM6+HZ6+IM6+IZ6 -> 2422 | JO6: =SUM(JC6:JN6) -> 29064 | JQ6: =N6+AA6+AN6+BA6+BN6+CA6+CN6+DA6+DN6+EA6+EN6+FA6+FN6+GA6+GN6+HA6+HN6+IA6+IN6+JA6 -> 29064
A7: Byt č. 939/05 | B7: 15 | C7: 15 | D7: 15 | E7: 15 | F7: 15 | G7: 15 | H7: 15 | I7: 15 | J7: 15 | K7: 15 | L7: 15 | M7: 15 | N7: =SUM(B7:M7) -> 180 | O7: 60 | P7: 60 | Q7: 60 | R7: 60 | S7: 60 | T7: 60 | U7: 60 | V7: 60 | W7: 60 | X7: 60 | Y7: 60 | Z7: 60 | AA7: =SUM(O7:Z7) -> 720 | AB7: 50 | AC7: 50 | AD7: 50 | AE7: 50 | AF7: 50 | AG7: 50 | AH7: 50 | AI7: 50 | AJ7: 50 | AK7: 50 | AL7: 50 | AM7: 50 | AN7: =SUM(AB7:AM7) -> 600 | AO7: 90 | AP7: 90 | AQ7: 90 | AR7: 90 | AS7: 90 | AT7: 90 | AU7: 90 | AV7: 90 | AW7: 90 | AX7: 90 | AY7: 90 | AZ7: 90 | BA7: =SUM(AO7:AZ7) -> 1080 | BB7: 230 | BC7: 230 | BD7: 230 | BE7: 230 | BF7: 230 | BG7: 230 | BH7: 230 | BI7: 230 | BJ7: 230 | BK7: 230 | BL7: 230 | BM7: 230 | BN7: =SUM(BB7:BM7) -> 2760 | BO7: 120 | BP7: 120 | BQ7: 120 | BR7: 120 | BS7: 120 | BT7: 120 | BU7: 120 | BV7: 120 | BW7: 120 | BX7: 120 | BY7: 120 | BZ7: 120 | CA7: =SUM(BO7:BZ7) -> 1440 | CB7: 1587 | CC7: 1587 | CD7: 1587 | CE7: 1587 | CF7: 1587 | CG7: 1587 | CH7: 1587 | CI7: 1587 | CJ7: 1587 | CK7: 1587 | CL7: 1587 | CM7: 1587 | CN7: =SUM(CB7:CM7) -> 19044 | CO7: 0 | CP7: 0 | CQ7: 0 | CR7: 0 | CS7: 0 | CT7: 0 | CU7: 0 | CV7: 0 | CW7: 0 | CX7: 0 | CY7: 0 | CZ7: 0 | DA7: =SUM(CO7:CZ7) -> 0 | DB7: 0 | DC7: 0 | DD7: 0 | DE7: 0 | DF7: 0 | DG7: 0 | DH7: 0 | DI7: 0 | DJ7: 0 | DK7: 0 | DL7: 0 | DM7: 0 | DN7: =SUM(DB7:DM7) -> 0 | DO7: 0 | DP7: 0 | DQ7: 0 | DR7: 0 | DS7: 0 | DT7: 0 | DU7: 0 | DV7: 0 | DW7: 0 | DX7: 0 | DY7: 0 | DZ7: 0 | EA7: =SUM(DO7:DZ7) -> 0 | EB7: 0 | EC7: 0 | ED7: 0 | EE7: 0 | EF7: 0 | EG7: 0 | EH7: 0 | EI7: 0 | EJ7: 0 | EK7: 0 | EL7: 0 | EM7: 0 | EN7: =SUM(EB7:EM7) -> 0 | EO7: 0 | EP7: 0 | EQ7: 0 | ER7: 0 | ES7: 0 | ET7: 0 | EU7: 0 | EV7: 0 | EW7: 0 | EX7: 0 | EY7: 0 | EZ7: 0 | FA7: =SUM(EO7:EZ7) -> 0 | FB7: 336 | FC7: 336 | FD7: 336 | FE7: 336 | FF7: 336 | FG7: 336 | FH7: 336 | FI7: 336 | FJ7: 336 | FK7: 336 | FL7: 336 | FM7: 336 | FN7: =SUM(FB7:FM7) -> 4032 | FO7: 0 | FP7: 0 | FQ7: 0 | FR7: 0 | FS7: 0 | FT7: 0 | FU7: 0 | FV7: 0 | FW7: 0 | FX7: 0 | FY7: 0 | FZ7: 0 | GA7: =SUM(FO7:FZ7) -> 0 | GB7: 0 | GC7: 0 | GD7: 0 | GE7: 0 | GF7: 0 | GG7: 0 | GH7: 0 | GI7: 0 | GJ7: 0 | GK7: 0 | GL7: 0 | GM7: 0 | GN7: =SUM(GB7:GM7) -> 0 | GO7: 0 | GP7: 0 | GQ7: 0 | GR7: 0 | GS7: 0 | GT7: 0 | GU7: 0 | GV7: 0 | GW7: 0 | GX7: 0 | GY7: 0 | GZ7: 0 | HA7: =SUM(GO7:GZ7) -> 0 | HB7: 0 | HC7: 0 | HD7: 0 | HE7: 0 | HF7: 0 | HG7: 0 | HH7: 0 | HI7: 0 | HJ7: 0 | HK7: 0 | HL7: 0 | HM7: 0 | HN7: =SUM(HB7:HM7) -> 0 | HO7: 0 | HP7: 0 | HQ7: 0 | HR7: 0 | HS7: 0 | HT7: 0 | HU7: 0 | HV7: 0 | HW7: 0 | HX7: 0 | HY7: 0 | HZ7: 0 | IA7: =SUM(HO7:HZ7) -> 0 | IB7: 0 | IC7: 0 | ID7: 0 | IE7: 0 | IF7: 0 | IG7: 0 | IH7: 0 | II7: 0 | IJ7: 0 | IK7: 0 | IL7: 0 | IM7: 0 | IN7: =SUM(IB7:IM7) -> 0 | IO7: 0 | IP7: 0 | IQ7: 0 | IR7: 0 | IS7: 0 | IT7: 0 | IU7: 0 | IV7: 0 | IW7: 0 | IX7: 0 | IY7: 0 | IZ7: 0 | JA7: =SUM(IO7:IZ7) -> 0 | JC7: =B7+O7+AB7+AO7+BB7+BO7+CB7+CO7+DB7+DO7+EB7+EO7+FB7+FO7+GB7+GO7+HB7+HO7+IB7+IO7 -> 2488 | JD7: =C7+P7+AC7+AP7+BC7+BP7+CC7+CP7+DC7+DP7+EC7+EP7+FC7+FP7+GC7+GP7+HC7+HP7+IC7+IP7 -> 2488 | JE7: =D7+Q7+AD7+AQ7+BD7+BQ7+CD7+CQ7+DD7+DQ7+ED7+EQ7+FD7+FQ7+GD7+GQ7+HD7+HQ7+ID7+IQ7 -> 2488 | JF7: =E7+R7+AE7+AR7+BE7+BR7+CE7+CR7+DE7+DR7+EE7+ER7+FE7+FR7+GE7+GR7+HE7+HR7+IE7+IR7 -> 2488 | JG7: =F7+S7+AF7+AS7+BF7+BS7+CF7+CS7+DF7+DS7+EF7+ES7+FF7+FS7+GF7+GS7+HF7+HS7+IF7+IS7 -> 2488 | JH7: =G7+T7+AG7+AT7+BG7+BT7+CG7+CT7+DG7+DT7+EG7+ET7+FG7+FT7+GG7+GT7+HG7+HT7+IG7+IT7 -> 2488 | JI7: =H7+U7+AH7+AU7+BH7+BU7+CH7+CU7+DH7+DU7+EH7+EU7+FH7+FU7+GH7+GU7+HH7+HU7+IH7+IU7 -> 2488 | JJ7: =I7+V7+AI7+AV7+BI7+BV7+CI7+CV7+DI7+DV7+EI7+EV7+FI7+FV7+GI7+GV7+HI7+HV7+II7+IV7 -> 2488 | ... JN7: =M7+Z7+AM7+AZ7+BM7+BZ7+CM7+CZ7+DM7+DZ7+EM7+EZ7+FM7+FZ7+GM7+GZ7+HM7+HZ7+IM7+IZ7 -> 2488 | JO7: =SUM(JC7:JN7) -> 29856 | JQ7: =N7+AA7+AN7+BA7+BN7+CA7+CN7+DA7+DN7+EA7+EN7+FA7+FN7+GA7+GN7+HA7+HN7+IA7+IN7+JA7 -> 29856
A8: Byt č. 939/06 | B8: 15 | C8: 15 | D8: 15 | E8: 15 | F8: 15 | G8: 15 | H8: 15 | I8: 15 | J8: 15 | K8: 15 | L8: 15 | M8: 15 | N8: =SUM(B8:M8) -> 180 | O8: 70 | P8: 70 | Q8: 70 | R8: 70 | S8: 70 | T8: 70 | U8: 70 | V8: 70 | W8: 70 | X8: 70 | Y8: 70 | Z8: 70 | AA8: =SUM(O8:Z8) -> 840 | AB8: 45 | AC8: 45 | AD8: 45 | AE8: 45 | AF8: 45 | AG8: 45 | AH8: 45 | AI8: 45 | AJ8: 45 | AK8: 45 | AL8: 45 | AM8: 45 | AN8: =SUM(AB8:AM8) -> 540 | AO8: 70 | AP8: 70 | AQ8: 70 | AR8: 70 | AS8: 70 | AT8: 70 | AU8: 70 | AV8: 70 | AW8: 70 | AX8: 70 | AY8: 70 | AZ8: 70 | BA8: =SUM(AO8:AZ8) -> 840 | BB8: 250 | BC8: 250 | BD8: 250 | BE8: 250 | BF8: 250 | BG8: 250 | BH8: 250 | BI8: 250 | BJ8: 250 | BK8: 250 | BL8: 250 | BM8: 250 | BN8: =SUM(BB8:BM8) -> 3000 | BO8: 120 | BP8: 120 | BQ8: 120 | BR8: 120 | BS8: 120 | BT8: 120 | BU8: 120 | BV8: 120 | BW8: 120 | BX8: 120 | BY8: 120 | BZ8: 120 | CA8: =SUM(BO8:BZ8) -> 1440 | CB8: 1652 | CC8: 1652 | CD8: 1652 | CE8: 1652 | CF8: 1652 | CG8: 1652 | CH8: 1652 | CI8: 1652 | CJ8: 1652 | CK8: 1652 | CL8: 1652 | CM8: 1652 | CN8: =SUM(CB8:CM8) -> 19824 | CO8: 0 | CP8: 0 | CQ8: 0 | CR8: 0 | CS8: 0 | CT8: 0 | CU8: 0 | CV8: 0 | CW8: 0 | CX8: 0 | CY8: 0 | CZ8: 0 | DA8: =SUM(CO8:CZ8) -> 0 | DB8: 0 | DC8: 0 | DD8: 0 | DE8: 0 | DF8: 0 | DG8: 0 | DH8: 0 | DI8: 0 | DJ8: 0 | DK8: 0 | DL8: 0 | DM8: 0 | DN8: =SUM(DB8:DM8) -> 0 | DO8: 0 | DP8: 0 | DQ8: 0 | DR8: 0 | DS8: 0 | DT8: 0 | DU8: 0 | DV8: 0 | DW8: 0 | DX8: 0 | DY8: 0 | DZ8: 0 | EA8: =SUM(DO8:DZ8) -> 0 | EB8: 0 | EC8: 0 | ED8: 0 | EE8: 0 | EF8: 0 | EG8: 0 | EH8: 0 | EI8: 0 | EJ8: 0 | EK8: 0 | EL8: 0 | EM8: 0 | EN8: =SUM(EB8:EM8) -> 0 | EO8: 0 | EP8: 0 | EQ8: 0 | ER8: 0 | ES8: 0 | ET8: 0 | EU8: 0 | EV8: 0 | EW8: 0 | EX8: 0 | EY8: 0 | EZ8: 0 | FA8: =SUM(EO8:EZ8) -> 0 | FB8: 336 | FC8: 336 | FD8: 336 | FE8: 336 | FF8: 336 | FG8: 336 | FH8: 336 | FI8: 336 | FJ8: 336 | FK8: 336 | FL8: 336 | FM8: 336 | FN8: =SUM(FB8:FM8) -> 4032 | FO8: 0 | FP8: 0 | FQ8: 0 | FR8: 0 | FS8: 0 | FT8: 0 | FU8: 0 | FV8: 0 | FW8: 0 | FX8: 0 | FY8: 0 | FZ8: 0 | GA8: =SUM(FO8:FZ8) -> 0 | GB8: 0 | GC8: 0 | GD8: 0 | GE8: 0 | GF8: 0 | GG8: 0 | GH8: 0 | GI8: 0 | GJ8: 0 | GK8: 0 | GL8: 0 | GM8: 0 | GN8: =SUM(GB8:GM8) -> 0 | GO8: 0 | GP8: 0 | GQ8: 0 | GR8: 0 | GS8: 0 | GT8: 0 | GU8: 0 | GV8: 0 | GW8: 0 | GX8: 0 | GY8: 0 | GZ8: 0 | HA8: =SUM(GO8:GZ8) -> 0 | HB8: 0 | HC8: 0 | HD8: 0 | HE8: 0 | HF8: 0 | HG8: 0 | HH8: 0 | HI8: 0 | HJ8: 0 | HK8: 0 | HL8: 0 | HM8: 0 | HN8: =SUM(HB8:HM8) -> 0 | HO8: 0 | HP8: 0 | HQ8: 0 | HR8: 0 | HS8: 0 | HT8: 0 | HU8: 0 | HV8: 0 | HW8: 0 | HX8: 0 | HY8: 0 | HZ8: 0 | IA8: =SUM(HO8:HZ8) -> 0 | IB8: 0 | IC8: 0 | ID8: 0 | IE8: 0 | IF8: 0 | IG8: 0 | IH8: 0 | II8: 0 | IJ8: 0 | IK8: 0 | IL8: 0 | IM8: 0 | IN8: =SUM(IB8:IM8) -> 0 | IO8: 0 | IP8: 0 | IQ8: 0 | IR8: 0 | IS8: 0 | IT8: 0 | IU8: 0 | IV8: 0 | IW8: 0 | IX8: 0 | IY8: 0 | IZ8: 0 | JA8: =SUM(IO8:IZ8) -> 0 | JC8: =B8+O8+AB8+AO8+BB8+BO8+CB8+CO8+DB8+DO8+EB8+EO8+FB8+FO8+GB8+GO8+HB8+HO8+IB8+IO8 -> 2558 | JD8: =C8+P8+AC8+AP8+BC8+BP8+CC8+CP8+DC8+DP8+EC8+EP8+FC8+FP8+GC8+GP8+HC8+HP8+IC8+IP8 -> 2558 | JE8: =D8+Q8+AD8+AQ8+BD8+BQ8+CD8+CQ8+DD8+DQ8+ED8+EQ8+FD8+FQ8+GD8+GQ8+HD8+HQ8+ID8+IQ8 -> 2558 | JF8: =E8+R8+AE8+AR8+BE8+BR8+CE8+CR8+DE8+DR8+EE8+ER8+FE8+FR8+GE8+GR8+HE8+HR8+IE8+IR8 -> 2558 | JG8: =F8+S8+AF8+AS8+BF8+BS8+CF8+CS8+DF8+DS8+EF8+ES8+FF8+FS8+GF8+GS8+HF8+HS8+IF8+IS8 -> 2558 | JH8: =G8+T8+AG8+AT8+BG8+BT8+CG8+CT8+DG8+DT8+EG8+ET8+FG8+FT8+GG8+GT8+HG8+HT8+IG8+IT8 -> 2558 | JI8: =H8+U8+AH8+AU8+BH8+BU8+CH8+CU8+DH8+DU8+EH8+EU8+FH8+FU8+GH8+GU8+HH8+HU8+IH8+IU8 -> 2558 | JJ8: =I8+V8+AI8+AV8+BI8+BV8+CI8+CV8+DI8+DV8+EI8+EV8+FI8+FV8+GI8+GV8+HI8+HV8+II8+IV8 -> 2558 | ... JN8: =M8+Z8+AM8+AZ8+BM8+BZ8+CM8+CZ8+DM8+DZ8+EM8+EZ8+FM8+FZ8+GM8+GZ8+HM8+HZ8+IM8+IZ8 -> 2558 | JO8: =SUM(JC8:JN8) -> 30696 | JQ8: =N8+AA8+AN8+BA8+BN8+CA8+CN8+DA8+DN8+EA8+EN8+FA8+FN8+GA8+GN8+HA8+HN8+IA8+IN8+JA8 -> 30696
A9: Byt č. 939/07 | B9: 15 | C9: 15 | D9: 15 | E9: 15 | F9: 15 | G9: 15 | H9: 40 | I9: 40 | J9: 40 | K9: 40 | L9: 40 | M9: 40 | N9: =SUM(B9:M9) -> 330 | O9: 70 | P9: 70 | Q9: 70 | R9: 70 | S9: 70 | T9: 70 | U9: 130 | V9: 130 | W9: 130 | X9: 130 | Y9: 130 | Z9: 130 | AA9: =SUM(O9:Z9) -> 1200 | AB9: 0 | AC9: 0 | AD9: 0 | AE9: 0 | AF9: 0 | AG9: 0 | AH9: 0 | AI9: 0 | AJ9: 0 | AK9: 0 | AL9: 0 | AM9: 0 | AN9: =SUM(AB9:AM9) -> 0 | AO9: 70 | AP9: 70 | AQ9: 70 | AR9: 70 | AS9: 70 | AT9: 70 | AU9: 280 | AV9: 280 | AW9: 280 | AX9: 280 | AY9: 280 | AZ9: 280 | BA9: =SUM(AO9:AZ9) -> 2100 | BB9: 230 | BC9: 230 | BD9: 230 | BE9: 230 | BF9: 230 | BG9: 230 | BH9: 450 | BI9: 450 | BJ9: 450 | BK9: 450 | BL9: 450 | BM9: 450 | BN9: =SUM(BB9:BM9) -> 4080 | BO9: 120 | BP9: 120 | BQ9: 120 | BR9: 120 | BS9: 120 | BT9: 120 | BU9: 190 | BV9: 190 | BW9: 190 | BX9: 190 | BY9: 190 | BZ9: 190 | CA9: =SUM(BO9:BZ9) -> 1860 | CB9: 1632 | CC9: 1632 | CD9: 1632 | CE9: 1632 | CF9: 1632 | CG9: 1632 | CH9: 1632 | CI9: 1632 | CJ9: 1632 | CK9: 1632 | CL9: 1632 | CM9: 1632 | CN9: =SUM(CB9:CM9) -> 19584 | CO9: 0 | CP9: 0 | CQ9: 0 | CR9: 0 | CS9: 0 | CT9: 0 | CU9: 0 | CV9: 0 | CW9: 0 | CX9: 0 | CY9: 0 | CZ9: 0 | DA9: =SUM(CO9:CZ9) -> 0 | DB9: 0 | DC9: 0 | DD9: 0 | DE9: 0 | DF9: 0 | DG9: 0 | DH9: 0 | DI9: 0 | DJ9: 0 | DK9: 0 | DL9: 0 | DM9: 0 | DN9: =SUM(DB9:DM9) -> 0 | DO9: 0 | DP9: 0 | DQ9: 0 | DR9: 0 | DS9: 0 | DT9: 0 | DU9: 0 | DV9: 0 | DW9: 0 | DX9: 0 | DY9: 0 | DZ9: 0 | EA9: =SUM(DO9:DZ9) -> 0 | EB9: 0 | EC9: 0 | ED9: 0 | EE9: 0 | EF9: 0 | EG9: 0 | EH9: 0 | EI9: 0 | EJ9: 0 | EK9: 0 | EL9: 0 | EM9: 0 | EN9: =SUM(EB9:EM9) -> 0 | EO9: 0 | EP9: 0 | EQ9: 0 | ER9: 0 | ES9: 0 | ET9: 0 | EU9: 0 | EV9: 0 | EW9: 0 | EX9: 0 | EY9: 0 | EZ9: 0 | FA9: =SUM(EO9:EZ9) -> 0 | FB9: 556 | FC9: 556 | FD9: 556 | FE9: 556 | FF9: 556 | FG9: 556 | FH9: 556 | FI9: 556 | FJ9: 556 | FK9: 556 | FL9: 556 | FM9: 556 | FN9: =SUM(FB9:FM9) -> 6672 | FO9: 0 | FP9: 0 | FQ9: 0 | FR9: 0 | FS9: 0 | FT9: 0 | FU9: 0 | FV9: 0 | FW9: 0 | FX9: 0 | FY9: 0 | FZ9: 0 | GA9: =SUM(FO9:FZ9) -> 0 | GB9: 0 | GC9: 0 | GD9: 0 | GE9: 0 | GF9: 0 | GG9: 0 | GH9: 0 | GI9: 0 | GJ9: 0 | GK9: 0 | GL9: 0 | GM9: 0 | GN9: =SUM(GB9:GM9) -> 0 | GO9: 0 | GP9: 0 | GQ9: 0 | GR9: 0 | GS9: 0 | GT9: 0 | GU9: 0 | GV9: 0 | GW9: 0 | GX9: 0 | GY9: 0 | GZ9: 0 | HA9: =SUM(GO9:GZ9) -> 0 | HB9: 0 | HC9: 0 | HD9: 0 | HE9: 0 | HF9: 0 | HG9: 0 | HH9: 0 | HI9: 0 | HJ9: 0 | HK9: 0 | HL9: 0 | HM9: 0 | HN9: =SUM(HB9:HM9) -> 0 | HO9: 0 | HP9: 0 | HQ9: 0 | HR9: 0 | HS9: 0 | HT9: 0 | HU9: 0 | HV9: 0 | HW9: 0 | HX9: 0 | HY9: 0 | HZ9: 0 | IA9: =SUM(HO9:HZ9) -> 0 | IB9: 0 | IC9: 0 | ID9: 0 | IE9: 0 | IF9: 0 | IG9: 0 | IH9: 0 | II9: 0 | IJ9: 0 | IK9: 0 | IL9: 0 | IM9: 0 | IN9: =SUM(IB9:IM9) -> 0 | IO9: 0 | IP9: 0 | IQ9: 0 | IR9: 0 | IS9: 0 | IT9: 0 | IU9: 0 | IV9: 0 | IW9: 0 | IX9: 0 | IY9: 0 | IZ9: 0 | JA9: =SUM(IO9:IZ9) -> 0 | JC9: =B9+O9+AB9+AO9+BB9+BO9+CB9+CO9+DB9+DO9+EB9+EO9+FB9+FO9+GB9+GO9+HB9+HO9+IB9+IO9 -> 2693 | JD9: =C9+P9+AC9+AP9+BC9+BP9+CC9+CP9+DC9+DP9+EC9+EP9+FC9+FP9+GC9+GP9+HC9+HP9+IC9+IP9 -> 2693 | JE9: =D9+Q9+AD9+AQ9+BD9+BQ9+CD9+CQ9+DD9+DQ9+ED9+EQ9+FD9+FQ9+GD9+GQ9+HD9+HQ9+ID9+IQ9 -> 2693 | JF9: =E9+R9+AE9+AR9+BE9+BR9+CE9+CR9+DE9+DR9+EE9+ER9+FE9+FR9+GE9+GR9+HE9+HR9+IE9+IR9 -> 2693 | JG9: =F9+S9+AF9+AS9+BF9+BS9+CF9+CS9+DF9+DS9+EF9+ES9+FF9+FS9+GF9+GS9+HF9+HS9+IF9+IS9 -> 2693 | JH9: =G9+T9+AG9+AT9+BG9+BT9+CG9+CT9+DG9+DT9+EG9+ET9+FG9+FT9+GG9+GT9+HG9+HT9+IG9+IT9 -> 2693 | JI9: =H9+U9+AH9+AU9+BH9+BU9+CH9+CU9+DH9+DU9+EH9+EU9+FH9+FU9+GH9+GU9+HH9+HU9+IH9+IU9 -> 3278 | JJ9: =I9+V9+AI9+AV9+BI9+BV9+CI9+CV9+DI9+DV9+EI9+EV9+FI9+FV9+GI9+GV9+HI9+HV9+II9+IV9 -> 3278 | ... JN9: =M9+Z9+AM9+AZ9+BM9+BZ9+CM9+CZ9+DM9+DZ9+EM9+EZ9+FM9+FZ9+GM9+GZ9+HM9+HZ9+IM9+IZ9 -> 3278 | JO9: =SUM(JC9:JN9) -> 35826 | JQ9: =N9+AA9+AN9+BA9+BN9+CA9+CN9+DA9+DN9+EA9+EN9+FA9+FN9+GA9+GN9+HA9+HN9+IA9+IN9+JA9 -> 35826
A10: Byt č. 939/08 | B10: 15 | C10: 15 | D10: 15 | E10: 15 | F10: 15 | G10: 15 | H10: 15 | I10: 15 | J10: 15 | K10: 15 | L10: 15 | M10: 15 | N10: =SUM(B10:M10) -> 180 | O10: 70 | P10: 70 | Q10: 70 | R10: 70 | S10: 70 | T10: 70 | U10: 70 | V10: 70 | W10: 70 | X10: 70 | Y10: 70 | Z10: 70 | AA10: =SUM(O10:Z10) -> 840 | AB10: 45 | AC10: 45 | AD10: 45 | AE10: 45 | AF10: 45 | AG10: 45 | AH10: 45 | AI10: 45 | AJ10: 45 | AK10: 45 | AL10: 45 | AM10: 45 | AN10: =SUM(AB10:AM10) -> 540 | AO10: 70 | AP10: 70 | AQ10: 70 | AR10: 70 | AS10: 70 | AT10: 70 | AU10: 70 | AV10: 70 | AW10: 70 | AX10: 70 | AY10: 70 | AZ10: 70 | BA10: =SUM(AO10:AZ10) -> 840 | BB10: 230 | BC10: 230 | BD10: 230 | BE10: 230 | BF10: 230 | BG10: 230 | BH10: 230 | BI10: 230 | BJ10: 230 | BK10: 230 | BL10: 230 | BM10: 230 | BN10: =SUM(BB10:BM10) -> 2760 | BO10: 119 | BP10: 119 | BQ10: 119 | BR10: 119 | BS10: 119 | BT10: 119 | BU10: 119 | BV10: 119 | BW10: 119 | BX10: 119 | BY10: 119 | BZ10: 119 | CA10: =SUM(BO10:BZ10) -> 1428 | CB10: 1802 | CC10: 1802 | CD10: 1802 | CE10: 1802 | CF10: 1802 | CG10: 1802 | CH10: 1802 | CI10: 1802 | CJ10: 1802 | CK10: 1802 | CL10: 1802 | CM10: 1802 | CN10: =SUM(CB10:CM10) -> 21624 | CO10: 0 | CP10: 0 | CQ10: 0 | CR10: 0 | CS10: 0 | CT10: 0 | CU10: 0 | CV10: 0 | CW10: 0 | CX10: 0 | CY10: 0 | CZ10: 0 | DA10: =SUM(CO10:CZ10) -> 0 | DB10: 0 | DC10: 0 | DD10: 0 | DE10: 0 | DF10: 0 | DG10: 0 | DH10: 0 | DI10: 0 | DJ10: 0 | DK10: 0 | DL10: 0 | DM10: 0 | DN10: =SUM(DB10:DM10) -> 0 | DO10: 0 | DP10: 0 | DQ10: 0 | DR10: 0 | DS10: 0 | DT10: 0 | DU10: 0 | DV10: 0 | DW10: 0 | DX10: 0 | DY10: 0 | DZ10: 0 | EA10: =SUM(DO10:DZ10) -> 0 | EB10: 0 | EC10: 0 | ED10: 0 | EE10: 0 | EF10: 0 | EG10: 0 | EH10: 0 | EI10: 0 | EJ10: 0 | EK10: 0 | EL10: 0 | EM10: 0 | EN10: =SUM(EB10:EM10) -> 0 | EO10: 0 | EP10: 0 | EQ10: 0 | ER10: 0 | ES10: 0 | ET10: 0 | EU10: 0 | EV10: 0 | EW10: 0 | EX10: 0 | EY10: 0 | EZ10: 0 | FA10: =SUM(EO10:EZ10) -> 0 | FB10: 556 | FC10: 556 | FD10: 556 | FE10: 556 | FF10: 556 | FG10: 556 | FH10: 556 | FI10: 556 | FJ10: 556 | FK10: 556 | FL10: 556 | FM10: 556 | FN10: =SUM(FB10:FM10) -> 6672 | FO10: 0 | FP10: 0 | FQ10: 0 | FR10: 0 | FS10: 0 | FT10: 0 | FU10: 0 | FV10: 0 | FW10: 0 | FX10: 0 | FY10: 0 | FZ10: 0 | GA10: =SUM(FO10:FZ10) -> 0 | GB10: 0 | GC10: 0 | GD10: 0 | GE10: 0 | GF10: 0 | GG10: 0 | GH10: 0 | GI10: 0 | GJ10: 0 | GK10: 0 | GL10: 0 | GM10: 0 | GN10: =SUM(GB10:GM10) -> 0 | GO10: 0 | GP10: 0 | GQ10: 0 | GR10: 0 | GS10: 0 | GT10: 0 | GU10: 0 | GV10: 0 | GW10: 0 | GX10: 0 | GY10: 0 | GZ10: 0 | HA10: =SUM(GO10:GZ10) -> 0 | HB10: 0 | HC10: 0 | HD10: 0 | HE10: 0 | HF10: 0 | HG10: 0 | HH10: 0 | HI10: 0 | HJ10: 0 | HK10: 0 | HL10: 0 | HM10: 0 | HN10: =SUM(HB10:HM10) -> 0 | HO10: 0 | HP10: 0 | HQ10: 0 | HR10: 0 | HS10: 0 | HT10: 0 | HU10: 0 | HV10: 0 | HW10: 0 | HX10: 0 | HY10: 0 | HZ10: 0 | IA10: =SUM(HO10:HZ10) -> 0 | IB10: 0 | IC10: 0 | ID10: 0 | IE10: 0 | IF10: 0 | IG10: 0 | IH10: 0 | II10: 0 | IJ10: 0 | IK10: 0 | IL10: 0 | IM10: 0 | IN10: =SUM(IB10:IM10) -> 0 | IO10: 0 | IP10: 0 | IQ10: 0 | IR10: 0 | IS10: 0 | IT10: 0 | IU10: 0 | IV10: 0 | IW10: 0 | IX10: 0 | IY10: 0 | IZ10: 0 | JA10: =SUM(IO10:IZ10) -> 0 | JC10: =B10+O10+AB10+AO10+BB10+BO10+CB10+CO10+DB10+DO10+EB10+EO10+FB10+FO10+GB10+GO10+HB10+HO10+IB10+IO10 -> 2907 | JD10: =C10+P10+AC10+AP10+BC10+BP10+CC10+CP10+DC10+DP10+EC10+EP10+FC10+FP10+GC10+GP10+HC10+HP10+IC10+IP10 -> 2907 | JE10: =D10+Q10+AD10+AQ10+BD10+BQ10+CD10+CQ10+DD10+DQ10+ED10+EQ10+FD10+FQ10+GD10+GQ10+HD10+HQ10+ID10+IQ10 -> 2907 | JF10: =E10+R10+AE10+AR10+BE10+BR10+CE10+CR10+DE10+DR10+EE10+ER10+FE10+FR10+GE10+GR10+HE10+HR10+IE10+IR10 -> 2907 | JG10: =F10+S10+AF10+AS10+BF10+BS10+CF10+CS10+DF10+DS10+EF10+ES10+FF10+FS10+GF10+GS10+HF10+HS10+IF10+IS10 -> 2907 | JH10: =G10+T10+AG10+AT10+BG10+BT10+CG10+CT10+DG10+DT10+EG10+ET10+FG10+FT10+GG10+GT10+HG10+HT10+IG10+IT10 -> 2907 | JI10: =H10+U10+AH10+AU10+BH10+BU10+CH10+CU10+DH10+DU10+EH10+EU10+FH10+FU10+GH10+GU10+HH10+HU10+IH10+IU10 -> 2907 | JJ10: =I10+V10+AI10+AV10+BI10+BV10+CI10+CV10+DI10+DV10+EI10+EV10+FI10+FV10+GI10+GV10+HI10+HV10+II10+IV10 -> 2907 | ... JN10: =M10+Z10+AM10+AZ10+BM10+BZ10+CM10+CZ10+DM10+DZ10+EM10+EZ10+FM10+FZ10+GM10+GZ10+HM10+HZ10+IM10+IZ10 -> 2907 | JO10: =SUM(JC10:JN10) -> 34884 | JQ10: =N10+AA10+AN10+BA10+BN10+CA10+CN10+DA10+DN10+EA10+EN10+FA10+FN10+GA10+GN10+HA10+HN10+IA10+IN10+JA10 -> 34884
A11: Byt č. 939/09 | B11: 15 | C11: 15 | D11: 15 | E11: 15 | F11: 15 | G11: 15 | H11: 15 | I11: 15 | J11: 15 | K11: 15 | L11: 15 | M11: 15 | N11: =SUM(B11:M11) -> 180 | O11: 100 | P11: 100 | Q11: 100 | R11: 100 | S11: 100 | T11: 100 | U11: 100 | V11: 100 | W11: 100 | X11: 100 | Y11: 100 | Z11: 100 | AA11: =SUM(O11:Z11) -> 1200 | AB11: 45 | AC11: 45 | AD11: 45 | AE11: 45 | AF11: 45 | AG11: 45 | AH11: 45 | AI11: 45 | AJ11: 45 | AK11: 45 | AL11: 45 | AM11: 45 | AN11: =SUM(AB11:AM11) -> 540 | AO11: 70 | AP11: 70 | AQ11: 70 | AR11: 70 | AS11: 70 | AT11: 70 | AU11: 70 | AV11: 70 | AW11: 70 | AX11: 70 | AY11: 70 | AZ11: 70 | BA11: =SUM(AO11:AZ11) -> 840 | BB11: 250 | BC11: 250 | BD11: 250 | BE11: 250 | BF11: 250 | BG11: 250 | BH11: 250 | BI11: 250 | BJ11: 250 | BK11: 250 | BL11: 250 | BM11: 250 | BN11: =SUM(BB11:BM11) -> 3000 | BO11: 120 | BP11: 120 | BQ11: 120 | BR11: 120 | BS11: 120 | BT11: 120 | BU11: 120 | BV11: 120 | BW11: 120 | BX11: 120 | BY11: 120 | BZ11: 120 | CA11: =SUM(BO11:BZ11) -> 1440 | CB11: 1587 | CC11: 1587 | CD11: 1587 | CE11: 1587 | CF11: 1587 | CG11: 1587 | CH11: 1587 | CI11: 1587 | CJ11: 1587 | CK11: 1587 | CL11: 1587 | CM11: 1587 | CN11: =SUM(CB11:CM11) -> 19044 | CO11: 0 | CP11: 0 | CQ11: 0 | CR11: 0 | CS11: 0 | CT11: 0 | CU11: 0 | CV11: 0 | CW11: 0 | CX11: 0 | CY11: 0 | CZ11: 0 | DA11: =SUM(CO11:CZ11) -> 0 | DB11: 0 | DC11: 0 | DD11: 0 | DE11: 0 | DF11: 0 | DG11: 0 | DH11: 0 | DI11: 0 | DJ11: 0 | DK11: 0 | DL11: 0 | DM11: 0 | DN11: =SUM(DB11:DM11) -> 0 | DO11: 0 | DP11: 0 | DQ11: 0 | DR11: 0 | DS11: 0 | DT11: 0 | DU11: 0 | DV11: 0 | DW11: 0 | DX11: 0 | DY11: 0 | DZ11: 0 | EA11: =SUM(DO11:DZ11) -> 0 | EB11: 0 | EC11: 0 | ED11: 0 | EE11: 0 | EF11: 0 | EG11: 0 | EH11: 0 | EI11: 0 | EJ11: 0 | EK11: 0 | EL11: 0 | EM11: 0 | EN11: =SUM(EB11:EM11) -> 0 | EO11: 0 | EP11: 0 | EQ11: 0 | ER11: 0 | ES11: 0 | ET11: 0 | EU11: 0 | EV11: 0 | EW11: 0 | EX11: 0 | EY11: 0 | EZ11: 0 | FA11: =SUM(EO11:EZ11) -> 0 | FB11: 713 | FC11: 713 | FD11: 713 | FE11: 713 | FF11: 713 | FG11: 713 | FH11: 713 | FI11: 713 | FJ11: 713 | FK11: 713 | FL11: 713 | FM11: 713 | FN11: =SUM(FB11:FM11) -> 8556 | FO11: 0 | FP11: 0 | FQ11: 0 | FR11: 0 | FS11: 0 | FT11: 0 | FU11: 0 | FV11: 0 | FW11: 0 | FX11: 0 | FY11: 0 | FZ11: 0 | GA11: =SUM(FO11:FZ11) -> 0 | GB11: 0 | GC11: 0 | GD11: 0 | GE11: 0 | GF11: 0 | GG11: 0 | GH11: 0 | GI11: 0 | GJ11: 0 | GK11: 0 | GL11: 0 | GM11: 0 | GN11: =SUM(GB11:GM11) -> 0 | GO11: 0 | GP11: 0 | GQ11: 0 | GR11: 0 | GS11: 0 | GT11: 0 | GU11: 0 | GV11: 0 | GW11: 0 | GX11: 0 | GY11: 0 | GZ11: 0 | HA11: =SUM(GO11:GZ11) -> 0 | HB11: 0 | HC11: 0 | HD11: 0 | HE11: 0 | HF11: 0 | HG11: 0 | HH11: 0 | HI11: 0 | HJ11: 0 | HK11: 0 | HL11: 0 | HM11: 0 | HN11: =SUM(HB11:HM11) -> 0 | HO11: 0 | HP11: 0 | HQ11: 0 | HR11: 0 | HS11: 0 | HT11: 0 | HU11: 0 | HV11: 0 | HW11: 0 | HX11: 0 | HY11: 0 | HZ11: 0 | IA11: =SUM(HO11:HZ11) -> 0 | IB11: 0 | IC11: 0 | ID11: 0 | IE11: 0 | IF11: 0 | IG11: 0 | IH11: 0 | II11: 0 | IJ11: 0 | IK11: 0 | IL11: 0 | IM11: 0 | IN11: =SUM(IB11:IM11) -> 0 | IO11: 0 | IP11: 0 | IQ11: 0 | IR11: 0 | IS11: 0 | IT11: 0 | IU11: 0 | IV11: 0 | IW11: 0 | IX11: 0 | IY11: 0 | IZ11: 0 | JA11: =SUM(IO11:IZ11) -> 0 | JC11: =B11+O11+AB11+AO11+BB11+BO11+CB11+CO11+DB11+DO11+EB11+EO11+FB11+FO11+GB11+GO11+HB11+HO11+IB11+IO11 -> 2900 | JD11: =C11+P11+AC11+AP11+BC11+BP11+CC11+CP11+DC11+DP11+EC11+EP11+FC11+FP11+GC11+GP11+HC11+HP11+IC11+IP11 -> 2900 | JE11: =D11+Q11+AD11+AQ11+BD11+BQ11+CD11+CQ11+DD11+DQ11+ED11+EQ11+FD11+FQ11+GD11+GQ11+HD11+HQ11+ID11+IQ11 -> 2900 | JF11: =E11+R11+AE11+AR11+BE11+BR11+CE11+CR11+DE11+DR11+EE11+ER11+FE11+FR11+GE11+GR11+HE11+HR11+IE11+IR11 -> 2900 | JG11: =F11+S11+AF11+AS11+BF11+BS11+CF11+CS11+DF11+DS11+EF11+ES11+FF11+FS11+GF11+GS11+HF11+HS11+IF11+IS11 -> 2900 | JH11: =G11+T11+AG11+AT11+BG11+BT11+CG11+CT11+DG11+DT11+EG11+ET11+FG11+FT11+GG11+GT11+HG11+HT11+IG11+IT11 -> 2900 | JI11: =H11+U11+AH11+AU11+BH11+BU11+CH11+CU11+DH11+DU11+EH11+EU11+FH11+FU11+GH11+GU11+HH11+HU11+IH11+IU11 -> 2900 | JJ11: =I11+V11+AI11+AV11+BI11+BV11+CI11+CV11+DI11+DV11+EI11+EV11+FI11+FV11+GI11+GV11+HI11+HV11+II11+IV11 -> 2900 | ... JN11: =M11+Z11+AM11+AZ11+BM11+BZ11+CM11+CZ11+DM11+DZ11+EM11+EZ11+FM11+FZ11+GM11+GZ11+HM11+HZ11+IM11+IZ11 -> 2900 | JO11: =SUM(JC11:JN11) -> 34800 | JQ11: =N11+AA11+AN11+BA11+BN11+CA11+CN11+DA11+DN11+EA11+EN11+FA11+FN11+GA11+GN11+HA11+HN11+IA11+IN11+JA11 -> 34800
A12: Byt č. 939/10 | B12: 15 | C12: 15 | D12: 30 | E12: 30 | F12: 30 | G12: 30 | H12: 30 | I12: 30 | J12: 30 | K12: 30 | L12: 30 | M12: 30 | N12: =SUM(B12:M12) -> 330 | O12: 70 | P12: 70 | Q12: 130 | R12: 130 | S12: 130 | T12: 130 | U12: 130 | V12: 130 | W12: 130 | X12: 130 | Y12: 130 | Z12: 130 | AA12: =SUM(O12:Z12) -> 1440 | AB12: 0 | AC12: 0 | AD12: 0 | AE12: 0 | AF12: 0 | AG12: 0 | AH12: 0 | AI12: 0 | AJ12: 0 | AK12: 0 | AL12: 0 | AM12: 0 | AN12: =SUM(AB12:AM12) -> 0 | AO12: 70 | AP12: 70 | AQ12: 290 | AR12: 290 | AS12: 290 | AT12: 290 | AU12: 290 | AV12: 290 | AW12: 290 | AX12: 290 | AY12: 290 | AZ12: 290 | BA12: =SUM(AO12:AZ12) -> 3040 | BB12: 250 | BC12: 250 | BD12: 490 | BE12: 490 | BF12: 490 | BG12: 490 | BH12: 490 | BI12: 490 | BJ12: 490 | BK12: 490 | BL12: 490 | BM12: 490 | BN12: =SUM(BB12:BM12) -> 5400 | BO12: 120 | BP12: 120 | BQ12: 190 | BR12: 190 | BS12: 190 | BT12: 190 | BU12: 190 | BV12: 190 | BW12: 190 | BX12: 190 | BY12: 190 | BZ12: 190 | CA12: =SUM(BO12:BZ12) -> 2140 | CB12: 1652 | CC12: 1652 | CD12: 1652 | CE12: 1652 | CF12: 1652 | CG12: 1652 | CH12: 1652 | CI12: 1652 | CJ12: 1652 | CK12: 1652 | CL12: 1652 | CM12: 1652 | CN12: =SUM(CB12:CM12) -> 19824 | CO12: 0 | CP12: 0 | CQ12: 0 | CR12: 0 | CS12: 0 | CT12: 0 | CU12: 0 | CV12: 0 | CW12: 0 | CX12: 0 | CY12: 0 | CZ12: 0 | DA12: =SUM(CO12:CZ12) -> 0 | DB12: 0 | DC12: 0 | DD12: 0 | DE12: 0 | DF12: 0 | DG12: 0 | DH12: 0 | DI12: 0 | DJ12: 0 | DK12: 0 | DL12: 0 | DM12: 0 | DN12: =SUM(DB12:DM12) -> 0 | DO12: 0 | DP12: 0 | DQ12: 0 | DR12: 0 | DS12: 0 | DT12: 0 | DU12: 0 | DV12: 0 | DW12: 0 | DX12: 0 | DY12: 0 | DZ12: 0 | EA12: =SUM(DO12:DZ12) -> 0 | EB12: 0 | EC12: 0 | ED12: 0 | EE12: 0 | EF12: 0 | EG12: 0 | EH12: 0 | EI12: 0 | EJ12: 0 | EK12: 0 | EL12: 0 | EM12: 0 | EN12: =SUM(EB12:EM12) -> 0 | EO12: 0 | EP12: 0 | EQ12: 0 | ER12: 0 | ES12: 0 | ET12: 0 | EU12: 0 | EV12: 0 | EW12: 0 | EX12: 0 | EY12: 0 | EZ12: 0 | FA12: =SUM(EO12:EZ12) -> 0 | FB12: 0 | FC12: 0 | FD12: 0 | FE12: 0 | FF12: 0 | FG12: 0 | FH12: 0 | FI12: 0 | FJ12: 0 | FK12: 0 | FL12: 0 | FM12: 0 | FN12: =SUM(FB12:FM12) -> 0 | FO12: 0 | FP12: 0 | FQ12: 0 | FR12: 0 | FS12: 0 | FT12: 0 | FU12: 0 | FV12: 0 | FW12: 0 | FX12: 0 | FY12: 0 | FZ12: 0 | GA12: =SUM(FO12:FZ12) -> 0 | GB12: 0 | GC12: 0 | GD12: 0 | GE12: 0 | GF12: 0 | GG12: 0 | GH12: 0 | GI12: 0 | GJ12: 0 | GK12: 0 | GL12: 0 | GM12: 0 | GN12: =SUM(GB12:GM12) -> 0 | GO12: 0 | GP12: 0 | GQ12: 0 | GR12: 0 | GS12: 0 | GT12: 0 | GU12: 0 | GV12: 0 | GW12: 0 | GX12: 0 | GY12: 0 | GZ12: 0 | HA12: =SUM(GO12:GZ12) -> 0 | HB12: 0 | HC12: 0 | HD12: 0 | HE12: 0 | HF12: 0 | HG12: 0 | HH12: 0 | HI12: 0 | HJ12: 0 | HK12: 0 | HL12: 0 | HM12: 0 | HN12: =SUM(HB12:HM12) -> 0 | HO12: 0 | HP12: 0 | HQ12: 0 | HR12: 0 | HS12: 0 | HT12: 0 | HU12: 0 | HV12: 0 | HW12: 0 | HX12: 0 | HY12: 0 | HZ12: 0 | IA12: =SUM(HO12:HZ12) -> 0 | IB12: 0 | IC12: 0 | ID12: 0 | IE12: 0 | IF12: 0 | IG12: 0 | IH12: 0 | II12: 0 | IJ12: 0 | IK12: 0 | IL12: 0 | IM12: 0 | IN12: =SUM(IB12:IM12) -> 0 | IO12: 0 | IP12: 0 | IQ12: 0 | IR12: 0 | IS12: 0 | IT12: 0 | IU12: 0 | IV12: 0 | IW12: 0 | IX12: 0 | IY12: 0 | IZ12: 0 | JA12: =SUM(IO12:IZ12) -> 0 | JC12: =B12+O12+AB12+AO12+BB12+BO12+CB12+CO12+DB12+DO12+EB12+EO12+FB12+FO12+GB12+GO12+HB12+HO12+IB12+IO12 -> 2177 | JD12: =C12+P12+AC12+AP12+BC12+BP12+CC12+CP12+DC12+DP12+EC12+EP12+FC12+FP12+GC12+GP12+HC12+HP12+IC12+IP12 -> 2177 | JE12: =D12+Q12+AD12+AQ12+BD12+BQ12+CD12+CQ12+DD12+DQ12+ED12+EQ12+FD12+FQ12+GD12+GQ12+HD12+HQ12+ID12+IQ12 -> 2782 | JF12: =E12+R12+AE12+AR12+BE12+BR12+CE12+CR12+DE12+DR12+EE12+ER12+FE12+FR12+GE12+GR12+HE12+HR12+IE12+IR12 -> 2782 | JG12: =F12+S12+AF12+AS12+BF12+BS12+CF12+CS12+DF12+DS12+EF12+ES12+FF12+FS12+GF12+GS12+HF12+HS12+IF12+IS12 -> 2782 | JH12: =G12+T12+AG12+AT12+BG12+BT12+CG12+CT12+DG12+DT12+EG12+ET12+FG12+FT12+GG12+GT12+HG12+HT12+IG12+IT12 -> 2782 | JI12: =H12+U12+AH12+AU12+BH12+BU12+CH12+CU12+DH12+DU12+EH12+EU12+FH12+FU12+GH12+GU12+HH12+HU12+IH12+IU12 -> 2782 | JJ12: =I12+V12+AI12+AV12+BI12+BV12+CI12+CV12+DI12+DV12+EI12+EV12+FI12+FV12+GI12+GV12+HI12+HV12+II12+IV12 -> 2782 | ... JN12: =M12+Z12+AM12+AZ12+BM12+BZ12+CM12+CZ12+DM12+DZ12+EM12+EZ12+FM12+FZ12+GM12+GZ12+HM12+HZ12+IM12+IZ12 -> 2782 | JO12: =SUM(JC12:JN12) -> 32174 | JQ12: =N12+AA12+AN12+BA12+BN12+CA12+CN12+DA12+DN12+EA12+EN12+FA12+FN12+GA12+GN12+HA12+HN12+IA12+IN12+JA12 -> 32174
