Workbook
Name BYT: 'vstupní data'!$B$4
Name BYT: 'vstupní data'!$B$4
Name BYTOVE_DOMY: 'Bytové domy'!$A$1
Name DŮM: 'vstupní data'!$B$3
Name DŮM: 'vstupní data'!$B$3
Name dum_adresa: 'vstupní data'!$D$3
Name EVIDENCE: 'Evidence'!$A$1
Name FAKTURY_ZA_SLUZBY: 'faktury za služby'!$A$1
Name NAKLADY_BYTOVY_DUM_ZA_ROK: 'Rozpočet domu'!$A$1
Name NAKLADY_BYTOVY_DUM_ZA_ROK: 'Náklady na dům'!$A$1
Name POCET_OSOB: 'Počet osob'!$A$1
Name PREDPISI_PO_MESICI: 'Předpis po mesici'!$B$1
Name PREPLATKY_NEDOPLATKY: 'Přeplatky nedoplatky'!$A$1
Name PRIJEM_SVJ_BEZ_VYDAJU: 'prijem SVJ bez vydaju'!$A$1
Name PRIJEM_SVJ_VCETNE_VYDAJU: 'prijem SVJ'!$A$1
Name Print_Area_Ucto: 'Vyúčtování byt - 1.část'!$A$1:$L$63
Name Print_Area_Ucto: 'Zálohy byt - měsíčně'!$A$1:$Q$35
Name TEPLO: 'Teplo'!$A$1
Name UHRADY: 'uhrady'!$A$1
Name VB_Jednotka_Osvětlení: 'Vyúčtování byt - 1.část'!$C$10
Name VB_Jednotka_Osvětlení: 'Zálohy byt - měsíčně'!$C$10
Name VB_PDF_name: 'Vyúčtování byt - 1.část'!$P$38
Name VB_preplatky_celkem: 'Vyúčtování byt - 1.část'!$K$34
Name VB_preplatky_celkem: 'Zálohy byt - měsíčně'!$P$33
Name VD_celková_plocha_jednotky: 'vstupní data'!$B$25
Name VD_celková_plocha_jednotky: 'vstupní data'!$B$25
Name VD_Cena_BVak: 'vstupní data'!$B$13
Name VD_Cena_BVak: 'vstupní data'!$B$13
Name VD_číslo_účtu_SVJ: 'vstupní data'!$B$22
Name VD_číslo_účtu_SVJ: 'vstupní data'!$B$22
Name VD_externí_výpočet_nákladů_tepla: 'vstupní data'!$B$29
Name VD_externí_výpočet_nákladů_tepla: 'vstupní data'!$B$29
Name vd_faktury_za_sluzby: 'faktury za služby'!$1:$9
Name VD_jméno: 'vstupní data'!$B$5
Name VD_jméno: 'vstupní data'!$B$5
Name VD_odečet_SV_vody_za_daný_rok: 'vstupní data'!$B$23
Name VD_odečet_SV_vody_za_daný_rok: 'vstupní data'!$B$23
Name VD_odečet_TUV_za_daný_rok: 'vstupní data'!$B$24
Name VD_odečet_TUV_za_daný_rok: 'vstupní data'!$B$24
Name VD_Počet_jednotek: 'vstupní data'!$B$17
Name VD_Počet_jednotek: 'vstupní data'!$B$17
Name VD_Počet_komínů: 'vstupní data'!$B$20
Name VD_počet_měsíců_úžívání: 'vstupní data'!$B$15
Name VD_počet_měsíců_úžívání: 'vstupní data'!$B$15
Name VD_Počet_osob: 'vstupní data'!$B$21
Name VD_přeplatek_aktuální_rok: 'vstupní data'!$B$11
Name VD_přeplatek_z_minula: 'vstupní data'!$B$10
Name VD_reklamace_do: 'vstupní data'!$B$14
Name VD_spoluvlastnictví_podíl: 'vstupní data'!$B$27
Name VD_účet_vlastníka: 'vstupní data'!$B$7
Name VD_účet_vlastníka: 'vstupní data'!$B$7
Name VD_účetní_období: 'vstupní data'!$B$8
Name VD_Užitná_plocha_domu_celkem: 'vstupní data'!$B$18
Name VD_Užitná_plocha_domu_započitatelná: 'vstupní data'!$B$19
Name VD_VS: 'vstupní data'!$B$6
Name VD_VS: 'vstupní data'!$B$6
Name VD_vyplaceno_do: 'vstupní data'!$B$16
Name VD_výpočet_vlastnického_podílu: 'vstupní data'!$B$28
Name VD_výpočet_vlastnického_podílu: 'vstupní data'!$B$28
Name VD_výsledek_vyúčtování: 'vstupní data'!$B$9

Sheet Zborovská 2 - s vodoměry
A1: =#REF! -> 0
A3: =#REF! -> 0
A4: =#REF! -> 0 | C4: =#REF! -> 0 | F4: =#REF! -> 0 | H4: =#REF! -> 0 | J4: =#REF! -> 0 | K4: =#REF! -> 0
A5: =#REF! -> 0 | C5: =#REF! -> 0 | F5: =#REF! -> 0 | H5: =#REF! -> 0 | J5: =#REF! -> 0 | K5: =#REF! -> 0
A7: =#REF! -> 0
E9: =#REF! -> 0 | H9: =#REF! -> 0
A10: =#REF! -> 0 | C10: =#REF! -> 0 | D10: =#REF! -> 0 | E10: =#REF! -> 0 | F10: =#REF! -> 0 | G10: =#REF! -> 0 | H10: =#REF! -> 0 | I10: =#REF! -> 0 | J10: =#REF! -> 0 | K10: =#REF! -> 0
A11: =#REF! -> 0 | C11: =#REF! -> 0 | D11: =#REF! -> 0 | E11: =#REF! -> 0 | F11: =#REF! -> 0 | G11: =ROUND(E11/F11,2) -> 0 | H11: =#REF! -> 0 | I11: =#REF! -> 0 | J11: =#REF! -> 0 | K11: =J11-I11 -> 0
A12: =#REF! -> 0 | C12: =#REF! -> 0 | D12: =#REF! -> 0 | E12: =#REF! -> 0 | F12: =#REF! -> 0 | G12: =ROUND(E12/F12,2) -> 0 | H12: =#REF! -> 0 | I12: =#REF! -> 0 | J12: =#REF! -> 0 | K12: =J12-I12 -> 0
A13: =#REF! -> 0 | C13: =#REF! -> 0 | D13: =#REF! -> 0 | E13: =#REF! -> 0 | F13: =#REF! -> 0 | G13: =ROUND(E13/F13,2) -> 0 | H13: =#REF! -> 0 | I13: =#REF! -> 0 | J13: =#REF! -> 0 | K13: =J13-I13 -> 0
A14: =#REF! -> 0 | C14: =#REF! -> 0 | D14: =#REF! -> 0 | E14: =#REF! -> 0 | F14: ='Počet osob'!P104 -> 0 | G14: =ROUND(E14/F14,2) -> 0 | H14: =LOOKUP('vstupní data'!B4,'Počet osob'!A:A,'Počet osob'!P:P) -> 0 | I14: =H14*G14 -> 0 | J14: =#REF! -> 0 | K14: =J14-I14 -> 0
A15: =#REF! -> 0 | C15: =#REF! -> 0 | D15: =#REF! -> 0 | E15: =#REF! -> 0 | F15: =#REF! -> 0 | G15: =#REF! -> 0 | H15: =#REF! -> 0 | I15: =#REF! -> 0 | J15: =#REF! -> 0 | K15: =#REF! -> 0
A16: =#REF! -> 0 | C16: =#REF! -> 0 | D16: =#REF! -> 0 | E16: =#REF! -> 0 | F16: =#REF! -> 0 | G16: =#REF! -> 0 | H16: =#REF! -> 0 | I16: =#REF! -> 0 | J16: =#REF! -> 0 | K16: =#REF! -> 0
A17: =#REF! -> 0 | C17: =#REF! -> 0 | D17: =#REF! -> 0 | E17: =#REF! -> 0 | F17: =#REF! -> 0 | G17: =#REF! -> 0 | H17: =#REF! -> 0 | I17: =#REF! -> 0 | J17: =#REF! -> 0 | K17: =#REF! -> 0
A18: =#REF! -> 0 | C18: =#REF! -> 0 | D18: =#REF! -> 0 | E18: ='faktury za služby'!J43 -> 0 | F18: =#REF! -> 0 | G18: =ROUND(E18/F18,2) -> 0 | H18: =#REF! -> 0 | I18: =#REF! -> 0 | J18: =#REF! -> 0 | K18: =J18-I18 -> 0
A19: =#REF! -> 0 | C19: =#REF! -> 0 | D19: =#REF! -> 0 | E19: =#REF! -> 0 | F19: =#REF! -> 0 | G19: =#REF! -> 0 | H19: =#REF! -> 0 | I19: =#REF! -> 0 | J19: =#REF! -> 0 | K19: =#REF! -> 0
C20: =#REF! -> 0 | D20: =#REF! -> 0 | E20: =#REF! -> 0 | F20: =#REF! -> 0 | G20: =#REF! -> 0 | H20: =#REF! -> 0 | I20: =#REF! -> 0
A21: =#REF! -> 0 | C21: =#REF! -> 0 | D21: =#REF! -> 0 | E21: =#REF! -> 0 | F21: =#REF! -> 0 | G21: =ROUND(E21/F21,2) -> 0 | H21: =#REF! -> 0 | I21: =#REF! -> 0 | J21: =#REF! -> 0 | K21: =J21-I21 -> 0
A22: =#REF! -> 0 | C22: =#REF! -> 0 | D22: =#REF! -> 0 | E22: =#REF! -> 0 | F22: =#REF! -> 0 | G22: =#REF! -> 0 | H22: =#REF! -> 0 | I22: =#REF! -> 0 | J22: =#REF! -> 0 | K22: =#REF! -> 0
A23: =#REF! -> 0 | E23: =SUM(E11:E21) -> 0 | G23: =#REF! -> 0 | I23: =SUM(I11:I21) -> 0 | J23: =SUM(J11:J21) -> 0 | K23: =SUM(K11:K21) -> 0
G24: =#REF! -> 0 | K24: =#REF! -> 0
G25: =#REF! -> 0 | K25: =K24+K23 -> 0
E26: =#REF! -> 0
A28: =#REF! -> 0
A29: =#REF! -> 0 | B29: =#REF! -> 0 | C29: =#REF! -> 0 | D29: =#REF! -> 0 | E29: =#REF! -> 0 | F29: =#REF! -> 0 | G29: =#REF! -> 0 | H29: =#REF! -> 0 | ... L29: =#REF! -> 0
A30: =#REF! -> 0 | B30: =#REF! -> 0 | C30: =#REF! -> 0 | D30: =#REF! -> 0 | E30: =#REF! -> 0 | F30: =#REF! -> 0 | G30: =#REF! -> 0 | H30: =#REF! -> 0 | ... L30: =#REF! -> 0
A31: =#REF! -> 0
A32: =#REF! -> 0 | B32: =#REF! -> 0 | C32: =#REF! -> 0 | D32: =#REF! -> 0 | E32: =#REF! -> 0 | F32: =#REF! -> 0 | G32: =#REF! -> 0 | H32: =#REF! -> 0 | ... L32: =#REF! -> 0
A33: =#REF! -> 0 | B33: =#REF! -> 0 | C33: =#REF! -> 0 | D33: =#REF! -> 0 | E33: =#REF! -> 0 | F33: =#REF! -> 0 | G33: =#REF! -> 0 | H33: =#REF! -> 0 | ... L33: =#REF! -> 0
A34: =#REF! -> 0 | C34: =#REF! -> 0
A36: =#REF! -> 0
A37: =#REF! -> 0 | C37: =#REF! -> 0 | E37: =#REF! -> 0 | G37: =#REF! -> 0 | I37: =#REF! -> 0 | K37: =#REF! -> 0
A38: =#REF! -> 0 | C38: =#REF! -> 0 | E38: =#REF! -> 0 | G38: =#REF! -> 0 | I38: =#REF! -> 0 | K38: =#REF! -> 0
A39: =#REF! -> 0 | C39: =#REF! -> 0 | E39: =#REF! -> 0 | G39: =#REF! -> 0 | I39: =#REF! -> 0 | K39: =#REF! -> 0
A41: =#REF! -> 0
A42: =#REF! -> 0
A43: =#REF! -> 0
A44: =#REF! -> 0

Sheet Zborovská 2 - bez vodoměrů
A1: =#REF! -> 0
A3: =#REF! -> 0
A4: =#REF! -> 0 | C4: =#REF! -> 0 | F4: =#REF! -> 0 | H4: =#REF! -> 0 | J4: =#REF! -> 0 | K4: =#REF! -> 0
A5: =#REF! -> 0 | C5: =#REF! -> 0 | F5: =#REF! -> 0 | H5: =#REF! -> 0 | J5: =#REF! -> 0 | K5: =#REF! -> 0
A7: =#REF! -> 0
E9: =#REF! -> 0 | H9: =#REF! -> 0
A10: =#REF! -> 0 | C10: =#REF! -> 0 | D10: =#REF! -> 0 | E10: =#REF! -> 0 | F10: =#REF! -> 0 | G10: =#REF! -> 0 | H10: =#REF! -> 0 | I10: =#REF! -> 0 | J10: =#REF! -> 0 | K10: =#REF! -> 0
A11: =#REF! -> 0 | C11: =#REF! -> 0 | D11: =#REF! -> 0 | E11: =#REF! -> 0 | F11: =#REF! -> 0 | G11: =ROUND(E11/F11,2) -> 0 | H11: =#REF! -> 0 | I11: =G11*H11 -> 0 | J11: =#REF! -> 0 | K11: =#REF! -> 0
A12: =#REF! -> 0 | C12: =#REF! -> 0 | D12: =#REF! -> 0 | E12: =#REF! -> 0 | F12: =#REF! -> 0 | G12: =ROUND(E12/F12,2) -> 0 | H12: =#REF! -> 0 | I12: =G12*H12 -> 0 | J12: =#REF! -> 0 | K12: =#REF! -> 0
A13: =#REF! -> 0 | C13: =#REF! -> 0 | D13: =#REF! -> 0 | E13: =#REF! -> 0 | F13: =#REF! -> 0 | G13: =ROUND(E13/F13,2) -> 0 | H13: =#REF! -> 0 | I13: =G13*H13 -> 0 | J13: =#REF! -> 0 | K13: =#REF! -> 0
A14: =#REF! -> 0 | C14: =#REF! -> 0 | D14: =#REF! -> 0 | E14: =#REF! -> 0 | F14: ='Počet osob'!P104 -> 0 | G14: =ROUND(E14/F14,2) -> 0 | H14: =LOOKUP('vstupní data'!B4,'Počet osob'!A:A,'Počet osob'!P:P) -> 0 | I14: =G14*H14 -> 0 | J14: =#REF! -> 0 | K14: =J14-I14 -> 0
A15: =#REF! -> 0 | C15: =#REF! -> 0 | D15: =#REF! -> 0 | E15: =#REF! -> 0 | F15: =#REF! -> 0 | G15: =#REF! -> 0 | H15: =#REF! -> 0 | I15: =#REF! -> 0 | J15: =#REF! -> 0 | K15: =#REF! -> 0
A16: =#REF! -> 0 | C16: =#REF! -> 0 | D16: =#REF! -> 0 | E16: =#REF! -> 0 | F16: =#REF! -> 0 | G16: =#REF! -> 0 | H16: =#REF! -> 0 | I16: =#REF! -> 0 | J16: =#REF! -> 0 | K16: =#REF! -> 0
A17: =#REF! -> 0 | C17: =#REF! -> 0 | D17: =#REF! -> 0 | E17: =#REF! -> 0 | F17: =#REF! -> 0 | G17: =#REF! -> 0 | H17: =#REF! -> 0 | I17: =#REF! -> 0 | J17: =#REF! -> 0 | K17: =#REF! -> 0
A18: =#REF! -> 0 | C18: =#REF! -> 0 | D18: =#REF! -> 0 | E18: ='faktury za služby'!J42 -> 0 | F18: ='Počet osob'!Q104 -> 0 | G18: =ROUND(E18/F18,2) -> 0 | H18: =#REF! -> 0 | I18: =G18*H18 -> 0 | J18: =#REF! -> 0 | K18: =#REF! -> 0
A19: =#REF! -> 0 | C19: =#REF! -> 0 | D19: =#REF! -> 0 | E19: =#REF! -> 0 | F19: =#REF! -> 0 | G19: =#REF! -> 0 | H19: =#REF! -> 0 | I19: =#REF! -> 0 | J19: =#REF! -> 0 | K19: =#REF! -> 0
C20: =#REF! -> 0 | D20: =#REF! -> 0 | E20: =#REF! -> 0 | F20: =#REF! -> 0 | G20: =#REF! -> 0 | H20: =#REF! -> 0 | I20: =#REF! -> 0
A21: =#REF! -> 0 | C21: =#REF! -> 0 | D21: =#REF! -> 0 | E21: =#REF! -> 0 | F21: =#REF! -> 0 | G21: =ROUND(E21/F21,2) -> 0 | H21: =#REF! -> 0 | I21: =G21*H21 -> 0 | J21: =#REF! -> 0 | K21: =#REF! -> 0
A22: =#REF! -> 0 | C22: =#REF! -> 0 | D22: =#REF! -> 0 | E22: =#REF! -> 0 | F22: =#REF! -> 0 | G22: =#REF! -> 0 | H22: =#REF! -> 0 | I22: =#REF! -> 0 | J22: =#REF! -> 0 | K22: =#REF! -> 0
A23: =#REF! -> 0 | E23: =SUM(E11:E21) -> 0 | G23: =#REF! -> 0 | I23: =SUM(I11:I21) -> 0 | J23: =SUM(J11:J21) -> 0 | K23: =SUM(K11:K21) -> 0
G24: =#REF! -> 0 | K24: =#REF! -> 0
G25: =#REF! -> 0 | K25: =K23+K24 -> 0
E26: =#REF! -> 0
A28: =#REF! -> 0
A29: =#REF! -> 0 | B29: =#REF! -> 0 | C29: =#REF! -> 0 | D29: =#REF! -> 0 | E29: =#REF! -> 0 | F29: =#REF! -> 0 | G29: =#REF! -> 0 | H29: =#REF! -> 0 | ... L29: =#REF! -> 0
A30: =#REF! -> 0 | B30: =#REF! -> 0 | C30: =#REF! -> 0 | D30: =#REF! -> 0 | E30: =#REF! -> 0 | F30: =#REF! -> 0 | G30: =#REF! -> 0 | H30: =#REF! -> 0 | ... L30: =#REF! -> 0
A31: =#REF! -> 0
A32: =#REF! -> 0 | B32: =#REF! -> 0 | C32: =#REF! -> 0 | D32: =#REF! -> 0 | E32: =#REF! -> 0 | F32: =#REF! -> 0 | G32: =#REF! -> 0 | H32: =#REF! -> 0 | ... L32: =#REF! -> 0
A33: =#REF! -> 0 | B33: =#REF! -> 0 | C33: =#REF! -> 0 | D33: =#REF! -> 0 | E33: =#REF! -> 0 | F33: =#REF! -> 0 | G33: =#REF! -> 0 | H33: =#REF! -> 0 | ... L33: =#REF! -> 0
A34: =#REF! -> 0 | C34: =#REF! -> 0
A36: =#REF! -> 0
A37: =#REF! -> 0 | C37: =#REF! -> 0 | E37: =#REF! -> 0 | G37: =#REF! -> 0 | I37: =#REF! -> 0 | K37: =#REF! -> 0
A38: =#REF! -> 0 | C38: =#REF! -> 0 | E38: =#REF! -> 0 | G38: =#REF! -> 0 | I38: =#REF! -> 0 | K38: =#REF! -> 0
A39: =#REF! -> 0 | C39: =#REF! -> 0 | E39: =#REF! -> 0 | G39: =#REF! -> 0 | I39: =#REF! -> 0 | K39: =#REF! -> 0
A41: =#REF! -> 0
A42: =#REF! -> 0
A43: =#REF! -> 0
A44: =#REF! -> 0

Sheet export send mail
A1: SEZNAM | B1: Email | C1: Celé jméno | D1: Stav | E1: Mobil | F1: Jméno | G1: Příjmení | H1: ID | I1: Adresa | J1: Bytový dům | K1: Jednotka číslo | L1: Soubor na poslání | M1: Datum narození | N1: Oslovení | O1: Příloha 2
B2: =Evidence!D2 -> 0 | C2: =Evidence!B2 -> 0 | E2: =Evidence!E2 -> 0 | I2: =Evidence!C2 -> 0 | J2: =dum_adresa -> 0 | K2: =Evidence!A2 -> 0 | L2: =("C:\sprava\"&SUBSTITUTE(K2,"/","")&".pdf") -> 0
B3: =Evidence!D3 -> 0 | C3: =Evidence!B3 -> 0 | E3: =Evidence!E3 -> 0 | I3: =Evidence!C3 -> 0 | J3: =dum_adresa -> 0 | K3: =Evidence!A3 -> 0 | L3: =("C:\sprava\"&SUBSTITUTE(K3,"/","")&".pdf") -> 0 | N3: Vážený pane inženýre,
B4: =Evidence!D4 -> 0 | C4: =Evidence!B4 -> 0 | E4: =Evidence!E4 -> 0 | I4: =Evidence!C4 -> 0 | J4: =dum_adresa -> 0 | K4: =Evidence!A4 -> 0 | L4: =("C:\sprava\"&SUBSTITUTE(K4,"/","")&".pdf") -> 0 | N4: Vážená paní Pařízková,
B5: =Evidence!D5 -> 0 | C5: =Evidence!B5 -> 0 | E5: =Evidence!E5 -> 0 | I5: =Evidence!C5 -> 0 | J5: =dum_adresa -> 0 | K5: =Evidence!A5 -> 0 | L5: =("C:\sprava\"&SUBSTITUTE(K5,"/","")&".pdf") -> 0 | N5: Vážená paní inženýrko,
B6: =Evidence!D6 -> 0 | C6: =Evidence!B6 -> 0 | E6: =Evidence!E6 -> 0 | I6: =Evidence!C6 -> 0 | J6: =dum_adresa -> 0 | K6: =Evidence!A6 -> 0 | L6: =("C:\sprava\"&SUBSTITUTE(K6,"/","")&".pdf") -> 0 | N6: Vážený pane Pelko,
B7: =Evidence!D7 -> 0 | C7: =Evidence!B7 -> 0 | E7: =Evidence!E7 -> 0 | I7: =Evidence!C7 -> 0 | J7: =dum_adresa -> 0 | K7: =Evidence!A7 -> 0 | L7: =("C:\sprava\"&SUBSTITUTE(K7,"/","")&".pdf") -> 0 | N7: Vážená paní Šťastná,
B8: =Evidence!D8 -> 0 | C8: =Evidence!B8 -> 0 | E8: =Evidence!E8 -> 0 | I8: =Evidence!C8 -> 0 | J8: =dum_adresa -> 0 | K8: =Evidence!A8 -> 0 | L8: =("C:\sprava\"&SUBSTITUTE(K8,"/","")&".pdf") -> 0 | N8: Vážený pane magistře,
B9: =Evidence!D9 -> 0 | C9: =Evidence!B9 -> 0 | E9: =Evidence!E9 -> 0 | I9: =Evidence!C9 -> 0 | J9: =dum_adresa -> 0 | K9: =Evidence!A9 -> 0 | L9: =("C:\sprava\"&SUBSTITUTE(K9,"/","")&".pdf") -> 0 | N9: Vážená paní inženýrko,
B10: =Evidence!D10 -> 0 | C10: =Evidence!B10 -> 0 | E10: =Evidence!E10 -> 0 | I10: =Evidence!C10 -> 0 | J10: =dum_adresa -> 0 | K10: =Evidence!A10 -> 0 | L10: =("C:\sprava\"&SUBSTITUTE(K10,"/","")&".pdf") -> 0 | N10: Vážený pane magistře,
B11: =Evidence!D11 -> 0 | C11: =Evidence!B11 -> 0 | E11: =Evidence!E11 -> 0 | I11: =Evidence!C11 -> 0 | J11: =dum_adresa -> 0 | K11: =Evidence!A11 -> 0 | L11: =("C:\sprava\"&SUBSTITUTE(K11,"/","")&".pdf") -> 0 | N11: Vážený pane inženýre,
B12: =Evidence!D12 -> 0 | C12: =Evidence!B12 -> 0 | E12: =Evidence!E12 -> 0 | I12: =Evidence!C12 -> 0 | J12: =dum_adresa -> 0 | K12: =Evidence!A12 -> 0 | L12: =("C:\sprava\"&SUBSTITUTE(K12,"/","")&".pdf") -> 0 | N12: Vážená paní doktorko,
B13: =Evidence!D13 -> 0 | C13: =Evidence!B13 -> 0 | E13: =Evidence!E13 -> 0 | I13: =Evidence!C13 -> 0 | J13: =dum_adresa -> 0 | K13: =Evidence!A13 -> 0 | L13: =("C:\sprava\"&SUBSTITUTE(K13,"/","")&".pdf") -> 0 | N13: Vážený pane inženýre,
B14: =Evidence!D14 -> 0 | C14: =Evidence!B14 -> 0 | E14: =Evidence!E14 -> 0 | I14: =Evidence!C14 -> 0 | J14: =dum_adresa -> 0 | K14: =Evidence!A14 -> 0 | L14: =("C:\sprava\"&SUBSTITUTE(K14,"/","")&".pdf") -> 0 | N14: Vážená paní doktorko,
... B59: =Evidence!D59 -> 0 | C59: =Evidence!B59 -> 0 | E59: =Evidence!E59 -> 0 | I59: =Evidence!C59 -> 0 | J59: =dum_adresa -> 0 | K59: =Evidence!A59 -> 0 | L59: =("C:\sprava\"&SUBSTITUTE(K59,"/","")&".pdf") -> 0 | N59: Vážený pane inženýre,
B60: =Evidence!D60 -> 0 | C60: =Evidence!B60 -> 0 | E60: =Evidence!E60 -> 0 | I60: =Evidence!C60 -> 0 | J60: =dum_adresa -> 0 | K60: =Evidence!A60 -> 0 | L60: =("C:\sprava\"&SUBSTITUTE(K60,"/","")&".pdf") -> 0
B61: =Evidence!D61 -> 0 | C61: =Evidence!B61 -> 0 | E61: =Evidence!E61 -> 0 | I61: =Evidence!C61 -> 0 | J61: =dum_adresa -> 0 | K61: =Evidence!A61 -> 0 | L61: =("C:\sprava\"&SUBSTITUTE(K61,"/","")&".pdf") -> 0
B62: =Evidence!D62 -> 0 | C62: =Evidence!B62 -> 0 | E62: =Evidence!E62 -> 0 | I62: =Evidence!C62 -> 0 | J62: =dum_adresa -> 0 | K62: =Evidence!A62 -> 0 | L62: =("C:\sprava\"&SUBSTITUTE(K62,"/","")&".pdf") -> 0
B63: =Evidence!D63 -> 0 | C63: =Evidence!B63 -> 0 | E63: =Evidence!E63 -> 0 | I63: =Evidence!C63 -> 0 | J63: =dum_adresa -> 0 | K63: =Evidence!A63 -> 0 | L63: =("C:\sprava\"&SUBSTITUTE(K63,"/","")&".pdf") -> 0
B64: =Evidence!D64 -> 0 | C64: =Evidence!B64 -> 0 | E64: =Evidence!E64 -> 0 | I64: =Evidence!C64 -> 0 | J64: =dum_adresa -> 0 | K64: =Evidence!A64 -> 0 | L64: =("C:\sprava\"&SUBSTITUTE(K64,"/","")&".pdf") -> 0
B65: =Evidence!D65 -> 0 | C65: =Evidence!B65 -> 0 | E65: =Evidence!E65 -> 0 | I65: =Evidence!C65 -> 0 | J65: =dum_adresa -> 0 | K65: =Evidence!A65 -> 0 | L65: =("C:\sprava\"&SUBSTITUTE(K65,"/","")&".pdf") -> 0
B66: =Evidence!D66 -> 0 | C66: =Evidence!B66 -> 0 | E66: =Evidence!E66 -> 0 | I66: =Evidence!C66 -> 0 | J66: =dum_adresa -> 0 | K66: =Evidence!A66 -> 0 | L66: =("C:\sprava\"&SUBSTITUTE(K66,"/","")&".pdf") -> 0
B67: =Evidence!D67 -> 0 | C67: =Evidence!B67 -> 0 | E67: =Evidence!E67 -> 0 | I67: =Evidence!C67 -> 0 | J67: =dum_adresa -> 0 | K67: =Evidence!A67 -> 0 | L67: =("C:\sprava\"&SUBSTITUTE(K67,"/","")&".pdf") -> 0
B68: =Evidence!D68 -> 0 | C68: =Evidence!B68 -> 0 | E68: =Evidence!E68 -> 0 | I68: =Evidence!C68 -> 0 | J68: =dum_adresa -> 0 | K68: =Evidence!A68 -> 0 | L68: =("C:\sprava\"&SUBSTITUTE(K68,"/","")&".pdf") -> 0
B69: =Evidence!D69 -> 0 | C69: =Evidence!B69 -> 0 | E69: =Evidence!E69 -> 0 | I69: =Evidence!C69 -> 0 | J69: =dum_adresa -> 0 | K69: =Evidence!A69 -> 0 | L69: =("C:\sprava\"&SUBSTITUTE(K69,"/","")&".pdf") -> 0
B70: =Evidence!D70 -> 0 | C70: =Evidence!B70 -> 0 | E70: =Evidence!E70 -> 0 | I70: =Evidence!C70 -> 0 | J70: =dum_adresa -> 0 | K70: =Evidence!A70 -> 0 | L70: =("C:\sprava\"&SUBSTITUTE(K70,"/","")&".pdf") -> 0
B71: =Evidence!D71 -> 0 | C71: =Evidence!B71 -> 0 | E71: =Evidence!E71 -> 0 | I71: =Evidence!C71 -> 0 | J71: =dum_adresa -> 0 | K71: =Evidence!A71 -> 0 | L71: =("C:\sprava\"&SUBSTITUTE(K71,"/","")&".pdf") -> 0
... B232: =Evidence!D232 -> 0 | C232: =Evidence!B232 -> 0 | E232: =Evidence!E232 -> 0 | I232: =Evidence!C232 -> 0 | J232: =dum_adresa -> 0 | K232: =Evidence!A232 -> 0 | L232: =("C:\sprava\"&SUBSTITUTE(K232,"/","")&".pdf") -> 0

Sheet Zálohy byt - měsíčně
A1: AdminReal s.r.o., Veveří 2581/102 , 616 00 Brno, IČO 02827476, Zapsáno KS v Brně, oddíl C, vložka 82606
A2: ='vstupní data'!B5 -> 0
A3: adresa společenství: | C3: =dum_adresa -> 0 | F3: bankovní spojení člena: | H3: ='vstupní data'!B7 -> 0 | K3: č. prostoru: | P3: ='vstupní data'!B4 -> 0
A4: bankovní spojení společenství: | C4: ='vstupní data'!B22 -> 0 | E4: variabilní symbol pro platbu nedoplatku: | H4: ='vstupní data'!B6 -> 0 | K4: zůčtovací období: | P4: =IF('vstupní data'!D15="první část roku",'vstupní data'!E17,'vstupní data'!H17) -> 0
A6: MENU | O6: POČET OSOB | P6: =IF(P7 > 0, "Navýšení předpisu o částku", "Snížení předpisu o částku") -> 0 | Q6: Navýšení předpis o částku (ručně)
O7: ='vstupní data'!AJ30 -> 0 | P7: =IF(Q7=0, IF(A38>0, -ROUND((A38*0.95)/VD_počet_měsíců_úžívání, 0), -ROUND((A38*1.05)/VD_počet_měsíců_úžívání, 0)), Q7) -> 0 | Q7: 5 | R7: * pokud nula vypočítá si sám pokud se zadá vezme dané číslo
E8: Odběrné místo (dům) | H8: Uživatel
A9: Položka | B9: Sloupec1 | C9: Jednotka | D9: Podíl | E9: Náklad | F9: Jednotek | G9: Kč/jedn | H9: Jednotek2 | I9: Záloha (aktuální) | J9: Náklad za rok | K9: Nový náklad -+% | L9: Přeplatky | nedoplatky | M9: Záloha měsíčně (aktuální) | N9: Záloha měsíčně (nová do OS po navýšení o %) | O9: Záloha měsíčně (dle počtu osob) | P9: Záloha měsíčně (nová do OS po navýšení o částku) | Q9: Navýšení o kolik procent?
A10: =Faktury!A4 -> 0 | C10: =Faktury!C4 -> 0 | D10: =Faktury!D4 -> 0 | E10: =Faktury!E4 -> 0 | F10: =Faktury!F4 -> 0 | G10: =Faktury!G4 -> 0 | H10: =Faktury!H4 -> 0 | I10: ='Vyúčtování byt - 1.část'!J10 -> 0 | J10: =Faktury!I4 -> 0 | K10: =IF(J10=0,0,J10*(100+Q10)/100) -> 0 | L10: ='Vyúčtování byt - 1.část'!K10 -> 0 | M10: =ROUND(I10/VD_počet_měsíců_úžívání,2) -> 0 | N10: =IF(C10="počet osob", CEILING(K10/'vstupní data'!$AJ$31/VD_počet_měsíců_úžívání*($O$7*12), 10), ROUNDUP(K10/VD_počet_měsíců_úžívání, -1)) -> 0 | O10: =CEILING(K10/'vstupní data'!$AJ$31/VD_počet_měsíců_úžívání*($O$7*12),10) -> 0 | P10: =ROUND(MAX(0,I10/VD_počet_měsíců_úžívání-IF($P$7>0,L10/VD_počet_měsíců_úžívání*1.05,L10/VD_počet_měsíců_úžívání*0.95)),0) -> 0 | Q10: 0
A11: =Faktury!A5 -> 0 | C11: =Faktury!C5 -> 0 | D11: =Faktury!D5 -> 0 | E11: =Faktury!E5 -> 0 | F11: =Faktury!F5 -> 0 | G11: =Faktury!G5 -> 0 | H11: =Faktury!H5 -> 0 | I11: ='Vyúčtování byt - 1.část'!J11 -> 0 | J11: =Faktury!I5 -> 0 | K11: =IF(J11=0,0,J11*(100+Q11)/100) -> 0 | L11: ='Vyúčtování byt - 1.část'!K11 -> 0 | M11: =ROUND(I11/VD_počet_měsíců_úžívání,2) -> 0 | N11: =IF(C11="počet osob", CEILING(K11/'vstupní data'!$AJ$31/VD_počet_měsíců_úžívání*($O$7*12), 10), ROUNDUP(K11/VD_počet_měsíců_úžívání, -1)) -> 0 | O11: =CEILING(K11/'vstupní data'!$AJ$31/VD_počet_měsíců_úžívání*($O$7*12),10) -> 0 | P11: =ROUND(MAX(0,I11/VD_počet_měsíců_úžívání-IF($P$7>0,L11/VD_počet_měsíců_úžívání*1.05,L11/VD_počet_měsíců_úžívání*0.95)),0) -> 0 | Q11: 0
A12: =Faktury!A6 -> 0 | C12: =Faktury!C6 -> 0 | D12: =Faktury!D6 -> 0 | E12: =Faktury!E6 -> 0 | F12: =Faktury!F6 -> 0 | G12: =Faktury!G6 -> 0 | H12: =Faktury!H6 -> 0 | I12: ='Vyúčtování byt - 1.část'!J12 -> 0 | J12: =Faktury!I6 -> 0 | K12: =IF(J12=0,0,J12*(100+Q12)/100) -> 0 | L12: ='Vyúčtování byt - 1.část'!K12 -> 0 | M12: =ROUND(I12/VD_počet_měsíců_úžívání,2) -> 0 | N12: =IF(C12="počet osob", CEILING(K12/'vstupní data'!$AJ$31/VD_počet_měsíců_úžívání*($O$7*12), 10), ROUNDUP(K12/VD_počet_měsíců_úžívání, -1)) -> 0 | O12: =CEILING(K12/'vstupní data'!$AJ$31/VD_počet_měsíců_úžívání*($O$7*12),10) -> 0 | P12: =ROUND(MAX(0,I12/VD_počet_měsíců_úžívání-IF($P$7>0,L12/VD_počet_měsíců_úžívání*1.05,L12/VD_počet_měsíců_úžívání*0.95)),0) -> 0 | Q12: 0
A13: =Faktury!A7 -> 0 | C13: =Faktury!C7 -> 0 | D13: =Faktury!D7 -> 0 | E13: =Faktury!E7 -> 0 | F13: =Faktury!F7 -> 0 | G13: =Faktury!G7 -> 0 | H13: =Faktury!H7 -> 0 | I13: ='Vyúčtování byt - 1.část'!J13 -> 0 | J13: =Faktury!I7 -> 0 | K13: =IF(J13=0,0,J13*(100+Q13)/100) -> 0 | L13: ='Vyúčtování byt - 1.část'!K13 -> 0 | M13: =ROUND(I13/VD_počet_měsíců_úžívání,2) -> 0 | N13: =IF(C13="počet osob", CEILING(K13/'vstupní data'!$AJ$31/VD_počet_měsíců_úžívání*($O$7*12), 10), ROUNDUP(K13/VD_počet_měsíců_úžívání, -1)) -> 0 | O13: =CEILING(K13/'vstupní data'!$AJ$31/VD_počet_měsíců_úžívání*($O$7*12),10) -> 0 | P13: =ROUND(MAX(0,I13/VD_počet_měsíců_úžívání-IF($P$7>0,L13/VD_počet_měsíců_úžívání*1.05,L13/VD_počet_měsíců_úžívání*0.95)),0) -> 0 | Q13: 0
A14: =Faktury!A17 -> 0 | C14: =Faktury!C17 -> 0 | D14: =Faktury!D17 -> 0 | E14: =Faktury!E17 -> 0 | F14: =Faktury!F17 -> 0 | G14: =Faktury!G17 -> 0 | H14: =Faktury!H17 -> 0 | I14: ='Vyúčtování byt - 1.část'!J14 -> 0 | J14: =Faktury!I17 -> 0 | K14: =IF(J14=0,0,J14*(100+Q14)/100) -> 0 | L14: ='Vyúčtování byt - 1.část'!K14 -> 0 | M14: =ROUND(I14/VD_počet_měsíců_úžívání,2) -> 0 | N14: =IF(C14="počet osob", CEILING(K14/'vstupní data'!$AJ$31/VD_počet_měsíců_úžívání*($O$7*12), 10), ROUNDUP(K14/VD_počet_měsíců_úžívání, -1)) -> 0 | O14: =CEILING(K14/'vstupní data'!$AJ$31/VD_počet_měsíců_úžívání*($O$7*12),10) -> 0 | P14: =ROUND(MAX(0,I14/VD_počet_měsíců_úžívání-IF($P$7>0,L14/VD_počet_měsíců_úžívání*1.05,L14/VD_počet_měsíců_úžívání*0.95)),0) -> 0 | Q14: 0
A15: =Faktury!A12 -> 0 | C15: =Faktury!C12 -> 0 | D15: =Faktury!D12 -> 0 | E15: =Faktury!E12 -> 0 | F15: =Faktury!F12 -> 0 | G15: =Faktury!G12 -> 0 | H15: =Faktury!H12 -> 0 | I15: ='Vyúčtování byt - 1.část'!J15 -> 0 | J15: =Faktury!I12 -> 0 | K15: =IF(J15=0,0,J15*(100+Q15)/100) -> 0 | L15: ='Vyúčtování byt - 1.část'!K15 -> 0 | M15: =ROUND(I15/VD_počet_měsíců_úžívání,2) -> 0 | N15: =IF(C15="počet osob", CEILING(K15/'vstupní data'!$AJ$31/VD_počet_měsíců_úžívání*($O$7*12), 10), ROUNDUP(K15/VD_počet_měsíců_úžívání, -1)) -> 0 | O15: =CEILING(K15/'vstupní data'!$AJ$31/VD_počet_měsíců_úžívání*($O$7*12),10) -> 0 | P15: =ROUND(MAX(0,I15/VD_počet_měsíců_úžívání-IF($P$7>0,L15/VD_počet_měsíců_úžívání*1.05,L15/VD_počet_měsíců_úžívání*0.95)),0) -> 0 | Q15: 0
A16: =Faktury!A9 -> 0 | C16: =Faktury!C9 -> 0 | D16: =Faktury!D9 -> 0 | E16: =Faktury!E9 -> 0 | F16: =Faktury!F9 -> 0 | G16: =Faktury!G9 -> 0 | H16: =Faktury!H9 -> 0 | I16: ='Vyúčtování byt - 1.část'!J16 -> 0 | J16: =Faktury!I9 -> 0 | K16: =IF(J16=0,0,J16*(100+Q16)/100) -> 0 | L16: ='Vyúčtování byt - 1.část'!K16 -> 0 | M16: =ROUND(I16/VD_počet_měsíců_úžívání,2) -> 0 | N16: =IF(C16="počet osob", CEILING(K16/'vstupní data'!$AJ$31/VD_počet_měsíců_úžívání*($O$7*12), 10), ROUNDUP(K16/VD_počet_měsíců_úžívání, -1)) -> 0 | O16: =CEILING(K16/'vstupní data'!$AJ$31/VD_počet_měsíců_úžívání*($O$7*12),10) -> 0 | P16: =ROUND(MAX(0,I16/VD_počet_měsíců_úžívání-IF($P$7>0,L16/VD_počet_měsíců_úžívání*1.05,L16/VD_počet_měsíců_úžívání*0.95)),0) -> 0 | Q16: 0
A17: =Faktury!A2 -> 0 | C17: =Faktury!C2 -> 0 | D17: =Faktury!D2 -> 0 | E17: =Faktury!E2 -> 0 | F17: =Faktury!F2 -> 0 | G17: =Faktury!G2 -> 0 | H17: =Faktury!H2 -> 0 | I17: ='Vyúčtování byt - 1.část'!J17 -> 0 | J17: =Faktury!I2 -> 0 | K17: =IF(J17=0,0,J17*(100+Q17)/100) -> 0 | L17: ='Vyúčtování byt - 1.část'!K17 -> 0 | M17: =ROUND(I17/VD_počet_měsíců_úžívání,2) -> 0 | N17: =IF(C17="počet osob", CEILING(K17/'vstupní data'!$AJ$31/VD_počet_měsíců_úžívání*($O$7*12), 10), ROUNDUP(K17/VD_počet_měsíců_úžívání, -1)) -> 0 | O17: =CEILING(K17/'vstupní data'!$AJ$31/VD_počet_měsíců_úžívání*($O$7*12),10) -> 0 | P17: =ROUND(MAX(0,I17/VD_počet_měsíců_úžívání-IF($P$7>0,L17/VD_počet_měsíců_úžívání*1.05,L17/VD_počet_měsíců_úžívání*0.95)),0) -> 0 | Q17: 0
A18: =Faktury!A3 -> 0 | C18: =Faktury!C3 -> 0 | D18: =Faktury!D3 -> 0 | E18: =Faktury!E3 -> 0 | F18: =Faktury!F3 -> 0 | G18: =Faktury!G3 -> 0 | H18: =Faktury!H3 -> 0 | I18: ='Vyúčtování byt - 1.část'!J18 -> 0 | J18: =Faktury!I3 -> 0 | K18: =IF(J18=0,0,J18*(100+Q18)/100) -> 0 | L18: ='Vyúčtování byt - 1.část'!K18 -> 0 | M18: =ROUND(I18/VD_počet_měsíců_úžívání,2) -> 0 | N18: =IF(C18="počet osob", CEILING(K18/'vstupní data'!$AJ$31/VD_počet_měsíců_úžívání*($O$7*12), 10), ROUNDUP(K18/VD_počet_měsíců_úžívání, -1)) -> 0 | O18: =CEILING(K18/'vstupní data'!$AJ$31/VD_počet_měsíců_úžívání*($O$7*12),10) -> 0 | P18: =ROUND(MAX(0,I18/VD_počet_měsíců_úžívání-IF($P$7>0,L18/VD_počet_měsíců_úžívání*1.05,L18/VD_počet_měsíců_úžívání*0.95)),0) -> 0 | Q18: 0
A19: =Faktury!A19 -> 0 | C19: =Faktury!C19 -> 0 | D19: =Faktury!D19 -> 0 | E19: =Faktury!E19 -> 0 | F19: =Faktury!F19 -> 0 | G19: =Faktury!G19 -> 0 | H19: =Faktury!H19 -> 0 | I19: ='Vyúčtování byt - 1.část'!J19 -> 0 | J19: =Faktury!I19 -> 0 | K19: =IF(J19=0,0,J19*(100+Q19)/100) -> 0 | L19: ='Vyúčtování byt - 1.část'!K19 -> 0 | M19: =ROUND(I19/VD_počet_měsíců_úžívání,2) -> 0 | N19: =IF(C19="počet osob", CEILING(K19/'vstupní data'!$AJ$31/VD_počet_měsíců_úžívání*($O$7*12), 10), ROUNDUP(K19/VD_počet_měsíců_úžívání, -1)) -> 0 | O19: =CEILING(K19/'vstupní data'!$AJ$31/VD_počet_měsíců_úžívání*($O$7*12),10) -> 0 | P19: =ROUND(MAX(0,I19/VD_počet_měsíců_úžívání-IF($P$7>0,L19/VD_počet_měsíců_úžívání*1.05,L19/VD_počet_měsíců_úžívání*0.95)),0) -> 0 | Q19: 0
A20: =Faktury!A18 -> 0 | C20: =Faktury!C18 -> 0 | D20: =Faktury!D18 -> 0 | E20: =Faktury!E18 -> 0 | F20: =Faktury!F18 -> 0 | G20: =Faktury!G18 -> 0 | H20: =Faktury!H18 -> 0 | I20: ='Vyúčtování byt - 1.část'!J20 -> 0 | J20: =Faktury!I18 -> 0 | K20: =IF(J20=0,0,J20*(100+Q20)/100) -> 0 | L20: ='Vyúčtování byt - 1.část'!K20 -> 0 | M20: =ROUND(I20/VD_počet_měsíců_úžívání,2) -> 0 | N20: =IF(C20="počet osob", CEILING(K20/'vstupní data'!$AJ$31/VD_počet_měsíců_úžívání*($O$7*12), 10), ROUNDUP(K20/VD_počet_měsíců_úžívání, -1)) -> 0 | O20: =CEILING(K20/'vstupní data'!$AJ$31/VD_počet_měsíců_úžívání*($O$7*12),10) -> 0 | P20: =ROUND(MAX(0,I20/VD_počet_měsíců_úžívání-IF($P$7>0,L20/VD_počet_měsíců_úžívání*1.05,L20/VD_počet_měsíců_úžívání*0.95)),0) -> 0 | Q20: 0
A21: =Faktury!A10 -> 0 | C21: =Faktury!C10 -> 0 | D21: =Faktury!D10 -> 0 | E21: =Faktury!E10 -> 0 | F21: =Faktury!F10 -> 0 | G21: =Faktury!G10 -> 0 | H21: =Faktury!H10 -> 0 | I21: ='Vyúčtování byt - 1.část'!J21 -> 0 | J21: =Faktury!I10 -> 0 | K21: =IF(J21=0,0,J21*(100+Q21)/100) -> 0 | L21: ='Vyúčtování byt - 1.část'!K21 -> 0 | M21: =ROUND(I21/VD_počet_měsíců_úžívání,2) -> 0 | N21: =IF(C21="počet osob", CEILING(K21/'vstupní data'!$AJ$31/VD_počet_měsíců_úžívání*($O$7*12), 10), ROUNDUP(K21/VD_počet_měsíců_úžívání, -1)) -> 0 | O21: =CEILING(K21/'vstupní data'!$AJ$31/VD_počet_měsíců_úžívání*($O$7*12),10) -> 0 | P21: =ROUND(MAX(0,I21/VD_počet_měsíců_úžívání-IF($P$7>0,L21/VD_počet_měsíců_úžívání*1.05,L21/VD_počet_měsíců_úžívání*0.95)),0) -> 0 | Q21: 0
A22: =Faktury!A8 -> 0 | C22: =Faktury!C8 -> 0 | D22: =Faktury!D8 -> 0 | E22: =Faktury!E8 -> 0 | F22: =Faktury!F8 -> 0 | G22: =Faktury!G8 -> 0 | H22: =Faktury!H8 -> 0 | I22: ='Vyúčtování byt - 1.část'!J22 -> 0 | J22: =Faktury!I8 -> 0 | K22: =IF(J22=0,0,J22*(100+Q22)/100) -> 0 | L22: ='Vyúčtování byt - 1.část'!K22 -> 0 | M22: =ROUND(I22/VD_počet_měsíců_úžívání,2) -> 0 | N22: =IF(C22="počet osob", CEILING(K22/'vstupní data'!$AJ$31/VD_počet_měsíců_úžívání*($O$7*12), 10), ROUNDUP(K22/VD_počet_měsíců_úžívání, -1)) -> 0 | O22: =CEILING(K22/'vstupní data'!$AJ$31/VD_počet_měsíců_úžívání*($O$7*12),10) -> 0 | P22: =ROUND(MAX(0,I22/VD_počet_měsíců_úžívání-IF($P$7>0,L22/VD_počet_měsíců_úžívání*1.05,L22/VD_počet_měsíců_úžívání*0.95)),0) -> 0 | Q22: 0
A23: =Faktury!A16 -> 0 | C23: =Faktury!C16 -> 0 | D23: =Faktury!D16 -> 0 | E23: =Faktury!E16 -> 0 | F23: =Faktury!F16 -> 0 | G23: =Faktury!G16 -> 0 | H23: =Faktury!H16 -> 0 | I23: ='Vyúčtování byt - 1.část'!J23 -> 0 | J23: =Faktury!I16 -> 0 | K23: =IF(J23=0,0,J23*(100+Q23)/100) -> 0 | L23: ='Vyúčtování byt - 1.část'!K23 -> 0 | M23: =ROUND(I23/VD_počet_měsíců_úžívání,2) -> 0 | N23: =IF(C23="počet osob", CEILING(K23/'vstupní data'!$AJ$31/VD_počet_měsíců_úžívání*($O$7*12), 10), ROUNDUP(K23/VD_počet_měsíců_úžívání, -1)) -> 0 | O23: =CEILING(K23/'vstupní data'!$AJ$31/VD_počet_měsíců_úžívání*($O$7*12),10) -> 0 | P23: =ROUND(MAX(0,I23/VD_počet_měsíců_úžívání-IF($P$7>0,L23/VD_počet_měsíců_úžívání*1.05,L23/VD_počet_měsíců_úžívání*0.95)),0) -> 0 | Q23: 0
A24: =Faktury!A22 -> 0 | C24: =Faktury!C22 -> 0 | D24: =Faktury!D22 -> 0 | E24: =Faktury!E22 -> 0 | F24: =Faktury!F22 -> 0 | G24: =Faktury!G22 -> 0 | H24: =Faktury!H22 -> 0 | I24: ='Vyúčtování byt - 1.část'!J24 -> 0 | J24: =Faktury!I22 -> 0 | K24: =IF(J24=0,0,J24*(100+Q24)/100) -> 0 | L24: ='Vyúčtování byt - 1.část'!K24 -> 0 | M24: =ROUND(I24/VD_počet_měsíců_úžívání,2) -> 0 | N24: =IF(C24="počet osob", CEILING(K24/'vstupní data'!$AJ$31/VD_počet_měsíců_úžívání*($O$7*12), 10), ROUNDUP(K24/VD_počet_měsíců_úžívání, -1)) -> 0 | O24: =CEILING(K24/'vstupní data'!$AJ$31/VD_počet_měsíců_úžívání*($O$7*12),10) -> 0 | P24: =ROUND(MAX(0,I24/VD_počet_měsíců_úžívání-IF($P$7>0,L24/VD_počet_měsíců_úžívání*1.05,L24/VD_počet_měsíců_úžívání*0.95)),0) -> 0 | Q24: 0
A25: =Faktury!A23 -> 0 | C25: =Faktury!C23 -> 0 | D25: =Faktury!D23 -> 0 | E25: =Faktury!E23 -> 0 | F25: =Faktury!F23 -> 0 | G25: =Faktury!G23 -> 0 | H25: =Faktury!H23 -> 0 | I25: ='Vyúčtování byt - 1.část'!J25 -> 0 | J25: =Faktury!I23 -> 0 | K25: =IF(J25=0,0,J25*(100+Q25)/100) -> 0 | L25: ='Vyúčtování byt - 1.část'!K25 -> 0 | M25: =ROUND(I25/VD_počet_měsíců_úžívání,2) -> 0 | N25: =IF(C25="počet osob", CEILING(K25/'vstupní data'!$AJ$31/VD_počet_měsíců_úžívání*($O$7*12), 10), ROUNDUP(K25/VD_počet_měsíců_úžívání, -1)) -> 0 | O25: =CEILING(K25/'vstupní data'!$AJ$31/VD_počet_měsíců_úžívání*($O$7*12),10) -> 0 | P25: =ROUND(MAX(0,I25/VD_počet_měsíců_úžívání-IF($P$7>0,L25/VD_počet_měsíců_úžívání*1.05,L25/VD_počet_měsíců_úžívání*0.95)),0) -> 0 | Q25: 0
A26: =Faktury!A15 -> 0 | C26: =Faktury!C15 -> 0 | D26: =Faktury!D15 -> 0 | E26: =Faktury!E15 -> 0 | F26: =Faktury!F15 -> 0 | G26: =Faktury!G15 -> 0 | H26: =Faktury!H15 -> 0 | I26: ='Vyúčtování byt - 1.část'!J26 -> 0 | J26: =Faktury!I15 -> 0 | K26: =IF(J26=0,0,J26*(100+Q26)/100) -> 0 | L26: ='Vyúčtování byt - 1.část'!K26 -> 0 | M26: =ROUND(I26/VD_počet_měsíců_úžívání,2) -> 0 | N26: =IF(C26="počet osob", CEILING(K26/'vstupní data'!$AJ$31/VD_počet_měsíců_úžívání*($O$7*12), 10), ROUNDUP(K26/VD_počet_měsíců_úžívání, -1)) -> 0 | O26: =CEILING(K26/'vstupní data'!$AJ$31/VD_počet_měsíců_úžívání*($O$7*12),10) -> 0 | P26: =ROUND(MAX(0,I26/VD_počet_měsíců_úžívání-IF($P$7>0,L26/VD_počet_měsíců_úžívání*1.05,L26/VD_počet_měsíců_úžívání*0.95)),0) -> 0 | Q26: 0
A27: =Faktury!A13 -> 0 | C27: =Faktury!C13 -> 0 | D27: =Faktury!D13 -> 0 | E27: =Faktury!E13 -> 0 | F27: =Faktury!F13 -> 0 | G27: =Faktury!G13 -> 0 | H27: =Faktury!H13 -> 0 | I27: ='Vyúčtování byt - 1.část'!J27 -> 0 | J27: =Faktury!I13 -> 0 | K27: =IF(J27=0,0,J27*(100+Q27)/100) -> 0 | L27: ='Vyúčtování byt - 1.část'!K27 -> 0 | M27: =ROUND(I27/VD_počet_měsíců_úžívání,2) -> 0 | N27: =IF(C27="počet osob", CEILING(K27/'vstupní data'!$AJ$31/VD_počet_měsíců_úžívání*($O$7*12), 10), ROUNDUP(K27/VD_počet_měsíců_úžívání, -1)) -> 0 | O27: =CEILING(K27/'vstupní data'!$AJ$31/VD_počet_měsíců_úžívání*($O$7*12),10) -> 0 | P27: =ROUND(MAX(0,I27/VD_počet_měsíců_úžívání-IF($P$7>0,L27/VD_počet_měsíců_úžívání*1.05,L27/VD_počet_měsíců_úžívání*0.95)),0) -> 0 | Q27: 0
A28: =Faktury!A14 -> 0 | C28: =Faktury!C14 -> 0 | D28: =Faktury!D14 -> 0 | E28: =Faktury!E14 -> 0 | F28: =Faktury!F14 -> 0 | G28: =Faktury!G14 -> 0 | H28: =Faktury!H14 -> 0 | I28: ='Vyúčtování byt - 1.část'!J28 -> 0 | J28: =Faktury!I14 -> 0 | K28: =IF(J28=0,0,J28*(100+Q28)/100) -> 0 | L28: ='Vyúčtování byt - 1.část'!K28 -> 0 | M28: =ROUND(I28/VD_počet_měsíců_úžívání,2) -> 0 | N28: =IF(C28="počet osob", CEILING(K28/'vstupní data'!$AJ$31/VD_počet_měsíců_úžívání*($O$7*12), 10), ROUNDUP(K28/VD_počet_měsíců_úžívání, -1)) -> 0 | O28: =CEILING(K28/'vstupní data'!$AJ$31/VD_počet_měsíců_úžívání*($O$7*12),10) -> 0 | P28: =ROUND(MAX(0,I28/VD_počet_měsíců_úžívání-IF($P$7>0,L28/VD_počet_měsíců_úžívání*1.05,L28/VD_počet_měsíců_úžívání*0.95)),0) -> 0 | Q28: 0
A29: =Faktury!A11 -> 0 | C29: =Faktury!C11 -> 0 | D29: =Faktury!D11 -> 0 | E29: =Faktury!E11 -> 0 | F29: =Faktury!F11 -> 0 | G29: =Faktury!G11 -> 0 | H29: =Faktury!H11 -> 0 | I29: ='Vyúčtování byt - 1.část'!J29 -> 0 | J29: =Faktury!I11 -> 0 | K29: =IF(J29=0,0,J29*(100+Q29)/100) -> 0 | L29: ='Vyúčtování byt - 1.část'!K29 -> 0 | M29: =ROUND(I29/VD_počet_měsíců_úžívání,2) -> 0 | N29: =IF(C29="počet osob", CEILING(K29/'vstupní data'!$AJ$31/VD_počet_měsíců_úžívání*($O$7*12), 10), ROUNDUP(K29/VD_počet_měsíců_úžívání, -1)) -> 0 | O29: =CEILING(K29/'vstupní data'!$AJ$31/VD_počet_měsíců_úžívání*($O$7*12),10) -> 0 | P29: =ROUND(MAX(0,I29/VD_počet_měsíců_úžívání-IF($P$7>0,L29/VD_počet_měsíců_úžívání*1.05,L29/VD_počet_měsíců_úžívání*0.95)),0) -> 0 | Q29: 0
A30: Celkem náklady na odběrná místa | E30: =SUM(E10:E29) -> 0 | G30: Celkem vyúčtování: | I30: =SUM(I10:I29) -> 0 | J30: =SUM(J10:J29) -> 0 | K30: =SUM(K10:K29) -> 0 | M30: =SUM(M10:M29) -> 0 | N30: =SUM(N10:N29) -> 0 | P30: =SUM(P10:P29) -> 0
G31: Měsíčně včetně fondu oprav | M31: =M30+A36/VD_počet_měsíců_úžívání -> 0 | N31: =N30+A36/VD_počet_měsíců_úžívání -> 0 | O31: Rozdíl měsíčně | P31: =ROUND(P30-M30,0) -> 0 | Q31: * mění se pouze položky této barvy zbytek systém počítá sám, navýšení % nastavujeme až do akceptovatelného preplatku
O32: Kontrola | P32: =P31-P7 -> 0
A33: Pevné platby
A34: ='Vyúčtování byt - 1.část'!A35 -> 0
A35: Celkem za rok
A36: ='Vyúčtování byt - 1.část'!B35 -> 0 | K36: KONTROLA
A37: Výsledek vyúčtování | K37: Zálohy před změnou | M37: =M31 -> 0 | N37: *udělat kontrolu s OS zda sedí
A38: =ROUND('Vyúčtování byt - 1.část'!K31,0) -> 0 | K38: Záloha po změně | M38: =N31 -> 0
K39: Rozdíl měsíčně | M39: =M38-M37 -> 0 | N39: =M39*VD_počet_měsíců_úžívání+'Vyúčtování byt - 1.část'!VB_preplatky_celkem -> 0 | O39: *kontrola zda vychází stejněj jako budoucí přeplatek
K40: Náklad za poslední vyúčtování | M40: =J30 -> 0
K41: Teoretický náklad po změně | M41: =N30*VD_počet_měsíců_úžívání -> 0
K42: Budoucí přeplatek/nedoplatek | M42: =M41-M40 -> 0 | N42: *ideálně aspon 3 tisíce přeplatek

Sheet Seznam
A1: MENU
A2: VÝSTUPY | B2: MĚŘIDLA A DATA | C2: EVIDENCE | D2: EXPORT | E2: KONTROLA
A3: Vstupní data | B3: Vodoměry TUV | C3: Evidence | D3: Export send mail | E3: Výpočet vyúčtování
A4: Vyúčtování | B4: Vodoměry SV | C4: Úhrady | D4: Bytové domy
A5: Příjem SVJ včetně výdajů | B5: Teplo | C5: Přeplatky a nedoplatky | D5: Odečty formulář
A6: Příjem SVJ bez výdajů | B6: Elektroměry | C6: Předpisy - výpočet
A7: Náklady za dům | B7: Výtahy
A8: Rozpočet domu | B8: Počet osob
A9: Parametry | B9: Předpisy po měsící
A10: Faktury | B10: Faktury za služby

Sheet Vyúčtování byt - 1.část
C1: =IF('vstupní data'!B34="AdminReal, s.r.o.","AdminReal s.r.o., Veveří 2581/102 , 616 00 Brno, IČO 02827476, Zapsáno KS v Brně, oddíl C, vložka 82606","BrnoReal s.r.o., Veveří 2581/102 , 616 00 Brno, IČO 14423537, Zapsáno KS v Brně, oddíl C, vložka 128255") -> 0 | J1: =IF('vstupní data'!$B$34="BrnoReal, s.r.o.",'vstupní data'!$B$60,'vstupní data'!$B$59) -> 0
A2: ='vstupní data'!B5 -> 0 | M2: MENU
A3: adresa společenství: | C3: =dum_adresa -> 0 | F3: bankovní spojení člena: | H3: ='vstupní data'!B7 -> 0 | J3: č. prostoru: | K3: ='vstupní data'!B4 -> 0
A4: bankovní spojení společenství: | C4: ='vstupní data'!B35 -> 0 | E4: variabilní symbol pro platbu nedoplatku: | H4: ='vstupní data'!B6 -> 0 | J4: zůčtovací období: | K4: =VLOOKUP(BYT,Evidence!$A:$Z,18,0) -> 0
A6: =("Vyúčtování služeb: "&'vstupní data'!B12&"") -> 0
E8: Odběrné místo (dům) | H8: Uživatel
A9: Položka | B9: Sloupec1 | C9: Jednotka | D9: Podíl | E9: Náklad | F9: Jednotek | G9: Kč/jedn | H9: Jednotek2 | I9: Náklad2 | J9: Záloha | K9: Přeplatky|nedoplatky
A10: =Faktury!A4 -> 0 | C10: =Faktury!C4 -> 0 | D10: =Faktury!D4 -> 0 | E10: =Faktury!E4 -> 0 | F10: =Faktury!F4 -> 0 | G10: =Faktury!G4 -> 0 | H10: =Faktury!H4 -> 0 | I10: =Faktury!I4 -> 0 | J10: =Faktury!J4 -> 0 | K10: =Faktury!K4 -> 0
A11: =Faktury!A5 -> 0 | C11: =Faktury!C5 -> 0 | D11: =Faktury!D5 -> 0 | E11: =Faktury!E5 -> 0 | F11: =Faktury!F5 -> 0 | G11: =Faktury!G5 -> 0 | H11: =Faktury!H5 -> 0 | I11: =Faktury!I5 -> 0 | J11: =Faktury!J5 -> 0 | K11: =Faktury!K5 -> 0
A12: =Faktury!A6 -> 0 | C12: =Faktury!C6 -> 0 | D12: =Faktury!D6 -> 0 | E12: =Faktury!E6 -> 0 | F12: =Faktury!F6 -> 0 | G12: =Faktury!G6 -> 0 | H12: =Faktury!H6 -> 0 | I12: =Faktury!I6 -> 0 | J12: =Faktury!J6 -> 0 | K12: =Faktury!K6 -> 0
A13: =Faktury!A7 -> 0 | C13: =Faktury!C7 -> 0 | D13: =Faktury!D7 -> 0 | E13: =Faktury!E7 -> 0 | F13: =Faktury!F7 -> 0 | G13: =Faktury!G7 -> 0 | H13: =Faktury!H7 -> 0 | I13: =Faktury!I7 -> 0 | J13: =Faktury!J7 -> 0 | K13: =Faktury!K7 -> 0
A14: =Faktury!A17 -> 0 | C14: =Faktury!C17 -> 0 | D14: =Faktury!D17 -> 0 | E14: =Faktury!E17 -> 0 | F14: =Faktury!F17 -> 0 | G14: =Faktury!G17 -> 0 | H14: =Faktury!H17 -> 0 | I14: =Faktury!I17 -> 0 | J14: =Faktury!J17 -> 0 | K14: =Faktury!K17 -> 0
A15: =Faktury!A12 -> 0 | C15: =Faktury!C12 -> 0 | D15: =Faktury!D12 -> 0 | E15: =Faktury!E12 -> 0 | F15: =Faktury!F12 -> 0 | G15: =Faktury!G12 -> 0 | H15: =Faktury!H12 -> 0 | I15: =Faktury!I12 -> 0 | J15: =Faktury!J12 -> 0 | K15: =Faktury!K12 -> 0
A16: =Faktury!A9 -> 0 | C16: =Faktury!C9 -> 0 | D16: =Faktury!D9 -> 0 | E16: =Faktury!E9 -> 0 | F16: =Faktury!F9 -> 0 | G16: =Faktury!G9 -> 0 | H16: =Faktury!H9 -> 0 | I16: =Faktury!I9 -> 0 | J16: =Faktury!J9 -> 0 | K16: =Faktury!K9 -> 0
A17: =Faktury!A2 -> 0 | C17: =Faktury!C2 -> 0 | D17: =Faktury!D2 -> 0 | E17: =Faktury!E2 -> 0 | F17: =Faktury!F2 -> 0 | G17: =Faktury!G2 -> 0 | H17: =Faktury!H2 -> 0 | I17: =Faktury!I2 -> 0 | J17: =Faktury!J2 -> 0 | K17: =Faktury!K2 -> 0
A18: =Faktury!A3 -> 0 | C18: =Faktury!C3 -> 0 | D18: =Faktury!D3 -> 0 | E18: =Faktury!E3 -> 0 | F18: =Faktury!F3 -> 0 | G18: =Faktury!G3 -> 0 | H18: =Faktury!H3 -> 0 | I18: =Faktury!I3 -> 0 | J18: =Faktury!J3 -> 0 | K18: =Faktury!K3 -> 0
A19: =Faktury!A19 -> 0 | C19: =Faktury!C19 -> 0 | D19: =Faktury!D19 -> 0 | E19: =Faktury!E19 -> 0 | F19: =Faktury!F19 -> 0 | G19: =Faktury!G19 -> 0 | H19: =Faktury!H19 -> 0 | I19: =Faktury!I19 -> 0 | J19: =Faktury!J19 -> 0 | K19: =Faktury!K19 -> 0
A20: =Faktury!A18 -> 0 | C20: =Faktury!C18 -> 0 | D20: =Faktury!D18 -> 0 | E20: =Faktury!E18 -> 0 | F20: =Faktury!F18 -> 0 | G20: =Faktury!G18 -> 0 | H20: =Faktury!H18 -> 0 | I20: =Faktury!I18 -> 0 | J20: =Faktury!J18 -> 0 | K20: =Faktury!K18 -> 0
A21: =Faktury!A10 -> 0 | C21: =Faktury!C10 -> 0 | D21: =Faktury!D10 -> 0 | E21: =Faktury!E10 -> 0 | F21: =Faktury!F10 -> 0 | G21: =Faktury!G10 -> 0 | H21: =Faktury!H10 -> 0 | I21: =Faktury!I10 -> 0 | J21: =Faktury!J10 -> 0 | K21: =Faktury!K10 -> 0
A22: =Faktury!A8 -> 0 | C22: =Faktury!C8 -> 0 | D22: =Faktury!D8 -> 0 | E22: =Faktury!E8 -> 0 | F22: =Faktury!F8 -> 0 | G22: =Faktury!G8 -> 0 | H22: =Faktury!H8 -> 0 | I22: =Faktury!I8 -> 0 | J22: =Faktury!J8 -> 0 | K22: =Faktury!K8 -> 0
A23: =Faktury!A16 -> 0 | C23: =Faktury!C16 -> 0 | D23: =Faktury!D16 -> 0 | E23: =Faktury!E16 -> 0 | F23: =Faktury!F16 -> 0 | G23: =Faktury!G16 -> 0 | H23: =Faktury!H16 -> 0 | I23: =Faktury!I16 -> 0 | J23: =Faktury!J16 -> 0 | K23: =Faktury!K16 -> 0
A24: =Faktury!A22 -> 0 | C24: =Faktury!C22 -> 0 | D24: =Faktury!D22 -> 0 | E24: =Faktury!E22 -> 0 | F24: =Faktury!F22 -> 0 | G24: =Faktury!G22 -> 0 | H24: =Faktury!H22 -> 0 | I24: =Faktury!I22 -> 0 | J24: =Faktury!J22 -> 0 | K24: =Faktury!K22 -> 0
A25: =Faktury!A23 -> 0 | C25: =Faktury!C23 -> 0 | D25: =Faktury!D23 -> 0 | E25: =Faktury!E23 -> 0 | F25: =Faktury!F23 -> 0 | G25: =Faktury!G23 -> 0 | H25: =Faktury!H23 -> 0 | I25: =Faktury!I23 -> 0 | J25: =Faktury!J23 -> 0 | K25: =Faktury!K23 -> 0
A26: =VLOOKUP(BYT,Parametry!1:1048576,2,1) -> 0 | C26: =VLOOKUP(BYT,Parametry!1:1048576,3,1) -> 0 | D26: =VLOOKUP(BYT,Parametry!1:1048576,4,1) -> 0 | E26: =VLOOKUP(BYT,Parametry!1:1048576,5,1) -> 0 | F26: =VLOOKUP(BYT,Parametry!1:1048576,6,1) -> 0 | G26: =VLOOKUP(BYT,Parametry!1:1048576,7,1) -> 0 | H26: =VLOOKUP(BYT,Parametry!1:1048576,8,1) -> 0 | I26: =VLOOKUP(BYT,Parametry!1:1048576,9,1) -> 0 | J26: 0 | K26: =VLOOKUP(BYT,Parametry!1:1048576,11,1) -> 0
A27: =Faktury!A13 -> 0 | C27: =Faktury!C13 -> 0 | D27: =Faktury!D13 -> 0 | E27: =Faktury!E13 -> 0 | F27: =Faktury!F13 -> 0 | G27: =Faktury!G13 -> 0 | H27: =Faktury!H13 -> 0 | I27: =Faktury!I13 -> 0 | J27: =Faktury!J13 -> 0 | K27: =Faktury!K13 -> 0
A28: =Faktury!A14 -> 0 | C28: =Faktury!C14 -> 0 | D28: =Faktury!D14 -> 0 | E28: =Faktury!E14 -> 0 | F28: =Faktury!F14 -> 0 | G28: =Faktury!G14 -> 0 | H28: =Faktury!H14 -> 0 | I28: =Faktury!I14 -> 0 | J28: =Faktury!J14 -> 0 | K28: =Faktury!K14 -> 0
A29: =Faktury!A11 -> 0 | C29: =Faktury!C11 -> 0 | D29: =Faktury!D11 -> 0 | E29: =Faktury!E11 -> 0 | F29: =Faktury!F11 -> 0 | G29: =Faktury!G11 -> 0 | H29: =Faktury!H11 -> 0 | I29: =Faktury!I11 -> 0 | J29: =Faktury!J11 -> 0 | K29: =Faktury!K11 -> 0
A30: =Faktury!A21 -> 0 | C30: =Faktury!C21 -> 0 | D30: =Faktury!D21 -> 0 | E30: =Faktury!E21 -> 0 | F30: =Faktury!F21 -> 0 | G30: =Faktury!G21 -> 0 | H30: =Faktury!H21 -> 0 | I30: =Faktury!I21 -> 0 | J30: =Faktury!J21 -> 0 | K30: =Faktury!K21 -> 0
A31: Celkem náklady na odběrná místa | E31: =SUM(E10:E30) -> 0 | G31: Celkem vyúčtování: | I31: =SUM(I10:I30) -> 0 | J31: =SUM(J10:J30) -> 0 | K31: =SUM(K10:K30) -> 0
C32: =IF(ExcelMacroData!C15=TRUE,_xlfn.IMAGE(ExcelMacroData!C16),"") -> 0 | G32: =IF(K32<0,"Nedoplatek v účtovaném období",IF(K32>0,"Přeplatek v účtovaném období",IF(K32=0,"Není evidován v účtovaném období přeplatek ani nedoplatek"))) -> 0 | K32: =VD_přeplatek_aktuální_rok -> 0
G33: =IF(K33<0,"Nedoplatek v minulém období",IF(K33>0,"Přeplatek v minulém období",IF(K33=0,"Není evidován v minulém období přeplatek ani nedoplatek"))) -> 0 | K33: =VLOOKUP(BYT,'Přeplatky nedoplatky'!$A:$E,5,0) -> 0
A34: Pevné platby | B34: Celkem za rok | G34: =IF('Vyúčtování byt - 1.část'!K34<0,"NEDOPLATEK CELKEM",IF('Vyúčtování byt - 1.část'!K34>0,"PŘEPLATEK CELKEM",IF('Vyúčtování byt - 1.část'!K34=0,"Nemáte přeplatek ani nedoplatek"))) -> 0 | K34: =ROUND(K31+K32+K33,0) -> 0
A35: =INDEX(Faktury!A2:A53,MATCH("*Fond*",Faktury!A2:A53,0)) -> 0 | B35: ='vstupní data'!R17 -> 0 | E35: =IF(VD_účet_vlastníka=0,(IF('vstupní data'!C11<0,"Nedoplatek uhraďte na účet číslo: "&VD_číslo_účtu_SVJ&", variabilní symbol "&VD_VS&"",IF('vstupní data'!C11>0,"Přeplatek Vám bude vyplacen poštovní poukázkou",IF('vstupní data'!C11=0,"""Nemáte žádný přeplatek ani nedoplatek")))),IF('vstupní data'!C11<0,"Nedoplatek uhraďte na účet číslo: "&VD_číslo_účtu_SVJ&", variabilní symbol "&VD_VS&"",IF('vstupní data'!C11>0,"Přeplatek Vám bude vyplacen na číslo účtu "&VD_účet_vlastníka&"",IF('vstupní data'!C11=0,"Nemáte žádný přeplatek ani nedoplatek")))) -> 0
A37: ="Přehled úhrad za rok "&'vstupní data'!B12&"" -> 0
A38: ="1/"&'vstupní data'!$B$12&"" -> 0 | B38: ="2/"&'vstupní data'!$B$12&"" -> 0 | C38: ="3/"&'vstupní data'!$B$12&"" -> 0 | D38: ="4/"&'vstupní data'!$B$12&"" -> 0 | E38: ="5/"&'vstupní data'!$B$12&"" -> 0 | F38: ="6/"&'vstupní data'!$B$12&"" -> 0 | G38: ="7/"&'vstupní data'!$B$12&"" -> 0 | H38: ="8/"&'vstupní data'!$B$12&"" -> 0 | I38: ="9/"&'vstupní data'!$B$12&"" -> 0 | J38: ="10/"&'vstupní data'!$B$12&"" -> 0 | K38: ="11/"&'vstupní data'!$B$12&"" -> 0 | L38: ="12/"&'vstupní data'!$B$12&"" -> 0
A39: ='vstupní data'!N19 -> 0 | B39: ='vstupní data'!N20 -> 0 | C39: ='vstupní data'!N21 -> 0 | D39: ='vstupní data'!N22 -> 0 | E39: ='vstupní data'!N23 -> 0 | F39: ='vstupní data'!N24 -> 0 | G39: ='vstupní data'!N25 -> 0 | H39: ='vstupní data'!N26 -> 0 | I39: ='vstupní data'!N27 -> 0 | J39: ='vstupní data'!N28 -> 0 | K39: ='vstupní data'!N29 -> 0 | L39: ='vstupní data'!N30 -> 0
A40: ="Přehled předpisů za rok "&'vstupní data'!B12&"" -> 0
A41: ="1/"&'vstupní data'!$B$12&"" -> 0 | B41: ="2/"&'vstupní data'!$B$12&"" -> 0 | C41: ="3/"&'vstupní data'!$B$12&"" -> 0 | D41: ="4/"&'vstupní data'!$B$12&"" -> 0 | E41: ="5/"&'vstupní data'!$B$12&"" -> 0 | F41: ="6/"&'vstupní data'!$B$12&"" -> 0 | G41: ="7/"&'vstupní data'!$B$12&"" -> 0 | H41: ="8/"&'vstupní data'!$B$12&"" -> 0 | I41: ="9/"&'vstupní data'!$B$12&"" -> 0 | J41: ="10/"&'vstupní data'!$B$12&"" -> 0 | K41: ="11/"&'vstupní data'!$B$12&"" -> 0 | L41: ="12/"&'vstupní data'!$B$12&"" -> 0
A42: ='vstupní data'!Q19 -> 0 | B42: ='vstupní data'!Q20 -> 0 | C42: ='vstupní data'!Q21 -> 0 | D42: ='vstupní data'!Q22 -> 0 | E42: ='vstupní data'!Q23 -> 0 | F42: ='vstupní data'!Q24 -> 0 | G42: ='vstupní data'!Q25 -> 0 | H42: ='vstupní data'!Q26 -> 0 | I42: ='vstupní data'!Q27 -> 0 | J42: ='vstupní data'!Q28 -> 0 | K42: ='vstupní data'!Q29 -> 0 | L42: ='vstupní data'!Q30 -> 0
A43: =IF('vstupní data'!B11=0,"K úhradě za rok",IF('vstupní data'!B11<0,"Nedoplatek za rok celkem",IF('vstupní data'!B11>0,"Přeplatek za rok celkem",IF('vstupní data'!B11=0,"")))) -> 0 | C43: ='vstupní data'!B11 -> 0
A45: Měřené služby
A46: Služba | B46: Období | C46: Měřidlo | D46: Poč.stav | E46: Kon.stav | F46: Spotřeba
A47: =IF(E47>0,"Studená voda","") -> 0 | B47: =K4 -> 0 | C47: =IF(E47=0,0,_xlfn.XLOOKUP(BYT&"|"&"SV1", 'Vodoměry SV'!A2:A103&"|"&'Vodoměry SV'!C2:C103, 'Vodoměry SV'!F2:F103)) -> 0 | D47: =SUMIFS('Vodoměry SV'!G2:G103,'Vodoměry SV'!A2:A103,BYT,'Vodoměry SV'!C2:C103,"SV1") -> 0 | E47: =SUMIFS('Vodoměry SV'!H2:H103,'Vodoměry SV'!A2:A103,BYT,'Vodoměry SV'!C2:C103,"SV1") -> 0 | F47: =SUMIFS('Vodoměry SV'!I2:I103,'Vodoměry SV'!A2:A103,BYT,'Vodoměry SV'!C2:C103,"SV1") -> 0
A48: =IF(E48>0,"Teplá voda","") -> 0 | B48: =K4 -> 0 | C48: =IF(E48=0,0, _xlfn.XLOOKUP(BYT&"|"&"TUV1", 'Vodoměry TUV'!A2:A103&"|"&'Vodoměry TUV'!C2:C103, 'Vodoměry TUV'!F2:F103)) -> 0 | D48: =SUMIFS('Vodoměry TUV'!G2:G114,'Vodoměry TUV'!A2:A114,BYT,'Vodoměry TUV'!C2:C114,"TUV1") -> 0 | E48: =SUMIFS('Vodoměry TUV'!H2:H114,'Vodoměry TUV'!A2:A114,BYT,'Vodoměry TUV'!C2:C114,"TUV1") -> 0 | F48: =SUMIFS('Vodoměry TUV'!I2:I114,'Vodoměry TUV'!A2:A114,BYT,'Vodoměry TUV'!C2:C114,"TUV1") -> 0
A49: =IF(E49>0,"Studená voda","") -> 0 | B49: =K4 -> 0 | C49: =IF(E49=0, 0, _xlfn.XLOOKUP(BYT&"|"&"SV2", 'Vodoměry SV'!A2:A103&"|"&'Vodoměry SV'!C2:C103, 'Vodoměry SV'!F2:F103)) -> 0 | D49: =SUMIFS('Vodoměry SV'!G2:G103,'Vodoměry SV'!A2:A103,BYT,'Vodoměry SV'!C2:C103,"SV2") -> 0 | E49: =SUMIFS('Vodoměry SV'!H2:H103,'Vodoměry SV'!A2:A103,BYT,'Vodoměry SV'!C2:C103,"SV2") -> 0 | F49: =SUMIFS('Vodoměry SV'!I2:I103,'Vodoměry SV'!A2:A103,BYT,'Vodoměry SV'!C2:C103,"SV2") -> 0
A50: =IF(E50>0,"Teplá voda","") -> 0 | B50: =K4 -> 0 | C50: =IF(E50=0, 0, _xlfn.XLOOKUP(BYT&"|"&"TUV2", 'Vodoměry TUV'!A2:A103&"|"&'Vodoměry TUV'!C2:C103, 'Vodoměry TUV'!F2:F103)) -> 0 | D50: =SUMIFS('Vodoměry TUV'!G2:G114,'Vodoměry TUV'!A2:A114,BYT,'Vodoměry TUV'!C2:C114,"TUV2") -> 0 | E50: =SUMIFS('Vodoměry TUV'!H2:H114,'Vodoměry TUV'!A2:A114,BYT,'Vodoměry TUV'!C2:C114,"TUV2") -> 0 | F50: =SUMIFS('Vodoměry TUV'!I2:I114,'Vodoměry TUV'!A2:A114,BYT,'Vodoměry TUV'!C2:C114,"TUV2") -> 0
A51: =IF(E51>0,"Studená voda","") -> 0 | B51: =K4 -> 0 | C51: =IF(E51=0, 0, _xlfn.XLOOKUP(BYT&"|"&"SV3", 'Vodoměry SV'!A2:A103&"|"&'Vodoměry SV'!C2:C103, 'Vodoměry SV'!F2:F103)) -> 0 | D51: =SUMIFS('Vodoměry SV'!G2:G103,'Vodoměry SV'!A2:A103,BYT,'Vodoměry SV'!C2:C103,"SV3") -> 0 | E51: =SUMIFS('Vodoměry SV'!H2:H103,'Vodoměry SV'!A2:A103,BYT,'Vodoměry SV'!C2:C103,"SV3") -> 0 | F51: =SUMIFS('Vodoměry SV'!I2:I103,'Vodoměry SV'!A2:A103,BYT,'Vodoměry SV'!C2:C103,"SV3") -> 0
A52: =IF(E52>0,"Teplá voda","") -> 0 | B52: =K4 -> 0 | C52: =IF(E52=0, 0, _xlfn.XLOOKUP(BYT&"|"&"TUV3", 'Vodoměry TUV'!A2:A103&"|"&'Vodoměry TUV'!C2:C103, 'Vodoměry TUV'!F2:F103)) -> 0 | D52: =SUMIFS('Vodoměry TUV'!G2:G114,'Vodoměry TUV'!A2:A114,BYT,'Vodoměry TUV'!C2:C114,"TUV3") -> 0 | E52: =SUMIFS('Vodoměry TUV'!H2:H114,'Vodoměry TUV'!A2:A114,BYT,'Vodoměry TUV'!C2:C114,"TUV3") -> 0 | F52: =SUMIFS('Vodoměry TUV'!I2:I114,'Vodoměry TUV'!A2:A114,BYT,'Vodoměry TUV'!C2:C114,"TUV3") -> 0
A53: =IF(E53>0,"Teplo","") -> 0 | B53: =K4 -> 0 | C53: =VLOOKUP(BYT,Teplo!1:1048576,6,1) -> 0 | D53: =SUMIFS(Teplo!G2:G114,Teplo!A2:A114,BYT,Teplo!C2:C114,"Teplo") -> 0 | E53: =SUMIFS(Teplo!H2:H114,Teplo!A2:A114,BYT,Teplo!C2:C114,"Teplo") -> 0 | F53: =SUMIFS(Teplo!I2:I114,Teplo!A2:A114,BYT,Teplo!C2:C114,"Teplo") -> 0
A54: =IF(E54>0,"Elektro","") -> 0 | B54: =K4 -> 0 | C54: =VLOOKUP(BYT,Elektroměry!1:1048576,6,1) -> 0 | D54: =SUMIFS(Elektroměry!G3:G115,Elektroměry!A3:A115,BYT,Elektroměry!C3:C115,"Elektroměr") -> 0 | E54: =SUMIFS(Elektroměry!H3:H115,Elektroměry!A3:A115,BYT,Elektroměry!C3:C115,"Elektroměr") -> 0 | F54: =SUMIFS(Elektroměry!I3:I115,Elektroměry!A3:A115,BYT,Elektroměry!C3:C115,"Elektroměr") -> 0
A55: =IF(E55>0,"Elektroměr VT","") -> 0 | B55: =K4 -> 0 | C55: =IF(E55=0,0,_xlfn.XLOOKUP(BYT&"|"&"Elektroměr NT", Elektroměry!A2:A103&"|"&Elektroměry!C2:C103, Elektroměry!F2:F103)) -> 0 | D55: =SUMIFS(Elektroměry!G2:G115,Elektroměry!A2:A115,BYT,Elektroměry!C2:C115,"Elektroměr VT") -> 0 | E55: =SUMIFS(Elektroměry!H2:H115,Elektroměry!A2:A115,BYT,Elektroměry!C2:C115,"Elektroměr VT") -> 0 | F55: =SUMIFS(Elektroměry!I2:I115,Elektroměry!A2:A115,BYT,Elektroměry!C2:C115,"Elektroměr VT")+G55 -> 0
A56: =IF(E56>0,"Elektroměr NT","") -> 0 | B56: =K4 -> 0 | C56: =IF(E56=0,0,_xlfn.XLOOKUP(BYT&"|"&"Elektroměr VT", Elektroměry!A2:A103&"|"&Elektroměry!C2:C103, Elektroměry!F2:F103)) -> 0 | D56: =SUMIFS(Elektroměry!G2:G115,Elektroměry!A2:A115,BYT,Elektroměry!C2:C115,"Elektroměr NT") -> 0 | E56: =SUMIFS(Elektroměry!H2:H115,Elektroměry!A2:A115,BYT,Elektroměry!C2:C115,"Elektroměr NT") -> 0 | F56: =SUMIFS(Elektroměry!I2:I115,Elektroměry!A2:A115,BYT,Elektroměry!C2:C115,"Elektroměr NT") -> 0
A57: =IF(E57>0,"Studená voda","") -> 0 | B57: =K4 -> 0 | C57: =IF(E57=0,0,_xlfn.XLOOKUP(BYT&"|"&"SV4", 'Vodoměry SV'!A2:A103&"|"&'Vodoměry SV'!C2:C103, 'Vodoměry SV'!F2:F103)) -> 0 | D57: =SUMIFS('Vodoměry SV'!G2:G103,'Vodoměry SV'!A2:A103,BYT,'Vodoměry SV'!C2:C103,"SV4") -> 0 | E57: =SUMIFS('Vodoměry SV'!H2:H103,'Vodoměry SV'!A2:A103,BYT,'Vodoměry SV'!C2:C103,"SV4") -> 0 | F57: =SUMIFS('Vodoměry SV'!I2:I103,'Vodoměry SV'!A2:A103,BYT,'Vodoměry SV'!C2:C103,"SV4") -> 0
A58: =IF(E58>0,"Studená voda","") -> 0 | B58: =K4 -> 0 | C58: =IF(E58=0,0,_xlfn.XLOOKUP(BYT&"|"&"SV5", 'Vodoměry SV'!A2:A103&"|"&'Vodoměry SV'!C2:C103, 'Vodoměry SV'!F2:F103)) -> 0 | D58: =SUMIFS('Vodoměry SV'!G2:G103,'Vodoměry SV'!A2:A103,BYT,'Vodoměry SV'!C2:C103,"SV5") -> 0 | E58: =SUMIFS('Vodoměry SV'!H2:H103,'Vodoměry SV'!A2:A103,BYT,'Vodoměry SV'!C2:C103,"SV5") -> 0 | F58: =SUMIFS('Vodoměry SV'!I2:I103,'Vodoměry SV'!A2:A103,BYT,'Vodoměry SV'!C2:C103,"SV5") -> 0
A60: =("Jednotková cena za m3 vody činila v roce "&'vstupní data'!B12&" dle ceníku BVaK "&'vstupní data'!B13&" Kč. Hodnota uvedená ve vyúčtování již zahrnuje rozdíl mezi náměrem hlavního a součtem náměrů poměrových vodoměrů.") -> 0
A61: ='vstupní data'!B33 -> 0
A62: ='vstupní data'!B32 -> 0
A63: ="Datum: " & TEXT(TODAY(), "dd.mm.rrrr") -> 0 | E63: =IF('vstupní data'!B34="AdminReal, s.r.o.", "info@adminreal.cz | mobil: 607 959 876", "info@brnoreal.cz | mobil: 607 959 876") -> 0 | J63: =IF('vstupní data'!B34="AdminReal, s.r.o.", "www.adminreal.cz | www.onlinesprava.cz", "www.brnoreal.cz | www.onlinesprava.cz") -> 0

Sheet vstupní data
A1: Vstupní data
E2: Vysvětlivky polí(adres)
A3: Název - Bytový dům | B3: =C3 -> 0 | C3: Společenství vlastníků pro dům Neptun | D3: Kníničky č.ev. 318, 635 00 Brno | E3: vp_ - vyhledávací pole - následuje jméno listu kde je
A4: Jednotka | B4: =Evidence!A2 -> 0 | C4: =SUBSTITUTE(SUBSTITUTE(SUBSTITUTE(BYT," ","-"),"---","-"),"/","") -> 0 | E4: VD_ vstupní dat, na začátku vždy zkratka listu
A5: Jméno | B5: =VLOOKUP(BYT,Evidence!$A:$Z,2,0) -> 0 | C5: =IF(D5="paní","Vážená","Vážený") -> 0 | D5: =(IF(RIGHT(B5,1)="á","paní","pane")) -> 0 | E5: =LEFT(VD_jméno,FIND(" ",B5)-1) -> 0 | F5: =TRIM(RIGHT(SUBSTITUTE(VD_jméno," ",REPT(" ",100)),100)) -> 0
A6: Variabilní symbol | B6: =VLOOKUP(BYT,Evidence!1:1048576,22,0) -> 0 | C6: *vs je s devitkami na konci kvuli platbe
A7: bankovní spojení (účet) vlastníka bytu | B7: =VLOOKUP(BYT,Evidence!$A:$Z,11,0) -> 0 | L7: Úhrada dle delky vlastnictví | P7: Předpisy | R7: FO
A8: vyúčtovací období | B8: ="1.1."&'vstupní data'!$B$12&" - 1.12."&'vstupní data'!$B$12&"" -> 0 | F8: Platby záloh | H8: Předpis záloh | J8: Rozdíl | L8: Datum pro vypočet | M8: =VLOOKUP(BYT,Evidence!$A:$T,16,1) -> 0 | N8: =VLOOKUP(BYT,Evidence!$A:$T,17,1) -> 0
A9: Výsledek vyúčtování | F9: OD | G9: DO zbytek roku | H9: OD | I9: DO zbytek roku | J9: OD | K9: DO | L9: Převod na číslo sloupce | M9: =MONTH(M8) -> 0 | N9: =MONTH(N8) -> 0 | O9: 12 | P9: vzorec na změnu měsíců dle vlastnictví
A10: Přeplatek/nedoplatek z minulého období | B10: =VLOOKUP(BYT,'Přeplatky nedoplatky'!$A:$E,5,0) -> 0 | F10: =ADDRESS(MATCH('vstupní data'!$B$4,uhrady!A:A,0),2,4,1) -> 0 | G10: =ADDRESS((MATCH('vstupní data'!$B$4,uhrady!A:A,0)),(MATCH($B$15,'Předpis po mesici'!$B$2:$M$2,0)+1),4) -> 0 | H10: =ADDRESS(MATCH('vstupní data'!$B$4,'Předpis po mesici'!A:A,0),262,4,1) -> 0 | I10: =ADDRESS((MATCH('vstupní data'!$B$4,'Předpis po mesici'!A:A,0)),(MATCH($B$15,'Předpis po mesici'!$JC$2:$JN$2,0)+262),4) -> 0 | J10: =F11-H11 -> 0 | K10: =G11-I11 -> 0 | L10: Převod na písmeno sloupce | M10: =SUBSTITUTE(ADDRESS(1,M9+1,4),"1","") -> 0 | N10: =SUBSTITUTE(ADDRESS(1,N9+1,4),"1","") -> 0 | P10: =SUBSTITUTE(ADDRESS(1,M9+262,4),"1","") -> 0 | Q10: =SUBSTITUTE(ADDRESS(1,N9+262,4),"1","") -> 0 | R10: =SUBSTITUTE(ADDRESS(1,M9+79,4),"1","") -> 0 | S10: =SUBSTITUTE(ADDRESS(1,N9+79,4),"1","") -> 0
A11: Přeplatky/nedoplatky v aktuálním roce | B11: =SUM(N19:N30)-SUM(Q19:Q30) -> 0 | C11: ='Vyúčtování byt - 1.část'!VB_preplatky_celkem -> 0 | D11: =SUM(VD_přeplatek_z_minula+VD_přeplatek_aktuální_rok+C11) -> 0 | F11: =_xlfn.IFNA(SUM(INDIRECT("'uhrady'!"&F10&":"&G10)),0) -> 0 | G11: =LOOKUP(B4,uhrady!A:A,uhrady!N:N)-F11 -> 0 | H11: =_xlfn.IFNA(SUM(INDIRECT("'Předpis po mesici'!"&H10&":"&I10)),0) -> 0 | I11: =LOOKUP(B4,'Předpis po mesici'!A:A,'Předpis po mesici'!JO:JO)-H11 -> 0 | L11: Pořet měsíců-pro kontrolu | M11: =N9-M9+1 -> 0
A12: Za rok | B12: 2024 | F12: Platba FO | L12: Řádek vybraneho bytu | M12: ="uhrady!"&ADDRESS(MATCH(BYT,uhrady!A:A,0),2,4,1) -> 0 | N12: =ROW(INDIRECT(M12)) -> 0 | P12: ="'Předpis po mesici'!"&ADDRESS(MATCH(BYT,'Předpis po mesici'!A:A,0),2,4,1) -> 0 | Q12: =ROW(INDIRECT(P12)) -> 0 | R12: ="'Předpis po mesici'!"&ADDRESS(MATCH(BYT,'Předpis po mesici'!A:A,0),2,4,1) -> 0 | S12: =ROW(INDIRECT(R12)) -> 0
A13: Cena BVak | B13: 105,53 | F13: =ADDRESS(MATCH('vstupní data'!$B$4,'Předpis po mesici'!A:A,0),80,4,1) -> 0 | G13: =ADDRESS((MATCH('vstupní data'!$B$4,'Předpis po mesici'!A:A,0)),(MATCH($B$15,'Předpis po mesici'!$B$2:$M$2,0)+79),4) -> 0
C14: Zbylé měsíce | D14: Čas | F14: =_xlfn.IFNA(SUM(INDIRECT("'Předpis po mesici'!"&F13&":"&G13)),0) -> 0 | G14: =LOOKUP(B4,'Předpis po mesici'!A:A,'Předpis po mesici'!CN:CN)-F14 -> 0 | L14: Adresa bunek pro součet | M14: =M10&$N12 -> 0 | N14: =N10&$N12 -> 0 | P14: =P10&$Q12 -> 0 | Q14: =Q10&$Q12 -> 0 | R14: =R10&$S12 -> 0 | S14: =S10&$S12 -> 0
A15: Počet měsíců (užíváno majitelem) | B15: =M11 -> 0 | C15: =12-B15 -> 0 | D15: první část roku | L15: Finální adresa pro součet | M15: ="uhrady!"&_xlfn.CONCAT(M14,":",N14) -> 0 | P15: ="'Předpis po mesici'!"&_xlfn.CONCAT(P14,":",Q14) -> 0 | R15: ="'Předpis po mesici'!"&_xlfn.CONCAT(R14,":",S14) -> 0
C16: První část roku | F16: Druhá část roku
A17: Počet jednotek | B17: 23 | C17: ="1.1."&'vstupní data'!B12&"" -> 0 | D17: =EDATE(C17,B15)-1 -> 0 | E17: =(""&'vstupní data'!C18&" - "&'vstupní data'!D18&"") -> 0 | F17: =EDATE(C17,B15) -> 0 | G17: =EDATE(D17,C15) -> 0 | H17: =(""&'vstupní data'!F18&" - "&'vstupní data'!G18&"") -> 0 | L17: Finání součet | M17: =SUM(INDIRECT(M15)) -> 0 | P17: =SUM(INDIRECT(P15)) -> 0 | R17: =SUM(INDIRECT(R15)) -> 0
A18: Užitná plocha domu - celková | B18: 1423.8 | C18: =""&TEXT(C17,"d.m.rrrr") -> 0 | D18: =""&TEXT(D17,"d.m.rrrr") -> 0 | F18: =""&TEXT(F17,"d.m.rrrr") -> 0 | G18: =""&TEXT(G17,"d.m.rrrr") -> 0 | M18: Úhrady | P18: Měsíc | Q18: Předpisy celkem | R18: Měsíc | S18: =("Služby "&'vstupní data'!B4&"") -> 0
A19: Užitná plocha domu - započitatelná | B19: 0 | L19: Platby jednotlivě | M19: 1 | N19: =IF(AND(M19>=$M$9,M19<=$O$9),VLOOKUP(BYT,uhrady!$A$2:$M$102,M19+1,FALSE),0) -> 0 | P19: 1 | Q19: =IF(AND(P19>=$M$9,P19<=$O$9),VLOOKUP(BYT,'Předpis po mesici'!$A$3:$JQ$102,P19+262,FALSE),0) -> 0 | R19: 1 | S19: =IF(AND(P19>=$M$9,P19<=$N$9),VLOOKUP(BYT,'Předpis po mesici'!$A$3:$JQ$102,P19+79,FALSE),0) -> 0 | T19: =IF(AND(P19>=$M$9,P19<=$N$9),VLOOKUP(BYT,'Předpis po mesici'!$A$3:$JQ$102,P19+1,FALSE),0) -> 0 | U19: =IF(AND(P19>=$M$9,P19<=$N$9),VLOOKUP(BYT,'Předpis po mesici'!$A$3:$JQ$102,P19+14,FALSE),0) -> 0 | V19: =IF(AND(P19>=$M$9,P19<=$N$9),VLOOKUP(BYT,'Předpis po mesici'!$A$3:$JQ$102,P19+27,FALSE),0) -> 0 | W19: =IF(AND(P19>=$M$9,P19<=$N$9),VLOOKUP(BYT,'Předpis po mesici'!$A$3:$JQ$102,P19+40,FALSE),0) -> 0 | X19: =IF(AND(P19>=$M$9,P19<=$N$9),VLOOKUP(BYT,'Předpis po mesici'!$A$3:$JQ$102,P19+53,FALSE),0) -> 0 | Y19: =IF(AND(P19>=$M$9,P19<=$N$9),VLOOKUP(BYT,'Předpis po mesici'!$A$3:$JQ$102,P19+66,FALSE),0) -> 0 | Z19: =IF(AND(P19>=$M$9,P19<=$N$9),VLOOKUP(BYT,'Předpis po mesici'!$A$3:$JQ$102,P19+92,FALSE),0) -> 0 | AA19: =IF(AND(P19>=$M$9,P19<=$N$9),VLOOKUP(BYT,'Předpis po mesici'!$A$3:$JQ$102,P19+105,FALSE),0) -> 0 | AB19: =IF(AND(P19>=$M$9,P19<=$N$9),VLOOKUP(BYT,'Předpis po mesici'!$A$3:$JQ$102,P19+118,FALSE),0) -> 0 | AC19: =IF(AND(P19>=$M$9,P19<=$N$9),VLOOKUP(BYT,'Předpis po mesici'!$A$3:$JQ$102,P19+131,FALSE),0) -> 0 | AD19: =IF(AND(P19>=$M$9,P19<=$N$9),VLOOKUP(BYT,'Předpis po mesici'!$A$3:$JQ$102,P19+170,FALSE),0) -> 0 | AE19: =IF(AND(P19>=$M$9,P19<=$N$9),VLOOKUP(BYT,'Předpis po mesici'!$A$3:$JQ$102,P19+183,FALSE),0) -> 0 | AF19: =IF(AND(P19>=$M$9,P19<=$N$9),VLOOKUP(BYT,'Předpis po mesici'!$A$3:$JQ$102,P19+196,FALSE),0) -> 0 | AG19: =IF(AND(P19>=$M$9,P19<=$N$9),VLOOKUP(BYT,'Předpis po mesici'!$A$3:$JQ$102,P19+209,FALSE),0) -> 0 | AH19: =IF(AND(P19>=$M$9,P19<=$N$9),VLOOKUP(BYT,'Předpis po mesici'!$A$3:$JQ$102,P19+222,FALSE),0) -> 0 | AI19: =IF(AND(P19>=$M$9,P19<=$N$9),VLOOKUP(BYT,'Předpis po mesici'!$A$3:$JQ$102,P19+157,FALSE),0) -> 0 | AJ19: =IF(AND(P19>=$M$9,P19<=$N$9),VLOOKUP(BYT,'Počet osob'!$A$2:$JR$102,P19+2,FALSE),0) -> 0 | AK19: =IF(AND(P19>=$M$9,P19<=$N$9),VLOOKUP(BYT,'Předpis po mesici'!$A$3:$JQ$102,P19+144,FALSE),0) -> 0 | AL19: =IF(AND(P19>=$M$9,P19<=$N$9),VLOOKUP(BYT,'Předpis po mesici'!$A$3:$JQ$102,P19+248,FALSE),0) -> 0 | AM19: =IF(AND(P19>=$M$9,P19<=$N$9),VLOOKUP(BYT,'Předpis po mesici'!$A$3:$JQ$102,P19+235,FALSE),0) -> 0 | AN19: =IF(AND(P19>=$M$9,P19<=$N$9),VLOOKUP(BYT,'Předpis po mesici'!$A$3:$JQ$102,P19+235,FALSE),0) -> 0
A20: Počet komínů | B20: =Evidence!F104 -> 0 | M20: 2 | N20: =IF(AND(M20>=$M$9,M20<=$O$9),VLOOKUP(BYT,uhrady!$A$2:$M$102,M20+1,FALSE),0) -> 0 | P20: 2 | Q20: =IF(AND(P20>=$M$9,P20<=$O$9),VLOOKUP(BYT,'Předpis po mesici'!$A$3:$JQ$102,P20+262,FALSE),0) -> 0 | R20: 2 | S20: =IF(AND(P20>=$M$9,P20<=$N$9),VLOOKUP(BYT,'Předpis po mesici'!$A$3:$JQ$102,P20+79,FALSE),0) -> 0 | T20: =IF(AND(P20>=$M$9,P20<=$N$9),VLOOKUP(BYT,'Předpis po mesici'!$A$3:$JQ$102,P20+1,FALSE),0) -> 0 | U20: =IF(AND(P20>=$M$9,P20<=$N$9),VLOOKUP(BYT,'Předpis po mesici'!$A$3:$JQ$102,P20+14,FALSE),0) -> 0 | V20: =IF(AND(P20>=$M$9,P20<=$N$9),VLOOKUP(BYT,'Předpis po mesici'!$A$3:$JQ$102,P20+27,FALSE),0) -> 0 | W20: =IF(AND(P20>=$M$9,P20<=$N$9),VLOOKUP(BYT,'Předpis po mesici'!$A$3:$JQ$102,P20+40,FALSE),0) -> 0 | X20: =IF(AND(P20>=$M$9,P20<=$N$9),VLOOKUP(BYT,'Předpis po mesici'!$A$3:$JQ$102,P20+53,FALSE),0) -> 0 | Y20: =IF(AND(P20>=$M$9,P20<=$N$9),VLOOKUP(BYT,'Předpis po mesici'!$A$3:$JQ$102,P20+66,FALSE),0) -> 0 | Z20: =IF(AND(P20>=$M$9,P20<=$N$9),VLOOKUP(BYT,'Předpis po mesici'!$A$3:$JQ$102,P20+92,FALSE),0) -> 0 | AA20: =IF(AND(P20>=$M$9,P20<=$N$9),VLOOKUP(BYT,'Předpis po mesici'!$A$3:$JQ$102,P20+105,FALSE),0) -> 0 | AB20: =IF(AND(P20>=$M$9,P20<=$N$9),VLOOKUP(BYT,'Předpis po mesici'!$A$3:$JQ$102,P20+118,FALSE),0) -> 0 | AC20: =IF(AND(P20>=$M$9,P20<=$N$9),VLOOKUP(BYT,'Předpis po mesici'!$A$3:$JQ$102,P20+131,FALSE),0) -> 0 | AD20: =IF(AND(P20>=$M$9,P20<=$N$9),VLOOKUP(BYT,'Předpis po mesici'!$A$3:$JQ$102,P20+170,FALSE),0) -> 0 | AE20: =IF(AND(P20>=$M$9,P20<=$N$9),VLOOKUP(BYT,'Předpis po mesici'!$A$3:$JQ$102,P20+183,FALSE),0) -> 0 | AF20: =IF(AND(P20>=$M$9,P20<=$N$9),VLOOKUP(BYT,'Předpis po mesici'!$A$3:$JQ$102,P20+196,FALSE),0) -> 0 | AG20: =IF(AND(P20>=$M$9,P20<=$N$9),VLOOKUP(BYT,'Předpis po mesici'!$A$3:$JQ$102,P20+209,FALSE),0) -> 0 | AH20: =IF(AND(P20>=$M$9,P20<=$N$9),VLOOKUP(BYT,'Předpis po mesici'!$A$3:$JQ$102,P20+222,FALSE),0) -> 0 | AI20: =IF(AND(P20>=$M$9,P20<=$N$9),VLOOKUP(BYT,'Předpis po mesici'!$A$3:$JQ$102,P20+157,FALSE),0) -> 0 | AJ20: =IF(AND(P20>=$M$9,P20<=$N$9),VLOOKUP(BYT,'Počet osob'!$A$2:$JR$102,P20+2,FALSE),0) -> 0 | AK20: =IF(AND(P20>=$M$9,P20<=$N$9),VLOOKUP(BYT,'Předpis po mesici'!$A$3:$JQ$102,P20+144,FALSE),0) -> 0 | AL20: =IF(AND(P20>=$M$9,P20<=$N$9),VLOOKUP(BYT,'Předpis po mesici'!$A$3:$JQ$102,P20+248,FALSE),0) -> 0 | AM20: =IF(AND(P20>=$M$9,P20<=$N$9),VLOOKUP(BYT,'Předpis po mesici'!$A$3:$JQ$102,P20+235,FALSE),0) -> 0 | AN20: =IF(AND(P20>=$M$9,P20<=$N$9),VLOOKUP(BYT,'Předpis po mesici'!$A$3:$JQ$102,P20+235,FALSE),0) -> 0
A21: Počet osob (celkem/výtah) | B21: ='Počet osob'!O104 -> 0 | C21: ='Počet osob'!P104 -> 0 | M21: 3 | N21: =IF(AND(M21>=$M$9,M21<=$O$9),VLOOKUP(BYT,uhrady!$A$2:$M$102,M21+1,FALSE),0) -> 0 | P21: 3 | Q21: =IF(AND(P21>=$M$9,P21<=$O$9),VLOOKUP(BYT,'Předpis po mesici'!$A$3:$JQ$102,P21+262,FALSE),0) -> 0 | R21: 3 | S21: =IF(AND(P21>=$M$9,P21<=$N$9),VLOOKUP(BYT,'Předpis po mesici'!$A$3:$JQ$102,P21+79,FALSE),0) -> 0 | T21: =IF(AND(P21>=$M$9,P21<=$N$9),VLOOKUP(BYT,'Předpis po mesici'!$A$3:$JQ$102,P21+1,FALSE),0) -> 0 | U21: =IF(AND(P21>=$M$9,P21<=$N$9),VLOOKUP(BYT,'Předpis po mesici'!$A$3:$JQ$102,P21+14,FALSE),0) -> 0 | V21: =IF(AND(P21>=$M$9,P21<=$N$9),VLOOKUP(BYT,'Předpis po mesici'!$A$3:$JQ$102,P21+27,FALSE),0) -> 0 | W21: =IF(AND(P21>=$M$9,P21<=$N$9),VLOOKUP(BYT,'Předpis po mesici'!$A$3:$JQ$102,P21+40,FALSE),0) -> 0 | X21: =IF(AND(P21>=$M$9,P21<=$N$9),VLOOKUP(BYT,'Předpis po mesici'!$A$3:$JQ$102,P21+53,FALSE),0) -> 0 | Y21: =IF(AND(P21>=$M$9,P21<=$N$9),VLOOKUP(BYT,'Předpis po mesici'!$A$3:$JQ$102,P21+66,FALSE),0) -> 0 | Z21: =IF(AND(P21>=$M$9,P21<=$N$9),VLOOKUP(BYT,'Předpis po mesici'!$A$3:$JQ$102,P21+92,FALSE),0) -> 0 | AA21: =IF(AND(P21>=$M$9,P21<=$N$9),VLOOKUP(BYT,'Předpis po mesici'!$A$3:$JQ$102,P21+105,FALSE),0) -> 0 | AB21: =IF(AND(P21>=$M$9,P21<=$N$9),VLOOKUP(BYT,'Předpis po mesici'!$A$3:$JQ$102,P21+118,FALSE),0) -> 0 | AC21: =IF(AND(P21>=$M$9,P21<=$N$9),VLOOKUP(BYT,'Předpis po mesici'!$A$3:$JQ$102,P21+131,FALSE),0) -> 0 | AD21: =IF(AND(P21>=$M$9,P21<=$N$9),VLOOKUP(BYT,'Předpis po mesici'!$A$3:$JQ$102,P21+170,FALSE),0) -> 0 | AE21: =IF(AND(P21>=$M$9,P21<=$N$9),VLOOKUP(BYT,'Předpis po mesici'!$A$3:$JQ$102,P21+183,FALSE),0) -> 0 | AF21: =IF(AND(P21>=$M$9,P21<=$N$9),VLOOKUP(BYT,'Předpis po mesici'!$A$3:$JQ$102,P21+196,FALSE),0) -> 0 | AG21: =IF(AND(P21>=$M$9,P21<=$N$9),VLOOKUP(BYT,'Předpis po mesici'!$A$3:$JQ$102,P21+209,FALSE),0) -> 0 | AH21: =IF(AND(P21>=$M$9,P21<=$N$9),VLOOKUP(BYT,'Předpis po mesici'!$A$3:$JQ$102,P21+222,FALSE),0) -> 0 | AI21: =IF(AND(P21>=$M$9,P21<=$N$9),VLOOKUP(BYT,'Předpis po mesici'!$A$3:$JQ$102,P21+157,FALSE),0) -> 0 | AJ21: =IF(AND(P21>=$M$9,P21<=$N$9),VLOOKUP(BYT,'Počet osob'!$A$2:$JR$102,P21+2,FALSE),0) -> 0 | AK21: =IF(AND(P21>=$M$9,P21<=$N$9),VLOOKUP(BYT,'Předpis po mesici'!$A$3:$JQ$102,P21+144,FALSE),0) -> 0 | AL21: =IF(AND(P21>=$M$9,P21<=$N$9),VLOOKUP(BYT,'Předpis po mesici'!$A$3:$JQ$102,P21+248,FALSE),0) -> 0 | AM21: =IF(AND(P21>=$M$9,P21<=$N$9),VLOOKUP(BYT,'Předpis po mesici'!$A$3:$JQ$102,P21+235,FALSE),0) -> 0 | AN21: =IF(AND(P21>=$M$9,P21<=$N$9),VLOOKUP(BYT,'Předpis po mesici'!$A$3:$JQ$102,P21+235,FALSE),0) -> 0
A22: číslo účtu společenství | B22: =B35 -> 0 | C22: =IF(VLOOKUP(DŮM,'Bytové domy'!$A:$J,8,FALSE)="","",(VLOOKUP(DŮM,'Bytové domy'!$A:$J,8,FALSE))) -> 0 | D22: =VLOOKUP(DŮM,'Bytové domy'!$A:$J,9,0) -> 0 | E22: =VLOOKUP(DŮM,'Bytové domy'!$A:$J,10,0) -> 0 | M22: 4 | N22: =IF(AND(M22>=$M$9,M22<=$O$9),VLOOKUP(BYT,uhrady!$A$2:$M$102,M22+1,FALSE),0) -> 0 | P22: 4 | Q22: =IF(AND(P22>=$M$9,P22<=$O$9),VLOOKUP(BYT,'Předpis po mesici'!$A$3:$JQ$102,P22+262,FALSE),0) -> 0 | R22: 4 | S22: =IF(AND(P22>=$M$9,P22<=$N$9),VLOOKUP(BYT,'Předpis po mesici'!$A$3:$JQ$102,P22+79,FALSE),0) -> 0 | T22: =IF(AND(P22>=$M$9,P22<=$N$9),VLOOKUP(BYT,'Předpis po mesici'!$A$3:$JQ$102,P22+1,FALSE),0) -> 0 | U22: =IF(AND(P22>=$M$9,P22<=$N$9),VLOOKUP(BYT,'Předpis po mesici'!$A$3:$JQ$102,P22+14,FALSE),0) -> 0 | V22: =IF(AND(P22>=$M$9,P22<=$N$9),VLOOKUP(BYT,'Předpis po mesici'!$A$3:$JQ$102,P22+27,FALSE),0) -> 0 | W22: =IF(AND(P22>=$M$9,P22<=$N$9),VLOOKUP(BYT,'Předpis po mesici'!$A$3:$JQ$102,P22+40,FALSE),0) -> 0 | X22: =IF(AND(P22>=$M$9,P22<=$N$9),VLOOKUP(BYT,'Předpis po mesici'!$A$3:$JQ$102,P22+53,FALSE),0) -> 0 | Y22: =IF(AND(P22>=$M$9,P22<=$N$9),VLOOKUP(BYT,'Předpis po mesici'!$A$3:$JQ$102,P22+66,FALSE),0) -> 0 | Z22: =IF(AND(P22>=$M$9,P22<=$N$9),VLOOKUP(BYT,'Předpis po mesici'!$A$3:$JQ$102,P22+92,FALSE),0) -> 0 | AA22: =IF(AND(P22>=$M$9,P22<=$N$9),VLOOKUP(BYT,'Předpis po mesici'!$A$3:$JQ$102,P22+105,FALSE),0) -> 0 | AB22: =IF(AND(P22>=$M$9,P22<=$N$9),VLOOKUP(BYT,'Předpis po mesici'!$A$3:$JQ$102,P22+118,FALSE),0) -> 0 | AC22: =IF(AND(P22>=$M$9,P22<=$N$9),VLOOKUP(BYT,'Předpis po mesici'!$A$3:$JQ$102,P22+131,FALSE),0) -> 0 | AD22: =IF(AND(P22>=$M$9,P22<=$N$9),VLOOKUP(BYT,'Předpis po mesici'!$A$3:$JQ$102,P22+170,FALSE),0) -> 0 | AE22: =IF(AND(P22>=$M$9,P22<=$N$9),VLOOKUP(BYT,'Předpis po mesici'!$A$3:$JQ$102,P22+183,FALSE),0) -> 0 | AF22: =IF(AND(P22>=$M$9,P22<=$N$9),VLOOKUP(BYT,'Předpis po mesici'!$A$3:$JQ$102,P22+196,FALSE),0) -> 0 | AG22: =IF(AND(P22>=$M$9,P22<=$N$9),VLOOKUP(BYT,'Předpis po mesici'!$A$3:$JQ$102,P22+209,FALSE),0) -> 0 | AH22: =IF(AND(P22>=$M$9,P22<=$N$9),VLOOKUP(BYT,'Předpis po mesici'!$A$3:$JQ$102,P22+222,FALSE),0) -> 0 | AI22: =IF(AND(P22>=$M$9,P22<=$N$9),VLOOKUP(BYT,'Předpis po mesici'!$A$3:$JQ$102,P22+157,FALSE),0) -> 0 | AJ22: =IF(AND(P22>=$M$9,P22<=$N$9),VLOOKUP(BYT,'Počet osob'!$A$2:$JR$102,P22+2,FALSE),0) -> 0 | AK22: =IF(AND(P22>=$M$9,P22<=$N$9),VLOOKUP(BYT,'Předpis po mesici'!$A$3:$JQ$102,P22+144,FALSE),0) -> 0 | AL22: =IF(AND(P22>=$M$9,P22<=$N$9),VLOOKUP(BYT,'Předpis po mesici'!$A$3:$JQ$102,P22+248,FALSE),0) -> 0 | AM22: =IF(AND(P22>=$M$9,P22<=$N$9),VLOOKUP(BYT,'Předpis po mesici'!$A$3:$JQ$102,P22+235,FALSE),0) -> 0 | AN22: =IF(AND(P22>=$M$9,P22<=$N$9),VLOOKUP(BYT,'Předpis po mesici'!$A$3:$JQ$102,P22+235,FALSE),0) -> 0
A23: odečet SV vody za daný rok | B23: =SUMIFS('Vodoměry SV'!I2:I103,'Vodoměry SV'!A2:A103,BYT) -> 0 | M23: 5 | N23: =IF(AND(M23>=$M$9,M23<=$O$9),VLOOKUP(BYT,uhrady!$A$2:$M$102,M23+1,FALSE),0) -> 0 | P23: 5 | Q23: =IF(AND(P23>=$M$9,P23<=$O$9),VLOOKUP(BYT,'Předpis po mesici'!$A$3:$JQ$102,P23+262,FALSE),0) -> 0 | R23: 5 | S23: =IF(AND(P23>=$M$9,P23<=$N$9),VLOOKUP(BYT,'Předpis po mesici'!$A$3:$JQ$102,P23+79,FALSE),0) -> 0 | T23: =IF(AND(P23>=$M$9,P23<=$N$9),VLOOKUP(BYT,'Předpis po mesici'!$A$3:$JQ$102,P23+1,FALSE),0) -> 0 | U23: =IF(AND(P23>=$M$9,P23<=$N$9),VLOOKUP(BYT,'Předpis po mesici'!$A$3:$JQ$102,P23+14,FALSE),0) -> 0 | V23: =IF(AND(P23>=$M$9,P23<=$N$9),VLOOKUP(BYT,'Předpis po mesici'!$A$3:$JQ$102,P23+27,FALSE),0) -> 0 | W23: =IF(AND(P23>=$M$9,P23<=$N$9),VLOOKUP(BYT,'Předpis po mesici'!$A$3:$JQ$102,P23+40,FALSE),0) -> 0 | X23: =IF(AND(P23>=$M$9,P23<=$N$9),VLOOKUP(BYT,'Předpis po mesici'!$A$3:$JQ$102,P23+53,FALSE),0) -> 0 | Y23: =IF(AND(P23>=$M$9,P23<=$N$9),VLOOKUP(BYT,'Předpis po mesici'!$A$3:$JQ$102,P23+66,FALSE),0) -> 0 | Z23: =IF(AND(P23>=$M$9,P23<=$N$9),VLOOKUP(BYT,'Předpis po mesici'!$A$3:$JQ$102,P23+92,FALSE),0) -> 0 | AA23: =IF(AND(P23>=$M$9,P23<=$N$9),VLOOKUP(BYT,'Předpis po mesici'!$A$3:$JQ$102,P23+105,FALSE),0) -> 0 | AB23: =IF(AND(P23>=$M$9,P23<=$N$9),VLOOKUP(BYT,'Předpis po mesici'!$A$3:$JQ$102,P23+118,FALSE),0) -> 0 | AC23: =IF(AND(P23>=$M$9,P23<=$N$9),VLOOKUP(BYT,'Předpis po mesici'!$A$3:$JQ$102,P23+131,FALSE),0) -> 0 | AD23: =IF(AND(P23>=$M$9,P23<=$N$9),VLOOKUP(BYT,'Předpis po mesici'!$A$3:$JQ$102,P23+170,FALSE),0) -> 0 | AE23: =IF(AND(P23>=$M$9,P23<=$N$9),VLOOKUP(BYT,'Předpis po mesici'!$A$3:$JQ$102,P23+183,FALSE),0) -> 0 | AF23: =IF(AND(P23>=$M$9,P23<=$N$9),VLOOKUP(BYT,'Předpis po mesici'!$A$3:$JQ$102,P23+196,FALSE),0) -> 0 | AG23: =IF(AND(P23>=$M$9,P23<=$N$9),VLOOKUP(BYT,'Předpis po mesici'!$A$3:$JQ$102,P23+209,FALSE),0) -> 0 | AH23: =IF(AND(P23>=$M$9,P23<=$N$9),VLOOKUP(BYT,'Předpis po mesici'!$A$3:$JQ$102,P23+222,FALSE),0) -> 0 | AI23: =IF(AND(P23>=$M$9,P23<=$N$9),VLOOKUP(BYT,'Předpis po mesici'!$A$3:$JQ$102,P23+157,FALSE),0) -> 0 | AJ23: =IF(AND(P23>=$M$9,P23<=$N$9),VLOOKUP(BYT,'Počet osob'!$A$2:$JR$102,P23+2,FALSE),0) -> 0 | AK23: =IF(AND(P23>=$M$9,P23<=$N$9),VLOOKUP(BYT,'Předpis po mesici'!$A$3:$JQ$102,P23+144,FALSE),0) -> 0 | AL23: =IF(AND(P23>=$M$9,P23<=$N$9),VLOOKUP(BYT,'Předpis po mesici'!$A$3:$JQ$102,P23+248,FALSE),0) -> 0 | AM23: =IF(AND(P23>=$M$9,P23<=$N$9),VLOOKUP(BYT,'Předpis po mesici'!$A$3:$JQ$102,P23+235,FALSE),0) -> 0 | AN23: =IF(AND(P23>=$M$9,P23<=$N$9),VLOOKUP(BYT,'Předpis po mesici'!$A$3:$JQ$102,P23+235,FALSE),0) -> 0
A24: odečet TUV za daný rok | B24: =SUMIFS('Vodoměry TUV'!I2:I114,'Vodoměry TUV'!A2:A114,BYT) -> 0 | M24: 6 | N24: =IF(AND(M24>=$M$9,M24<=$O$9),VLOOKUP(BYT,uhrady!$A$2:$M$102,M24+1,FALSE),0) -> 0 | P24: 6 | Q24: =IF(AND(P24>=$M$9,P24<=$O$9),VLOOKUP(BYT,'Předpis po mesici'!$A$3:$JQ$102,P24+262,FALSE),0) -> 0 | R24: 6 | S24: =IF(AND(P24>=$M$9,P24<=$N$9),VLOOKUP(BYT,'Předpis po mesici'!$A$3:$JQ$102,P24+79,FALSE),0) -> 0 | T24: =IF(AND(P24>=$M$9,P24<=$N$9),VLOOKUP(BYT,'Předpis po mesici'!$A$3:$JQ$102,P24+1,FALSE),0) -> 0 | U24: =IF(AND(P24>=$M$9,P24<=$N$9),VLOOKUP(BYT,'Předpis po mesici'!$A$3:$JQ$102,P24+14,FALSE),0) -> 0 | V24: =IF(AND(P24>=$M$9,P24<=$N$9),VLOOKUP(BYT,'Předpis po mesici'!$A$3:$JQ$102,P24+27,FALSE),0) -> 0 | W24: =IF(AND(P24>=$M$9,P24<=$N$9),VLOOKUP(BYT,'Předpis po mesici'!$A$3:$JQ$102,P24+40,FALSE),0) -> 0 | X24: =IF(AND(P24>=$M$9,P24<=$N$9),VLOOKUP(BYT,'Předpis po mesici'!$A$3:$JQ$102,P24+53,FALSE),0) -> 0 | Y24: =IF(AND(P24>=$M$9,P24<=$N$9),VLOOKUP(BYT,'Předpis po mesici'!$A$3:$JQ$102,P24+66,FALSE),0) -> 0 | Z24: =IF(AND(P24>=$M$9,P24<=$N$9),VLOOKUP(BYT,'Předpis po mesici'!$A$3:$JQ$102,P24+92,FALSE),0) -> 0 | AA24: =IF(AND(P24>=$M$9,P24<=$N$9),VLOOKUP(BYT,'Předpis po mesici'!$A$3:$JQ$102,P24+105,FALSE),0) -> 0 | AB24: =IF(AND(P24>=$M$9,P24<=$N$9),VLOOKUP(BYT,'Předpis po mesici'!$A$3:$JQ$102,P24+118,FALSE),0) -> 0 | AC24: =IF(AND(P24>=$M$9,P24<=$N$9),VLOOKUP(BYT,'Předpis po mesici'!$A$3:$JQ$102,P24+131,FALSE),0) -> 0 | AD24: =IF(AND(P24>=$M$9,P24<=$N$9),VLOOKUP(BYT,'Předpis po mesici'!$A$3:$JQ$102,P24+170,FALSE),0) -> 0 | AE24: =IF(AND(P24>=$M$9,P24<=$N$9),VLOOKUP(BYT,'Předpis po mesici'!$A$3:$JQ$102,P24+183,FALSE),0) -> 0 | AF24: =IF(AND(P24>=$M$9,P24<=$N$9),VLOOKUP(BYT,'Předpis po mesici'!$A$3:$JQ$102,P24+196,FALSE),0) -> 0 | AG24: =IF(AND(P24>=$M$9,P24<=$N$9),VLOOKUP(BYT,'Předpis po mesici'!$A$3:$JQ$102,P24+209,FALSE),0) -> 0 | AH24: =IF(AND(P24>=$M$9,P24<=$N$9),VLOOKUP(BYT,'Předpis po mesici'!$A$3:$JQ$102,P24+222,FALSE),0) -> 0 | AI24: =IF(AND(P24>=$M$9,P24<=$N$9),VLOOKUP(BYT,'Předpis po mesici'!$A$3:$JQ$102,P24+157,FALSE),0) -> 0 | AJ24: =IF(AND(P24>=$M$9,P24<=$N$9),VLOOKUP(BYT,'Počet osob'!$A$2:$JR$102,P24+2,FALSE),0) -> 0 | AK24: =IF(AND(P24>=$M$9,P24<=$N$9),VLOOKUP(BYT,'Předpis po mesici'!$A$3:$JQ$102,P24+144,FALSE),0) -> 0 | AL24: =IF(AND(P24>=$M$9,P24<=$N$9),VLOOKUP(BYT,'Předpis po mesici'!$A$3:$JQ$102,P24+248,FALSE),0) -> 0 | AM24: =IF(AND(P24>=$M$9,P24<=$N$9),VLOOKUP(BYT,'Předpis po mesici'!$A$3:$JQ$102,P24+235,FALSE),0) -> 0 | AN24: =IF(AND(P24>=$M$9,P24<=$N$9),VLOOKUP(BYT,'Předpis po mesici'!$A$3:$JQ$102,P24+235,FALSE),0) -> 0
A25: celková plocha jednotky | B25: =VLOOKUP(BYT,Evidence!$A:$Z,7,0) -> 0 | D25: Leskava sklep | E25: =VLOOKUP(BYT,Evidence!$A:$Z,16,0) -> 0 | M25: 7 | N25: =IF(AND(M25>=$M$9,M25<=$O$9),VLOOKUP(BYT,uhrady!$A$2:$M$102,M25+1,FALSE),0) -> 0 | P25: 7 | Q25: =IF(AND(P25>=$M$9,P25<=$O$9),VLOOKUP(BYT,'Předpis po mesici'!$A$3:$JQ$102,P25+262,FALSE),0) -> 0 | R25: 7 | S25: =IF(AND(P25>=$M$9,P25<=$N$9),VLOOKUP(BYT,'Předpis po mesici'!$A$3:$JQ$102,P25+79,FALSE),0) -> 0 | T25: =IF(AND(P25>=$M$9,P25<=$N$9),VLOOKUP(BYT,'Předpis po mesici'!$A$3:$JQ$102,P25+1,FALSE),0) -> 0 | U25: =IF(AND(P25>=$M$9,P25<=$N$9),VLOOKUP(BYT,'Předpis po mesici'!$A$3:$JQ$102,P25+14,FALSE),0) -> 0 | V25: =IF(AND(P25>=$M$9,P25<=$N$9),VLOOKUP(BYT,'Předpis po mesici'!$A$3:$JQ$102,P25+27,FALSE),0) -> 0 | W25: =IF(AND(P25>=$M$9,P25<=$N$9),VLOOKUP(BYT,'Předpis po mesici'!$A$3:$JQ$102,P25+40,FALSE),0) -> 0 | X25: =IF(AND(P25>=$M$9,P25<=$N$9),VLOOKUP(BYT,'Předpis po mesici'!$A$3:$JQ$102,P25+53,FALSE),0) -> 0 | Y25: =IF(AND(P25>=$M$9,P25<=$N$9),VLOOKUP(BYT,'Předpis po mesici'!$A$3:$JQ$102,P25+66,FALSE),0) -> 0 | Z25: =IF(AND(P25>=$M$9,P25<=$N$9),VLOOKUP(BYT,'Předpis po mesici'!$A$3:$JQ$102,P25+92,FALSE),0) -> 0 | AA25: =IF(AND(P25>=$M$9,P25<=$N$9),VLOOKUP(BYT,'Předpis po mesici'!$A$3:$JQ$102,P25+105,FALSE),0) -> 0 | AB25: =IF(AND(P25>=$M$9,P25<=$N$9),VLOOKUP(BYT,'Předpis po mesici'!$A$3:$JQ$102,P25+118,FALSE),0) -> 0 | AC25: =IF(AND(P25>=$M$9,P25<=$N$9),VLOOKUP(BYT,'Předpis po mesici'!$A$3:$JQ$102,P25+131,FALSE),0) -> 0 | AD25: =IF(AND(P25>=$M$9,P25<=$N$9),VLOOKUP(BYT,'Předpis po mesici'!$A$3:$JQ$102,P25+170,FALSE),0) -> 0 | AE25: =IF(AND(P25>=$M$9,P25<=$N$9),VLOOKUP(BYT,'Předpis po mesici'!$A$3:$JQ$102,P25+183,FALSE),0) -> 0 | AF25: =IF(AND(P25>=$M$9,P25<=$N$9),VLOOKUP(BYT,'Předpis po mesici'!$A$3:$JQ$102,P25+196,FALSE),0) -> 0 | AG25: =IF(AND(P25>=$M$9,P25<=$N$9),VLOOKUP(BYT,'Předpis po mesici'!$A$3:$JQ$102,P25+209,FALSE),0) -> 0 | AH25: =IF(AND(P25>=$M$9,P25<=$N$9),VLOOKUP(BYT,'Předpis po mesici'!$A$3:$JQ$102,P25+222,FALSE),0) -> 0 | AI25: =IF(AND(P25>=$M$9,P25<=$N$9),VLOOKUP(BYT,'Předpis po mesici'!$A$3:$JQ$102,P25+157,FALSE),0) -> 0 | AJ25: =IF(AND(P25>=$M$9,P25<=$N$9),VLOOKUP(BYT,'Počet osob'!$A$2:$JR$102,P25+2,FALSE),0) -> 0 | AK25: =IF(AND(P25>=$M$9,P25<=$N$9),VLOOKUP(BYT,'Předpis po mesici'!$A$3:$JQ$102,P25+144,FALSE),0) -> 0 | AL25: =IF(AND(P25>=$M$9,P25<=$N$9),VLOOKUP(BYT,'Předpis po mesici'!$A$3:$JQ$102,P25+248,FALSE),0) -> 0 | AM25: =IF(AND(P25>=$M$9,P25<=$N$9),VLOOKUP(BYT,'Předpis po mesici'!$A$3:$JQ$102,P25+235,FALSE),0) -> 0 | AN25: =IF(AND(P25>=$M$9,P25<=$N$9),VLOOKUP(BYT,'Předpis po mesici'!$A$3:$JQ$102,P25+235,FALSE),0) -> 0
A26: započitatelná plocha jednotky | B26: =VLOOKUP(BYT,Evidence!$A:$Z,8,0) -> 0 | D26: Leskava garáž | E26: =VLOOKUP(BYT,Evidence!$A:$Z,18,0) -> 0 | M26: 8 | N26: =IF(AND(M26>=$M$9,M26<=$O$9),VLOOKUP(BYT,uhrady!$A$2:$M$102,M26+1,FALSE),0) -> 0 | P26: 8 | Q26: =IF(AND(P26>=$M$9,P26<=$O$9),VLOOKUP(BYT,'Předpis po mesici'!$A$3:$JQ$102,P26+262,FALSE),0) -> 0 | R26: 8 | S26: =IF(AND(P26>=$M$9,P26<=$N$9),VLOOKUP(BYT,'Předpis po mesici'!$A$3:$JQ$102,P26+79,FALSE),0) -> 0 | T26: =IF(AND(P26>=$M$9,P26<=$N$9),VLOOKUP(BYT,'Předpis po mesici'!$A$3:$JQ$102,P26+1,FALSE),0) -> 0 | U26: =IF(AND(P26>=$M$9,P26<=$N$9),VLOOKUP(BYT,'Předpis po mesici'!$A$3:$JQ$102,P26+14,FALSE),0) -> 0 | V26: =IF(AND(P26>=$M$9,P26<=$N$9),VLOOKUP(BYT,'Předpis po mesici'!$A$3:$JQ$102,P26+27,FALSE),0) -> 0 | W26: =IF(AND(P26>=$M$9,P26<=$N$9),VLOOKUP(BYT,'Předpis po mesici'!$A$3:$JQ$102,P26+40,FALSE),0) -> 0 | X26: =IF(AND(P26>=$M$9,P26<=$N$9),VLOOKUP(BYT,'Předpis po mesici'!$A$3:$JQ$102,P26+53,FALSE),0) -> 0 | Y26: =IF(AND(P26>=$M$9,P26<=$N$9),VLOOKUP(BYT,'Předpis po mesici'!$A$3:$JQ$102,P26+66,FALSE),0) -> 0 | Z26: =IF(AND(P26>=$M$9,P26<=$N$9),VLOOKUP(BYT,'Předpis po mesici'!$A$3:$JQ$102,P26+92,FALSE),0) -> 0 | AA26: =IF(AND(P26>=$M$9,P26<=$N$9),VLOOKUP(BYT,'Předpis po mesici'!$A$3:$JQ$102,P26+105,FALSE),0) -> 0 | AB26: =IF(AND(P26>=$M$9,P26<=$N$9),VLOOKUP(BYT,'Předpis po mesici'!$A$3:$JQ$102,P26+118,FALSE),0) -> 0 | AC26: =IF(AND(P26>=$M$9,P26<=$N$9),VLOOKUP(BYT,'Předpis po mesici'!$A$3:$JQ$102,P26+131,FALSE),0) -> 0 | AD26: =IF(AND(P26>=$M$9,P26<=$N$9),VLOOKUP(BYT,'Předpis po mesici'!$A$3:$JQ$102,P26+170,FALSE),0) -> 0 | AE26: =IF(AND(P26>=$M$9,P26<=$N$9),VLOOKUP(BYT,'Předpis po mesici'!$A$3:$JQ$102,P26+183,FALSE),0) -> 0 | AF26: =IF(AND(P26>=$M$9,P26<=$N$9),VLOOKUP(BYT,'Předpis po mesici'!$A$3:$JQ$102,P26+196,FALSE),0) -> 0 | AG26: =IF(AND(P26>=$M$9,P26<=$N$9),VLOOKUP(BYT,'Předpis po mesici'!$A$3:$JQ$102,P26+209,FALSE),0) -> 0 | AH26: =IF(AND(P26>=$M$9,P26<=$N$9),VLOOKUP(BYT,'Předpis po mesici'!$A$3:$JQ$102,P26+222,FALSE),0) -> 0 | AI26: =IF(AND(P26>=$M$9,P26<=$N$9),VLOOKUP(BYT,'Předpis po mesici'!$A$3:$JQ$102,P26+157,FALSE),0) -> 0 | AJ26: =IF(AND(P26>=$M$9,P26<=$N$9),VLOOKUP(BYT,'Počet osob'!$A$2:$JR$102,P26+2,FALSE),0) -> 0 | AK26: =IF(AND(P26>=$M$9,P26<=$N$9),VLOOKUP(BYT,'Předpis po mesici'!$A$3:$JQ$102,P26+144,FALSE),0) -> 0 | AL26: =IF(AND(P26>=$M$9,P26<=$N$9),VLOOKUP(BYT,'Předpis po mesici'!$A$3:$JQ$102,P26+248,FALSE),0) -> 0 | AM26: =IF(AND(P26>=$M$9,P26<=$N$9),VLOOKUP(BYT,'Předpis po mesici'!$A$3:$JQ$102,P26+235,FALSE),0) -> 0 | AN26: =IF(AND(P26>=$M$9,P26<=$N$9),VLOOKUP(BYT,'Předpis po mesici'!$A$3:$JQ$102,P26+235,FALSE),0) -> 0
A27: spoluvlastnictví podíl | B27: =VLOOKUP(BYT,Evidence!$A:$Z,9,0) -> 0 | M27: 9 | N27: =IF(AND(M27>=$M$9,M27<=$O$9),VLOOKUP(BYT,uhrady!$A$2:$M$102,M27+1,FALSE),0) -> 0 | P27: 9 | Q27: =IF(AND(P27>=$M$9,P27<=$O$9),VLOOKUP(BYT,'Předpis po mesici'!$A$3:$JQ$102,P27+262,FALSE),0) -> 0 | R27: 9 | S27: =IF(AND(P27>=$M$9,P27<=$N$9),VLOOKUP(BYT,'Předpis po mesici'!$A$3:$JQ$102,P27+79,FALSE),0) -> 0 | T27: =IF(AND(P27>=$M$9,P27<=$N$9),VLOOKUP(BYT,'Předpis po mesici'!$A$3:$JQ$102,P27+1,FALSE),0) -> 0 | U27: =IF(AND(P27>=$M$9,P27<=$N$9),VLOOKUP(BYT,'Předpis po mesici'!$A$3:$JQ$102,P27+14,FALSE),0) -> 0 | V27: =IF(AND(P27>=$M$9,P27<=$N$9),VLOOKUP(BYT,'Předpis po mesici'!$A$3:$JQ$102,P27+27,FALSE),0) -> 0 | W27: =IF(AND(P27>=$M$9,P27<=$N$9),VLOOKUP(BYT,'Předpis po mesici'!$A$3:$JQ$102,P27+40,FALSE),0) -> 0 | X27: =IF(AND(P27>=$M$9,P27<=$N$9),VLOOKUP(BYT,'Předpis po mesici'!$A$3:$JQ$102,P27+53,FALSE),0) -> 0 | Y27: =IF(AND(P27>=$M$9,P27<=$N$9),VLOOKUP(BYT,'Předpis po mesici'!$A$3:$JQ$102,P27+66,FALSE),0) -> 0 | Z27: =IF(AND(P27>=$M$9,P27<=$N$9),VLOOKUP(BYT,'Předpis po mesici'!$A$3:$JQ$102,P27+92,FALSE),0) -> 0 | AA27: =IF(AND(P27>=$M$9,P27<=$N$9),VLOOKUP(BYT,'Předpis po mesici'!$A$3:$JQ$102,P27+105,FALSE),0) -> 0 | AB27: =IF(AND(P27>=$M$9,P27<=$N$9),VLOOKUP(BYT,'Předpis po mesici'!$A$3:$JQ$102,P27+118,FALSE),0) -> 0 | AC27: =IF(AND(P27>=$M$9,P27<=$N$9),VLOOKUP(BYT,'Předpis po mesici'!$A$3:$JQ$102,P27+131,FALSE),0) -> 0 | AD27: =IF(AND(P27>=$M$9,P27<=$N$9),VLOOKUP(BYT,'Předpis po mesici'!$A$3:$JQ$102,P27+170,FALSE),0) -> 0 | AE27: =IF(AND(P27>=$M$9,P27<=$N$9),VLOOKUP(BYT,'Předpis po mesici'!$A$3:$JQ$102,P27+183,FALSE),0) -> 0 | AF27: =IF(AND(P27>=$M$9,P27<=$N$9),VLOOKUP(BYT,'Předpis po mesici'!$A$3:$JQ$102,P27+196,FALSE),0) -> 0 | AG27: =IF(AND(P27>=$M$9,P27<=$N$9),VLOOKUP(BYT,'Předpis po mesici'!$A$3:$JQ$102,P27+209,FALSE),0) -> 0 | AH27: =IF(AND(P27>=$M$9,P27<=$N$9),VLOOKUP(BYT,'Předpis po mesici'!$A$3:$JQ$102,P27+222,FALSE),0) -> 0 | AI27: =IF(AND(P27>=$M$9,P27<=$N$9),VLOOKUP(BYT,'Předpis po mesici'!$A$3:$JQ$102,P27+157,FALSE),0) -> 0 | AJ27: =IF(AND(P27>=$M$9,P27<=$N$9),VLOOKUP(BYT,'Počet osob'!$A$2:$JR$102,P27+2,FALSE),0) -> 0 | AK27: =IF(AND(P27>=$M$9,P27<=$N$9),VLOOKUP(BYT,'Předpis po mesici'!$A$3:$JQ$102,P27+144,FALSE),0) -> 0 | AL27: =IF(AND(P27>=$M$9,P27<=$N$9),VLOOKUP(BYT,'Předpis po mesici'!$A$3:$JQ$102,P27+248,FALSE),0) -> 0 | AM27: =IF(AND(P27>=$M$9,P27<=$N$9),VLOOKUP(BYT,'Předpis po mesici'!$A$3:$JQ$102,P27+235,FALSE),0) -> 0 | AN27: =IF(AND(P27>=$M$9,P27<=$N$9),VLOOKUP(BYT,'Předpis po mesici'!$A$3:$JQ$102,P27+235,FALSE),0) -> 0
A28: výpočet vlastnického podílu | B28: =VLOOKUP(BYT,Evidence!$A:$Z,14,0) -> 0 | M28: 10 | N28: =IF(AND(M28>=$M$9,M28<=$O$9),VLOOKUP(BYT,uhrady!$A$2:$M$102,M28+1,FALSE),0) -> 0 | P28: 10 | Q28: =IF(AND(P28>=$M$9,P28<=$O$9),VLOOKUP(BYT,'Předpis po mesici'!$A$3:$JQ$102,P28+262,FALSE),0) -> 0 | R28: 10 | S28: =IF(AND(P28>=$M$9,P28<=$N$9),VLOOKUP(BYT,'Předpis po mesici'!$A$3:$JQ$102,P28+79,FALSE),0) -> 0 | T28: =IF(AND(P28>=$M$9,P28<=$N$9),VLOOKUP(BYT,'Předpis po mesici'!$A$3:$JQ$102,P28+1,FALSE),0) -> 0 | U28: =IF(AND(P28>=$M$9,P28<=$N$9),VLOOKUP(BYT,'Předpis po mesici'!$A$3:$JQ$102,P28+14,FALSE),0) -> 0 | V28: =IF(AND(P28>=$M$9,P28<=$N$9),VLOOKUP(BYT,'Předpis po mesici'!$A$3:$JQ$102,P28+27,FALSE),0) -> 0 | W28: =IF(AND(P28>=$M$9,P28<=$N$9),VLOOKUP(BYT,'Předpis po mesici'!$A$3:$JQ$102,P28+40,FALSE),0) -> 0 | X28: =IF(AND(P28>=$M$9,P28<=$N$9),VLOOKUP(BYT,'Předpis po mesici'!$A$3:$JQ$102,P28+53,FALSE),0) -> 0 | Y28: =IF(AND(P28>=$M$9,P28<=$N$9),VLOOKUP(BYT,'Předpis po mesici'!$A$3:$JQ$102,P28+66,FALSE),0) -> 0 | Z28: =IF(AND(P28>=$M$9,P28<=$N$9),VLOOKUP(BYT,'Předpis po mesici'!$A$3:$JQ$102,P28+92,FALSE),0) -> 0 | AA28: =IF(AND(P28>=$M$9,P28<=$N$9),VLOOKUP(BYT,'Předpis po mesici'!$A$3:$JQ$102,P28+105,FALSE),0) -> 0 | AB28: =IF(AND(P28>=$M$9,P28<=$N$9),VLOOKUP(BYT,'Předpis po mesici'!$A$3:$JQ$102,P28+118,FALSE),0) -> 0 | AC28: =IF(AND(P28>=$M$9,P28<=$N$9),VLOOKUP(BYT,'Předpis po mesici'!$A$3:$JQ$102,P28+131,FALSE),0) -> 0 | AD28: =IF(AND(P28>=$M$9,P28<=$N$9),VLOOKUP(BYT,'Předpis po mesici'!$A$3:$JQ$102,P28+170,FALSE),0) -> 0 | AE28: =IF(AND(P28>=$M$9,P28<=$N$9),VLOOKUP(BYT,'Předpis po mesici'!$A$3:$JQ$102,P28+183,FALSE),0) -> 0 | AF28: =IF(AND(P28>=$M$9,P28<=$N$9),VLOOKUP(BYT,'Předpis po mesici'!$A$3:$JQ$102,P28+196,FALSE),0) -> 0 | AG28: =IF(AND(P28>=$M$9,P28<=$N$9),VLOOKUP(BYT,'Předpis po mesici'!$A$3:$JQ$102,P28+209,FALSE),0) -> 0 | AH28: =IF(AND(P28>=$M$9,P28<=$N$9),VLOOKUP(BYT,'Předpis po mesici'!$A$3:$JQ$102,P28+222,FALSE),0) -> 0 | AI28: =IF(AND(P28>=$M$9,P28<=$N$9),VLOOKUP(BYT,'Předpis po mesici'!$A$3:$JQ$102,P28+157,FALSE),0) -> 0 | AJ28: =IF(AND(P28>=$M$9,P28<=$N$9),VLOOKUP(BYT,'Počet osob'!$A$2:$JR$102,P28+2,FALSE),0) -> 0 | AK28: =IF(AND(P28>=$M$9,P28<=$N$9),VLOOKUP(BYT,'Předpis po mesici'!$A$3:$JQ$102,P28+144,FALSE),0) -> 0 | AL28: =IF(AND(P28>=$M$9,P28<=$N$9),VLOOKUP(BYT,'Předpis po mesici'!$A$3:$JQ$102,P28+248,FALSE),0) -> 0 | AM28: =IF(AND(P28>=$M$9,P28<=$N$9),VLOOKUP(BYT,'Předpis po mesici'!$A$3:$JQ$102,P28+235,FALSE),0) -> 0 | AN28: =IF(AND(P28>=$M$9,P28<=$N$9),VLOOKUP(BYT,'Předpis po mesici'!$A$3:$JQ$102,P28+235,FALSE),0) -> 0
A29: externí výpočet nákladů tepla | B29: =VLOOKUP(BYT,Teplo!$A:$J,10,0) -> 0 | D29: Kontrola předpis/vyúčtování | M29: 11 | N29: =IF(AND(M29>=$M$9,M29<=$O$9),VLOOKUP(BYT,uhrady!$A$2:$M$102,M29+1,FALSE),0) -> 0 | P29: 11 | Q29: =IF(AND(P29>=$M$9,P29<=$O$9),VLOOKUP(BYT,'Předpis po mesici'!$A$3:$JQ$102,P29+262,FALSE),0) -> 0 | R29: 11 | S29: =IF(AND(P29>=$M$9,P29<=$N$9),VLOOKUP(BYT,'Předpis po mesici'!$A$3:$JQ$102,P29+79,FALSE),0) -> 0 | T29: =IF(AND(P29>=$M$9,P29<=$N$9),VLOOKUP(BYT,'Předpis po mesici'!$A$3:$JQ$102,P29+1,FALSE),0) -> 0 | U29: =IF(AND(P29>=$M$9,P29<=$N$9),VLOOKUP(BYT,'Předpis po mesici'!$A$3:$JQ$102,P29+14,FALSE),0) -> 0 | V29: =IF(AND(P29>=$M$9,P29<=$N$9),VLOOKUP(BYT,'Předpis po mesici'!$A$3:$JQ$102,P29+27,FALSE),0) -> 0 | W29: =IF(AND(P29>=$M$9,P29<=$N$9),VLOOKUP(BYT,'Předpis po mesici'!$A$3:$JQ$102,P29+40,FALSE),0) -> 0 | X29: =IF(AND(P29>=$M$9,P29<=$N$9),VLOOKUP(BYT,'Předpis po mesici'!$A$3:$JQ$102,P29+53,FALSE),0) -> 0 | Y29: =IF(AND(P29>=$M$9,P29<=$N$9),VLOOKUP(BYT,'Předpis po mesici'!$A$3:$JQ$102,P29+66,FALSE),0) -> 0 | Z29: =IF(AND(P29>=$M$9,P29<=$N$9),VLOOKUP(BYT,'Předpis po mesici'!$A$3:$JQ$102,P29+92,FALSE),0) -> 0 | AA29: =IF(AND(P29>=$M$9,P29<=$N$9),VLOOKUP(BYT,'Předpis po mesici'!$A$3:$JQ$102,P29+105,FALSE),0) -> 0 | AB29: =IF(AND(P29>=$M$9,P29<=$N$9),VLOOKUP(BYT,'Předpis po mesici'!$A$3:$JQ$102,P29+118,FALSE),0) -> 0 | AC29: =IF(AND(P29>=$M$9,P29<=$N$9),VLOOKUP(BYT,'Předpis po mesici'!$A$3:$JQ$102,P29+131,FALSE),0) -> 0 | AD29: =IF(AND(P29>=$M$9,P29<=$N$9),VLOOKUP(BYT,'Předpis po mesici'!$A$3:$JQ$102,P29+170,FALSE),0) -> 0 | AE29: =IF(AND(P29>=$M$9,P29<=$N$9),VLOOKUP(BYT,'Předpis po mesici'!$A$3:$JQ$102,P29+183,FALSE),0) -> 0 | AF29: =IF(AND(P29>=$M$9,P29<=$N$9),VLOOKUP(BYT,'Předpis po mesici'!$A$3:$JQ$102,P29+196,FALSE),0) -> 0 | AG29: =IF(AND(P29>=$M$9,P29<=$N$9),VLOOKUP(BYT,'Předpis po mesici'!$A$3:$JQ$102,P29+209,FALSE),0) -> 0 | AH29: =IF(AND(P29>=$M$9,P29<=$N$9),VLOOKUP(BYT,'Předpis po mesici'!$A$3:$JQ$102,P29+222,FALSE),0) -> 0 | AI29: =IF(AND(P29>=$M$9,P29<=$N$9),VLOOKUP(BYT,'Předpis po mesici'!$A$3:$JQ$102,P29+157,FALSE),0) -> 0 | AJ29: =IF(AND(P29>=$M$9,P29<=$N$9),VLOOKUP(BYT,'Počet osob'!$A$2:$JR$102,P29+2,FALSE),0) -> 0 | AK29: =IF(AND(P29>=$M$9,P29<=$N$9),VLOOKUP(BYT,'Předpis po mesici'!$A$3:$JQ$102,P29+144,FALSE),0) -> 0 | AL29: =IF(AND(P29>=$M$9,P29<=$N$9),VLOOKUP(BYT,'Předpis po mesici'!$A$3:$JQ$102,P29+248,FALSE),0) -> 0 | AM29: =IF(AND(P29>=$M$9,P29<=$N$9),VLOOKUP(BYT,'Předpis po mesici'!$A$3:$JQ$102,P29+235,FALSE),0) -> 0 | AN29: =IF(AND(P29>=$M$9,P29<=$N$9),VLOOKUP(BYT,'Předpis po mesici'!$A$3:$JQ$102,P29+235,FALSE),0) -> 0
A30: Fond oprav | B30: =VLOOKUP(BYT,'Předpis po mesici'!1:1048576,92,0) -> 0 | D30: =VLOOKUP(BYT,'Předpis po mesici'!1:1048576,275,0)-'Vyúčtování byt - 1.část'!B35-'Vyúčtování byt - 1.část'!J31 -> 0 | E30: =IF(D30=0,"OK","Něco nevychází") -> 0 | M30: 12 | N30: =IF(AND(M30>=$M$9,M30<=$O$9),VLOOKUP(BYT,uhrady!$A$2:$M$102,M30+1,FALSE),0) -> 0 | P30: 12 | Q30: =IF(AND(P30>=$M$9,P30<=$O$9),VLOOKUP(BYT,'Předpis po mesici'!$A$3:$JQ$102,P30+262,FALSE),0) -> 0 | R30: 12 | S30: =IF(AND(P30>=$M$9,P30<=$N$9),VLOOKUP(BYT,'Předpis po mesici'!$A$3:$JQ$102,P30+79,FALSE),0) -> 0 | T30: =IF(AND(P30>=$M$9,P30<=$N$9),VLOOKUP(BYT,'Předpis po mesici'!$A$3:$JQ$102,P30+1,FALSE),0) -> 0 | U30: =IF(AND(P30>=$M$9,P30<=$N$9),VLOOKUP(BYT,'Předpis po mesici'!$A$3:$JQ$102,P30+14,FALSE),0) -> 0 | V30: =IF(AND(P30>=$M$9,P30<=$N$9),VLOOKUP(BYT,'Předpis po mesici'!$A$3:$JQ$102,P30+27,FALSE),0) -> 0 | W30: =IF(AND(P30>=$M$9,P30<=$N$9),VLOOKUP(BYT,'Předpis po mesici'!$A$3:$JQ$102,P30+40,FALSE),0) -> 0 | X30: =IF(AND(P30>=$M$9,P30<=$N$9),VLOOKUP(BYT,'Předpis po mesici'!$A$3:$JQ$102,P30+53,FALSE),0) -> 0 | Y30: =IF(AND(P30>=$M$9,P30<=$N$9),VLOOKUP(BYT,'Předpis po mesici'!$A$3:$JQ$102,P30+66,FALSE),0) -> 0 | Z30: =IF(AND(P30>=$M$9,P30<=$N$9),VLOOKUP(BYT,'Předpis po mesici'!$A$3:$JQ$102,P30+92,FALSE),0) -> 0 | AA30: =IF(AND(P30>=$M$9,P30<=$N$9),VLOOKUP(BYT,'Předpis po mesici'!$A$3:$JQ$102,P30+105,FALSE),0) -> 0 | AB30: =IF(AND(P30>=$M$9,P30<=$N$9),VLOOKUP(BYT,'Předpis po mesici'!$A$3:$JQ$102,P30+118,FALSE),0) -> 0 | AC30: =IF(AND(P30>=$M$9,P30<=$N$9),VLOOKUP(BYT,'Předpis po mesici'!$A$3:$JQ$102,P30+131,FALSE),0) -> 0 | AD30: =IF(AND(P30>=$M$9,P30<=$N$9),VLOOKUP(BYT,'Předpis po mesici'!$A$3:$JQ$102,P30+170,FALSE),0) -> 0 | AE30: =IF(AND(P30>=$M$9,P30<=$N$9),VLOOKUP(BYT,'Předpis po mesici'!$A$3:$JQ$102,P30+183,FALSE),0) -> 0 | AF30: =IF(AND(P30>=$M$9,P30<=$N$9),VLOOKUP(BYT,'Předpis po mesici'!$A$3:$JQ$102,P30+196,FALSE),0) -> 0 | AG30: =IF(AND(P30>=$M$9,P30<=$N$9),VLOOKUP(BYT,'Předpis po mesici'!$A$3:$JQ$102,P30+209,FALSE),0) -> 0 | AH30: =IF(AND(P30>=$M$9,P30<=$N$9),VLOOKUP(BYT,'Předpis po mesici'!$A$3:$JQ$102,P30+222,FALSE),0) -> 0 | AI30: =IF(AND(P30>=$M$9,P30<=$N$9),VLOOKUP(BYT,'Předpis po mesici'!$A$3:$JQ$102,P30+157,FALSE),0) -> 0 | AJ30: =IF(AND(P30>=$M$9,P30<=$N$9),VLOOKUP(BYT,'Počet osob'!$A$2:$JR$102,P30+2,FALSE),0) -> 0 | AK30: =IF(AND(P30>=$M$9,P30<=$N$9),VLOOKUP(BYT,'Předpis po mesici'!$A$3:$JQ$102,P30+144,FALSE),0) -> 0 | AL30: =IF(AND(P30>=$M$9,P30<=$N$9),VLOOKUP(BYT,'Předpis po mesici'!$A$3:$JQ$102,P30+248,FALSE),0) -> 0 | AM30: =IF(AND(P30>=$M$9,P30<=$N$9),VLOOKUP(BYT,'Předpis po mesici'!$A$3:$JQ$102,P30+235,FALSE),0) -> 0 | AN30: =IF(AND(P30>=$M$9,P30<=$N$9),VLOOKUP(BYT,'Předpis po mesici'!$A$3:$JQ$102,P30+235,FALSE),0) -> 0
A31: Adresa nemovitosti | B31: Kníničky č.ev. 318, 635 00 Brno | P31: CELKEM | S31: =SUM(S19:S30) -> 0 | T31: =SUM(T19:T30) -> 0 | U31: =SUM(U19:U30) -> 0 | V31: =SUM(V19:V30) -> 0 | W31: =SUM(W19:W30) -> 0 | X31: =SUM(X19:X30) -> 0 | Y31: =SUM(Y19:Y30) -> 0 | Z31: =SUM(Z19:Z30) -> 0 | ... AN31: =SUM(AN19:AN30) -> 0
A32: Vyplacení vyúčtování do | B32: Přeplatky a nedoplatky z vyúčtování jsou splatné nejpozději do 7 (sedmi) měsíců od skončení zúčtovacího období.
A33: Reklamace nejpozději do | B33: Případné reklamace uplatněte výhradně písemnou (elektronickou) formou na adrese správce (viz. záhlaví) nejpozději do 30 dnů od doručení vyúčtování včetně případné změny Vašeho osobního účtu pro vyplacení přeplatku.
A34: Správce nemovitosti | B34: AdminReal, s.r.o.
A35: Číslo účtu společenství | B35: 2701656546/2010
A36: Předčíslí čísla účtu | B36: 000000
A37: číslo účtu | B37: 2701656546
A38: Kód banky | B38: 2010
A39: Příjem SVJ | B39: 0
A40: Náklady SVJ | B40: 0
A45: MENU
A46: VÝSTUPY | B46: MĚŘIDLA A DATA | C46: EVIDENCE | E46: EXPORT
A47: Vstupní data | B47: Vodoměry TUV | C47: Evidence | E47: Bytové domy
A48: Vyúčtování | B48: Vodoměry SV | C48: Úhrady | E48: Odečty formulář
A49: Příjem SVJ včetně výdajů | B49: Teplo | C49: Přeplatky a nedoplatky | E49: Export send mail
A50: Příjem SVJ bez výdajů | B50: Elektroměry | C50: Předpisy - výpočet
A51: Náklady za dům | B51: Výtahy
A52: Faktury | B52: Počet osob
A53: Rozpočet domu | B53: Předpisy po měsící
A54: Parametry | B54: Faktury za služby
A58: Správcovské firmy | B58: Logo
A59: AdminReal | B59: =_xlfn.IMAGE("https://i.imgur.com/5Ij2NpI.png") -> 0
A60: BrnoReal | B60: =_xlfn.IMAGE("https://i.imgur.com/zfj1KPi.png") -> 0

Sheet Výpočet
A1: 0
A3: Služby | B3: Column1 | C3: Column2 | D3: Column3 | E3: Column4 | F3: Column5 | G3: Column6 | H3: Column7 | I3: Column8 | J3: Column9 | K3: Column10 | L3: Column11 | M3: Column12 | N3: Column13 | O3: Column14 | P3: Column15 | Q3: Column16 | R3: Column17 | S3: Column18 | T3: Column19 | U3: Column20 | V3: Column21 | W3: Column22 | X3: Column23
A4: Sumy služeb z vyúčtování
A5: Součet u jednotek z vyúčtování | B5: =ROUND(SUM(B7:B101),2) -> 0 | C5: =ROUND(SUM(C7:C102),2) -> 0 | D5: =ROUND(SUM(D7:D102),2) -> 0 | E5: =ROUND(SUM(E7:E102),2) -> 0 | F5: =ROUND(SUM(F7:F102),2) -> 0 | G5: =ROUND(SUM(G7:G102),2) -> 0 | H5: =ROUND(SUM(H7:H102),2) -> 0 | I5: =ROUND(SUM(I7:I102),2) -> 0 | J5: =ROUND(SUM(J7:J102),2) -> 0 | ... X5: =ROUND(SUM(X7:X102),2) -> 0
A6: Výsledek | B6: =IF(B4-B5=0,"OK",B4-B5) -> 0 | C6: =IF(C4-C5=0,"OK",C4-C5) -> 0 | D6: =IF(D4-D5=0,"OK",D4-D5) -> 0 | E6: =IF(E4-E5=0,"OK",E4-E5) -> 0 | F6: =IF(F4-F5=0,"OK",F4-F5) -> 0 | G6: =IF(G4-G5=0,"OK",G4-G5) -> 0 | H6: =IF(H4-H5=0,"OK",H4-H5) -> 0 | I6: =IF(I4-I5=0,"OK",I4-I5) -> 0 | ... X6: =IF(X4-X5=0,"OK",X4-X5) -> 0
AH11: Elektřina
AH12: Úklid bytového domu
AH13: Komíny
AH14: Výtah
AH15: Poštovné
AH16: Pojištění domu
AH17: Vodné (teplá voda)
AH18: Vodné (studená voda)
AH19: Ohřev teplé vody (30)
AH20: Ohřev teplé vody (70)
AH21: Ostatní náklady - UPC
AH22: Teplo
... AH34: Výpočet výtah pro dva vchody Úvoz

Sheet Předpisy - navýšení o částku
A3: Služby | B3: Column1 | C3: Column2 | D3: Column3 | E3: Column4 | F3: Column5 | G3: Column6 | H3: Column7 | I3: Column8 | J3: Column9 | K3: Column10 | L3: Column11 | M3: Column12 | N3: Column13 | O3: Column14 | P3: Column15 | Q3: Column16 | R3: Column17 | S3: Column18 | T3: Column19 | U3: Column20 | V3: Column21 | W3: Column22 | X3: Column23 | Y3: Column24 | Z3: Column25
A5: Součet | B5: =ROUND(SUM(B7:B101),2) -> 0 | C5: =ROUND(SUM(C7:C102),2) -> 0 | D5: =ROUND(SUM(D7:D102),2) -> 0 | E5: =ROUND(SUM(E7:E102),2) -> 0 | F5: =ROUND(SUM(F7:F102),2) -> 0 | G5: =ROUND(SUM(G7:G102),2) -> 0 | H5: =ROUND(SUM(H7:H102),2) -> 0 | I5: =ROUND(SUM(I7:I102),2) -> 0 | J5: =ROUND(SUM(J7:J102),2) -> 0 | ... V5: =ROUND(SUM(V7:V102),2) -> 0 | Z5: =ROUND(SUM(Z7:Z102),2) -> 0
A6: ---
AJ11: Elektřina
AJ12: Úklid bytového domu
AJ13: Komíny
AJ14: Výtah
AJ15: Poštovné
AJ16: Pojištění domu
AJ17: Vodné (teplá voda)
AJ18: Vodné (studená voda)
AJ19: Ohřev teplé vody (30)
AJ20: Ohřev teplé vody (70)
AJ21: Ostatní náklady - UPC
AJ22: Teplo
... AJ34: Výpočet výtah pro dva vchody Úvoz

Sheet Předpisy - navýšení o procento
A1: 0
A3: Služby | B3: Elektřina | C3: Úklid bytového domu | D3: Komíny | E3: Výtah | F3: Fond oprav nebytových prostor | G3: Pojištění domu | H3: Ohřev teplé vody (TUV) | I3: Fond oprav | J3: Vodné (studená voda) | K3: Ostatní náklady - UPC | L3: Ostatní náklady (garáž a sklepy) | M3: Vodné (teplá voda) | N3: Teplo | O3: Poplatek za psa | P3: 0 | Q3: 02 | R3: Odměna statutárům | S3: Ostatní nájemné | T3: Ostatní služby | U3: Správa domu | V3: Záloha měsíčně (nová do OS) Celkem | W3: Záloha měsíčně (aktuální) | X3: Fond oprav měsíčně | Y3: Nová záloha + Fond oprav měsíčně | Z3: Aktuální záloha + Fond oprav měsíčně
A5: Součet | B5: =ROUND(SUM(B7:B101),2) -> 0 | C5: =ROUND(SUM(C7:C102),2) -> 0 | D5: =ROUND(SUM(D7:D102),2) -> 0 | E5: =ROUND(SUM(E7:E102),2) -> 0 | F5: =ROUND(SUM(F7:F102),2) -> 0 | G5: =ROUND(SUM(G7:G102),2) -> 0 | H5: =ROUND(SUM(H7:H102),2) -> 0 | I5: =ROUND(SUM(I7:I102),2) -> 0 | J5: =ROUND(SUM(J7:J102),2) -> 0 | ... V5: =ROUND(SUM(V7:V102),2) -> 0 | Z5: =ROUND(SUM(Z7:Z102),2) -> 0
A6: ---
AJ11: Elektřina
AJ12: Úklid bytového domu
AJ13: Komíny
AJ14: Výtah
AJ15: Poštovné
AJ16: Pojištění domu
AJ17: Vodné (teplá voda)
AJ18: Vodné (studená voda)
AJ19: Ohřev teplé vody (30)
AJ20: Ohřev teplé vody (70)
AJ21: Ostatní náklady - UPC
AJ22: Teplo
... AJ34: Výpočet výtah pro dva vchody Úvoz

Sheet Tisk
B3: Cesta & jméno souboru | C3: Jméno | D3: Příjmení | E3: Adresa | F3: Email | G3: Mobil | H3: Bytový dům | I3: Jednotka číslo

Sheet Tisk příjmu SVJ
B3: Cesta & jméno souboru | C3: Jméno | D3: Příjmení | E3: Adresa | F3: Email | G3: Mobil | H3: Bytový dům | I3: Jednotka číslo

Sheet Faktury
A1: =BYT -> 0 | C1: Způsob rozúčtování | D1: Podíl | E1: Náklad za rok | F1: Jednotek (dům) | G1: Kč/jedn (dům) | H1: Jednotek (uživatel) | I1: Náklad (uživatel) | J1: Záloha (uživatel) | K1: Přeplatky/nedoplatky | L1: Faktura součet bez zohlednění měsíců
A2: Fond oprav | C2: nevyúčtovává se | E2: 0
A3: Fond společenství | C3: na byt | D3: 100 | E3: 100703.8 | F3: 22 | G3: =ROUND(IF(E3=0,0,E3/F3),2) -> 0 | H3: =(IF(BYT="Bazén č. 318/23",0,1))/12*VD_počet_měsíců_úžívání -> 0 | I3: =ROUND(G3*H3,2) -> 0 | J3: ='vstupní data'!X31 -> 0 | K3: =ROUND(J3-I3,2) -> 0
A4: Správa | C4: na byt | D4: 100 | E4: 56005 | F4: 22 | G4: =ROUND(IF(E4=0,0,E4/F4),2) -> 0 | H4: =(IF(BYT="Bazén č. 318/23",0,1))/12*VD_počet_měsíců_úžívání -> 0 | I4: =G4*H4 -> 0 | J4: ='vstupní data'!T31 -> 0 | K4: =ROUND(J4-I4,2) -> 0
A5: Vodné a stočné | C5: odečet SV | D5: 100 | E5: 167208 | F5: =ROUND('Vodoměry SV'!I104,2)+'Vodoměry TUV'!I115 -> 0 | G5: =ROUND(IF(E5=0,0,E5/F5),2) -> 0 | H5: =VD_odečet_SV_vody_za_daný_rok+VD_odečet_TUV_za_daný_rok -> 0 | I5: =ROUND(G5*H5,2) -> 0 | J5: ='vstupní data'!U31 -> 0 | K5: =ROUND(J5-I5,2) -> 0
A6: Teplo | C6: externí | D6: 100 | E6: 153365 | F6: - | G6: - | H6: - | I6: =ROUND(LOOKUP('vstupní data'!B4,Teplo!A:A,Teplo!J:J),2) -> 0 | J6: ='vstupní data'!V31 -> 0 | K6: =ROUND(J6-I6,2) -> 0
A7: Ohřev teplé vody (TUV) | C7: 0 | D7: 0 | E7: 0 | F7: 0 | G7: 0 | H7: 0 | I7: 0 | J7: 0 | K7: 0
A8: Elektřina | C8: vlastnický podíl | D8: 100 | E8: 99606 | F8: 100 | G8: =ROUND(IF(E8=0,0,E8/F8),2) -> 0 | H8: =ROUND(VD_výpočet_vlastnického_podílu/12*VD_počet_měsíců_úžívání,2) -> 0 | I8: =ROUND(G8*H8,2) -> 0 | J8: ='vstupní data'!Z31 -> 0 | K8: =ROUND(J8-I8,2) -> 0
A9: Úklid vnitřní | C9: vlastnický podíl | D9: 100 | E9: 56460 | F9: 100 | G9: =ROUND(IF(E9=0,0,E9/F9),2) -> 0 | H9: =ROUND(VD_výpočet_vlastnického_podílu/12*VD_počet_měsíců_úžívání,2) -> 0 | I9: =ROUND(G9*H9,2) -> 0 | J9: ='vstupní data'!AA31 -> 0 | K9: =ROUND(J9-I9,2) -> 0
A10: Úklid venkovní, sekání trávy a zimní údržba | C10: 0 | D10: 0 | E10: 0 | F10: 0 | G10: 0 | H10: 0 | I10: 0 | J10: 0 | K10: 0
A11: Pojištění domu | C11: vlastnický podíl | D11: 100 | E11: 33140 | F11: 100 | G11: =ROUND(IF(E11=0,0,E11/F11),2) -> 0 | H11: =ROUND(VD_výpočet_vlastnického_podílu/12*VD_počet_měsíců_úžívání,2) -> 0 | I11: =ROUND(G11*H11,2) -> 0 | J11: ='vstupní data'!Y31 -> 0 | K11: =ROUND(J11-I11,2) -> 0
A12: Bazén | C12: rovným dílem 1/22 | D12: 100 | E12: 42746 | F12: 22 | G12: =IF(BYT="Bazén č. 318/23",0,ROUND(IF(E12=0,0,E12/F12),2)) -> 0 | H12: =(IF(BYT="Bazén č. 318/23",0,1))/12*VD_počet_měsíců_úžívání -> 0 | I12: =G12*H12 -> 0 | J12: ='vstupní data'!AB31 -> 0 | K12: =ROUND(J12-I12,2) -> 0
A13: Ostatní nájemné | C13: 0 | D13: 0 | E13: 0 | F13: 0 | G13: 0 | H13: 0 | I13: 0 | J13: 0 | K13: 0
A14: Úklid venkovní | C14: vlastnický podíl | D14: 100 | E14: 27725 | F14: 100 | G14: =ROUND(IF(E14=0,0,E14/F14),2) -> 0 | H14: =ROUND(VD_výpočet_vlastnického_podílu/12*IF('vstupní data'!$D$15="první část roku",'vstupní data'!$B$15,'vstupní data'!$C$15),2) -> 0 | I14: =ROUND(G14*H14,2) -> 0 | J14: ='vstupní data'!AH31 -> 0 | K14: =ROUND(J14-I14,2) -> 0
A15: Odměna výboru | C15: 0 | D15: 0 | E15: 0 | F15: 0 | G15: 0 | H15: 0 | I15: 0 | J15: 0 | K15: 0
A16: Prázdné | C16: 0 | D16: 0 | E16: 0 | F16: 0 | G16: 0 | H16: 0 | I16: 0 | J16: 0 | K16: 0
A17: Prázdné | C17: 0 | D17: 0 | E17: 0 | F17: 0 | G17: 0 | H17: 0 | I17: 0 | J17: 0 | K17: 0
A18: Účetnictví SVJ | C18: 0 | D18: 0 | E18: 0 | F18: 0 | G18: 0 | H18: 0 | I18: 0 | J18: 0 | K18: 0
A19: Prázdné | C19: 0 | D19: 0 | E19: 0 | F19: 0 | G19: 0 | H19: 0 | I19: 0 | J19: 0 | K19: 0
A20: Elektřina - garáže | C20: 0 | D20: 0 | E20: 0 | F20: 0 | G20: 0 | H20: 0 | I20: 0 | J20: 0 | K20: 0
A21: Servisy | C21: 0 | D21: 0 | E21: 0 | F21: 0 | G21: 0 | H21: 0 | I21: 0 | J21: 0 | K21: 0
A22: Ohřev teplé vody (70) | C22: odečty TUV | D22: ='vstupní data'!D46 -> 0 | E22: 76347 | F22: ='Vodoměry TUV'!I115 -> 0 | G22: =ROUND(IF(E22=0,0,E22/F22),2) -> 0 | H22: =VD_odečet_TUV_za_daný_rok -> 0 | I22: =ROUND(G22*H22,2) -> 0 | J22: ='vstupní data'!W31 -> 0 | K22: =ROUND(J22-I22-I23,2) -> 0
A23: Ohřev teplé vody (30) | C23: m2 celkové plochy | D23: 30 | E23: 32720 | F23: 1315,6 | G23: =ROUND(IF(E23=0,0,E23/F23),2) -> 0 | H23: =(VD_započitatelná_plocha_jednotky)/12*VD_počet_měsíců_úžívání -> 0 | I23: =ROUND(G23*H23,2) -> 0 | J23: 0

Sheet Evidence
A1: Jednotky | B1: Jméno a příjmení | C1: Adresa | D1: Email | E1: Telefon | F1: Počet komínů | G1: Celková výměra bytu | H1: Započítatelná výměra bytu | I1: Podíl v domě | J1: Variabilní symbol | K1: Bankovní spojení | L1: Podíl v domě (za závorkou) | M1: Podíl v domě (před závorokou bez podílu za závorkou) | N1: Podíl | O1: Pomocný výpočet | P1: V evidenci od | Q1: V evidenci do | R1: Počet měsíců užívání | V1: V.S. pro platbu nedoplatku | W1: Provazníkova garáže
A2: Bazén č. 318/23 | B2: Igor Bažant | C2: U Hřiště 299, 664 34 Moravské Knínice | F2: 0 | G2: 57.5 | H2: 0 | I2: 0 | J2: 23 | L2: =IF(I2=0,0,RIGHT(I2,LEN(I2)-SEARCH("/",I2,1))) -> 0 | M2: =SUBSTITUTE(O2,L2,"") -> 0 | N2: =IF(L2=0,0,ROUND(M2/L2,5)*100) -> 0 | O2: =SUBSTITUTE(I2,"/","") -> 0 | P2: 1.1.2024 | Q2: 31.12.2024 | R2: 1.1.2024 - 31.12.2024 | V2: 239
A3: Jednotka č. 318/01 | B3: Ing. Miloš Dvořák | C3: Kratochvilka 157, 664 91 Kratochvilka | D3: milos.dvorak1@gmail.com | E3: 607 869 183 | F3: 0 | G3: 76.4 | H3: 71.8 | I3: 764/14238 | J3: 318001 | K3: 199573155/0300 | L3: =IF(I3=0,0,RIGHT(I3,LEN(I3)-SEARCH("/",I3,1))) -> 0 | M3: =SUBSTITUTE(O3,L3,"") -> 0 | N3: =IF(L3=0,0,ROUND(M3/L3,5)*100) -> 0 | O3: =SUBSTITUTE(I3,"/","") -> 0 | P3: 01.10.2024 | Q3: 31.12.2024 | R3: 01.10.2024 - 31.12.2024 | V3: 3180019
A4: Jednotka č. 318/01 P | B4: Radana Pařízková | C4: Svážná 382/2, 634 00 Brno | D4: rparizkova@centrum.cz | E4: 723345665 | F4: 0 | G4: 76.4 | H4: 71.8 | I4: 764/14238 | J4: 1 | K4: 1102999163/0800 | L4: =IF(I4=0,0,RIGHT(I4,LEN(I4)-SEARCH("/",I4,1))) -> 0 | M4: =SUBSTITUTE(O4,L4,"") -> 0 | N4: =IF(L4=0,0,ROUND(M4/L4,5)*100) -> 0 | O4: =SUBSTITUTE(I4,"/","") -> 0 | P4: 1.1.2024 | Q4: 30.09.2024 | R4: 1.1.2024 - 30.09.2024 | V4: 19
A5: Jednotka č. 318/02 | B5: Ing. Ivana Tošovská | C5: Vackova 1064/39, 602 00 Brno | D5: tosovska@fiedlerreality.cz | E5: 605268505 | F5: 0 | G5: 34.9 | H5: 30 | I5: 349/14238 | J5: 2 | K5: 366666667/0300 | L5: =IF(I5=0,0,RIGHT(I5,LEN(I5)-SEARCH("/",I5,1))) -> 0 | M5: =SUBSTITUTE(O5,L5,"") -> 0 | N5: =IF(L5=0,0,ROUND(M5/L5,5)*100) -> 0 | O5: =SUBSTITUTE(I5,"/","") -> 0 | P5: 1.1.2024 | Q5: 31.12.2024 | R5: 1.1.2024 - 31.12.2024 | V5: 29
A6: Jednotka č. 318/03 | B6: Igor Pelka | C6: Zborovská 937/1, 616 00 Brno | D6: Pelkova.K@seznam.cz | E6: 721716526 | F6: 0 | G6: 45.3 | H6: 40.7 | I6: 453/14238 | J6: 3 | K6: 230226726/0300 | L6: =IF(I6=0,0,RIGHT(I6,LEN(I6)-SEARCH("/",I6,1))) -> 0 | M6: =SUBSTITUTE(O6,L6,"") -> 0 | N6: =IF(L6=0,0,ROUND(M6/L6,5)*100) -> 0 | O6: =SUBSTITUTE(I6,"/","") -> 0 | P6: 1.1.2024 | Q6: 31.12.2024 | R6: 1.1.2024 - 31.12.2024 | V6: 39
A7: Jednotka č. 318/04 | B7: Alena Šťastná | C7: Okružní 4551, 760 05 Zlín | D7: denisastastna@seznam.cz | E7: 777193533 | F7: 0 | G7: 82.8 | H7: 78.2 | I7: 828/14238 | J7: 4 | K7: 35-3652840287/0100 | L7: =IF(I7=0,0,RIGHT(I7,LEN(I7)-SEARCH("/",I7,1))) -> 0 | M7: =SUBSTITUTE(O7,L7,"") -> 0 | N7: =IF(L7=0,0,ROUND(M7/L7,5)*100) -> 0 | O7: =SUBSTITUTE(I7,"/","") -> 0 | P7: 1.1.2024 | Q7: 31.12.2024 | R7: 1.1.2024 - 31.12.2024 | V7: 49
A8: Jednotka č. 318/05 | B8: Mgr. David Liškutin | C8: Elišky Machové 1173/37, 616 00 Brno | D8: david.liskutin@gmail.com | E8: 776012553 | F8: 0 | G8: 65.1 | H8: 60.2 | I8: 651/14238 | J8: 5 | K8: 35-4832120257/0100 | L8: =IF(I8=0,0,RIGHT(I8,LEN(I8)-SEARCH("/",I8,1))) -> 0 | M8: =SUBSTITUTE(O8,L8,"") -> 0 | N8: =IF(L8=0,0,ROUND(M8/L8,5)*100) -> 0 | O8: =SUBSTITUTE(I8,"/","") -> 0 | P8: 1.1.2024 | Q8: 31.12.2024 | R8: 1.1.2024 - 31.12.2024 | V8: 59
A9: Jednotka č. 318/06 | B9: Ing. Ivana Tošovská | C9: Vackova 1064/39, 602 00 Brno | D9: tosovska@fiedlerreality.cz | E9: 605268505 | F9: 0 | G9: 61.1 | H9: 54.9 | I9: 611/14238 | J9: 6 | K9: 366666667/0300 | L9: =IF(I9=0,0,RIGHT(I9,LEN(I9)-SEARCH("/",I9,1))) -> 0 | M9: =SUBSTITUTE(O9,L9,"") -> 0 | N9: =IF(L9=0,0,ROUND(M9/L9,5)*100) -> 0 | O9: =SUBSTITUTE(I9,"/","") -> 0 | P9: 1.1.2024 | Q9: 31.12.2024 | R9: 1.1.2024 - 31.12.2024 | V9: 69
A10: Jednotka č. 318/07 | B10: Mgr. Nikolaj Zakreničnyj | C10: Denisovo náměstí 512/4, 746 01 Opava | D10: zakrenicnyj@gmail.com | E10: 774192856 | F10: 0 | G10: 73.4 | H10: 68.2 | I10: 734/14238 | J10: 7 | K10: 2656625053/0800 | L10: =IF(I10=0,0,RIGHT(I10,LEN(I10)-SEARCH("/",I10,1))) -> 0 | M10: =SUBSTITUTE(O10,L10,"") -> 0 | N10: =IF(L10=0,0,ROUND(M10/L10,5)*100) -> 0 | O10: =SUBSTITUTE(I10,"/","") -> 0 | P10: 1.1.2024 | Q10: 31.12.2024 | R10: 1.1.2024 - 31.12.2024 | V10: 79
A11: Jednotka č. 318/08 | B11: Ing. Marek Filistein | C11: Kníničky 318, 635 00 Brno | D11: filikamen@gmail.com | E11: 728883809 | F11: 0 | G11: 70.5 | H11: 65.3 | I11: 705/14238 | J11: 8 | K11: 199125766/0300 | L11: =IF(I11=0,0,RIGHT(I11,LEN(I11)-SEARCH("/",I11,1))) -> 0 | M11: =SUBSTITUTE(O11,L11,"") -> 0 | N11: =IF(L11=0,0,ROUND(M11/L11,5)*100) -> 0 | O11: =SUBSTITUTE(I11,"/","") -> 0 | P11: 1.1.2024 | Q11: 31.12.2024 | R11: 1.1.2024 - 31.12.2024 | V11: 89
A12: Jednotka č. 318/09 | B12: MUDr. Sylva Urbančíková | C12: Ondrova 62/62, 635 00 Brno | D12: sylva.u@centrum.cz | E12: 604505327 | F12: 0 | G12: 62.8 | H12: 57.7 | I12: 628/14238 | J12: 9 | K12: 1518756093/0800 | L12: =IF(I12=0,0,RIGHT(I12,LEN(I12)-SEARCH("/",I12,1))) -> 0 | M12: =SUBSTITUTE(O12,L12,"") -> 0 | N12: =IF(L12=0,0,ROUND(M12/L12,5)*100) -> 0 | O12: =SUBSTITUTE(I12,"/","") -> 0 | P12: 1.1.2024 | Q12: 31.12.2024 | R12: 1.1.2024 - 31.12.2024 | V12: 99
A13: Jednotka č. 318/10 | B13: Ing. Dušan Bohdálek | C13: U Hřiště 299, 664 34 Moravské Knínice | D13: xbohd@volny.cz | E13: 602562943 | F13: 0 | G13: 52.2 | H13: 47.2 | I13: 522/14238 | J13: 10 | K13: 27-8674610207/0100 | L13: =IF(I13=0,0,RIGHT(I13,LEN(I13)-SEARCH("/",I13,1))) -> 0 | M13: =SUBSTITUTE(O13,L13,"") -> 0 | N13: =IF(L13=0,0,ROUND(M13/L13,5)*100) -> 0 | O13: =SUBSTITUTE(I13,"/","") -> 0 | P13: 1.1.2024 | Q13: 31.12.2024 | R13: 1.1.2024 - 31.12.2024 | V13: 109
A14: Jednotka č. 318/11 | B14: Pharm.Dr. Petra Kučerová | C14: Cacovická 1622/67, 614 00 Brno | D14: petra.kuc@seznam.cz | E14: 776230101 | F14: 0 | G14: 89 | H14: 84 | I14: 890/14238 | J14: 31804002 | K14: 131-81070237/0100 | L14: =IF(I14=0,0,RIGHT(I14,LEN(I14)-SEARCH("/",I14,1))) -> 0 | M14: =SUBSTITUTE(O14,L14,"") -> 0 | N14: =IF(L14=0,0,ROUND(M14/L14,5)*100) -> 0 | O14: =SUBSTITUTE(I14,"/","") -> 0 | P14: 1.1.2024 | Q14: 31.12.2024 | R14: 1.1.2024 - 31.12.2024 | V14: 318040029
A15: Jednotka č. 318/12 | B15: Jan Urbančík | C15: Kounicova 13/69, 602 00 Brno | D15: urbancikh@seznam.cz | E15: 703193550 | F15: 0 | G15: 84.8 | H15: 80.1 | I15: 848/14238 | J15: 12 | K15: 1739490153/0800 | L15: =IF(I15=0,0,RIGHT(I15,LEN(I15)-SEARCH("/",I15,1))) -> 0 | M15: =SUBSTITUTE(O15,L15,"") -> 0 | N15: =IF(L15=0,0,ROUND(M15/L15,5)*100) -> 0 | O15: =SUBSTITUTE(I15,"/","") -> 0 | P15: 1.1.2024 | Q15: 31.12.2024 | R15: 1.1.2024 - 31.12.2024 | V15: 129
... A25: Jednotka č. 318/22 | B25: Ing. arch. Ludvík Křenek | C25: Klatovská 196/4, 602 00 Brno | D25: krenek@albatrosarch.cz | E25: 605176107 | F25: 0 | G25: 45.6 | H25: 41.7 | I25: 456/14238 | J25: 22 | K25: 7888181001/5500 | L25: =IF(I25=0,0,RIGHT(I25,LEN(I25)-SEARCH("/",I25,1))) -> 0 | M25: =SUBSTITUTE(O25,L25,"") -> 0 | N25: =IF(L25=0,0,ROUND(M25/L25,5)*100) -> 0 | O25: =SUBSTITUTE(I25,"/","") -> 0 | P25: 1.1.2024 | Q25: 31.12.2024 | R25: 1.1.2024 - 31.12.2024 | V25: 229
L26: =IF(I26=0,0,RIGHT(I26,LEN(I26)-SEARCH("/",I26,1))) -> 0 | M26: =SUBSTITUTE(O26,L26,"") -> 0 | N26: =IF(L26=0,0,ROUND(M26/L26,5)*100) -> 0 | O26: =SUBSTITUTE(I26,"/","") -> 0 | V26: 427259
L27: =IF(I27=0,0,RIGHT(I27,LEN(I27)-SEARCH("/",I27,1))) -> 0 | M27: =SUBSTITUTE(O27,L27,"") -> 0 | N27: =IF(L27=0,0,ROUND(M27/L27,5)*100) -> 0 | O27: =SUBSTITUTE(I27,"/","") -> 0 | V27: 427269
L28: =IF(I28=0,0,RIGHT(I28,LEN(I28)-SEARCH("/",I28,1))) -> 0 | M28: =SUBSTITUTE(O28,L28,"") -> 0 | N28: =IF(L28=0,0,ROUND(M28/L28,5)*100) -> 0 | O28: =SUBSTITUTE(I28,"/","") -> 0 | V28: 428019
L29: =IF(I29=0,0,RIGHT(I29,LEN(I29)-SEARCH("/",I29,1))) -> 0 | M29: =SUBSTITUTE(O29,L29,"") -> 0 | N29: =IF(L29=0,0,ROUND(M29/L29,5)*100) -> 0 | O29: =SUBSTITUTE(I29,"/","") -> 0 | V29: 428029
L30: =IF(I30=0,0,RIGHT(I30,LEN(I30)-SEARCH("/",I30,1))) -> 0 | M30: =SUBSTITUTE(O30,L30,"") -> 0 | N30: =IF(L30=0,0,ROUND(M30/L30,5)*100) -> 0 | O30: =SUBSTITUTE(I30,"/","") -> 0 | V30: 428039
L31: =IF(I31=0,0,RIGHT(I31,LEN(I31)-SEARCH("/",I31,1))) -> 0 | M31: =SUBSTITUTE(O31,L31,"") -> 0 | N31: =IF(L31=0,0,ROUND(M31/L31,5)*100) -> 0 | O31: =SUBSTITUTE(I31,"/","") -> 0 | V31: 428049
L32: =IF(I32=0,0,RIGHT(I32,LEN(I32)-SEARCH("/",I32,1))) -> 0 | M32: =SUBSTITUTE(O32,L32,"") -> 0 | N32: =IF(L32=0,0,ROUND(M32/L32,5)*100) -> 0 | O32: =SUBSTITUTE(I32,"/","") -> 0 | V32: 428059
L33: =IF(I33=0,0,RIGHT(I33,LEN(I33)-SEARCH("/",I33,1))) -> 0 | M33: =SUBSTITUTE(O33,L33,"") -> 0 | N33: =IF(L33=0,0,ROUND(M33/L33,5)*100) -> 0 | O33: =SUBSTITUTE(I33,"/","") -> 0 | V33: 428069
L34: =IF(I34=0,0,RIGHT(I34,LEN(I34)-SEARCH("/",I34,1))) -> 0 | M34: =SUBSTITUTE(O34,L34,"") -> 0 | N34: =IF(L34=0,0,ROUND(M34/L34,5)*100) -> 0 | O34: =SUBSTITUTE(I34,"/","") -> 0 | V34: 428079
L35: =IF(I35=0,0,RIGHT(I35,LEN(I35)-SEARCH("/",I35,1))) -> 0 | M35: =SUBSTITUTE(O35,L35,"") -> 0 | N35: =IF(L35=0,0,ROUND(M35/L35,5)*100) -> 0 | O35: =SUBSTITUTE(I35,"/","") -> 0 | V35: 4285908019
L36: =IF(I36=0,0,RIGHT(I36,LEN(I36)-SEARCH("/",I36,1))) -> 0 | M36: =SUBSTITUTE(O36,L36,"") -> 0 | N36: =IF(L36=0,0,ROUND(M36/L36,5)*100) -> 0 | O36: =SUBSTITUTE(I36,"/","") -> 0 | V36: 428099
L37: =IF(I37=0,0,RIGHT(I37,LEN(I37)-SEARCH("/",I37,1))) -> 0 | M37: =SUBSTITUTE(O37,L37,"") -> 0 | N37: =IF(L37=0,0,ROUND(M37/L37,5)*100) -> 0 | O37: =SUBSTITUTE(I37,"/","") -> 0 | V37: 428109
... L59: =IF(I59=0,0,RIGHT(I59,LEN(I59)-SEARCH("/",I59,1))) -> 0 | M59: =SUBSTITUTE(O59,L59,"") -> 0 | N59: =IF(L59=0,0,ROUND(M59/L59,5)*100) -> 0 | O59: =SUBSTITUTE(I59,"/","") -> 0 | V59: 428329
L60: =IF(I60=0,0,RIGHT(I60,LEN(I60)-SEARCH("/",I60,1))) -> 0 | M60: =SUBSTITUTE(O60,L60,"") -> 0 | N60: =IF(L60=0,0,ROUND(M60/L60,5)*100) -> 0 | O60: =SUBSTITUTE(I60,"/","") -> 0
L61: =IF(I61=0,0,RIGHT(I61,LEN(I61)-SEARCH("/",I61,1))) -> 0 | M61: =SUBSTITUTE(O61,L61,"") -> 0 | N61: =IF(L61=0,0,ROUND(M61/L61,5)*100) -> 0 | O61: =SUBSTITUTE(I61,"/","") -> 0
L62: =IF(I62=0,0,RIGHT(I62,LEN(I62)-SEARCH("/",I62,1))) -> 0 | M62: =SUBSTITUTE(O62,L62,"") -> 0 | N62: =IF(L62=0,0,ROUND(M62/L62,5)*100) -> 0 | O62: =SUBSTITUTE(I62,"/","") -> 0
L63: =IF(I63=0,0,RIGHT(I63,LEN(I63)-SEARCH("/",I63,1))) -> 0 | M63: =SUBSTITUTE(O63,L63,"") -> 0 | N63: =IF(L63=0,0,ROUND(M63/L63,5)*100) -> 0 | O63: =SUBSTITUTE(I63,"/","") -> 0
L64: =IF(I64=0,0,RIGHT(I64,LEN(I64)-SEARCH("/",I64,1))) -> 0 | M64: =SUBSTITUTE(O64,L64,"") -> 0 | N64: =IF(L64=0,0,ROUND(M64/L64,5)*100) -> 0 | O64: =SUBSTITUTE(I64,"/","") -> 0
L65: =IF(I65=0,0,RIGHT(I65,LEN(I65)-SEARCH("/",I65,1))) -> 0 | M65: =SUBSTITUTE(O65,L65,"") -> 0 | N65: =IF(L65=0,0,ROUND(M65/L65,5)*100) -> 0 | O65: =SUBSTITUTE(I65,"/","") -> 0
L66: =IF(I66=0,0,RIGHT(I66,LEN(I66)-SEARCH("/",I66,1))) -> 0 | M66: =SUBSTITUTE(O66,L66,"") -> 0 | N66: =IF(L66=0,0,ROUND(M66/L66,5)*100) -> 0 | O66: =SUBSTITUTE(I66,"/","") -> 0
L67: =IF(I67=0,0,RIGHT(I67,LEN(I67)-SEARCH("/",I67,1))) -> 0 | M67: =SUBSTITUTE(O67,L67,"") -> 0 | N67: =IF(L67=0,0,ROUND(M67/L67,5)*100) -> 0 | O67: =SUBSTITUTE(I67,"/","") -> 0
L68: =IF(I68=0,0,RIGHT(I68,LEN(I68)-SEARCH("/",I68,1))) -> 0 | M68: =SUBSTITUTE(O68,L68,"") -> 0 | N68: =IF(L68=0,0,ROUND(M68/L68,5)*100) -> 0 | O68: =SUBSTITUTE(I68,"/","") -> 0
L69: =IF(I69=0,0,RIGHT(I69,LEN(I69)-SEARCH("/",I69,1))) -> 0 | M69: =SUBSTITUTE(O69,L69,"") -> 0 | N69: =IF(L69=0,0,ROUND(M69/L69,5)*100) -> 0 | O69: =SUBSTITUTE(I69,"/","") -> 0
L70: =IF(I70=0,0,RIGHT(I70,LEN(I70)-SEARCH("/",I70,1))) -> 0 | M70: =SUBSTITUTE(O70,L70,"") -> 0 | N70: =IF(L70=0,0,ROUND(M70/L70,5)*100) -> 0 | O70: =SUBSTITUTE(I70,"/","") -> 0
L71: =IF(I71=0,0,RIGHT(I71,LEN(I71)-SEARCH("/",I71,1))) -> 0 | M71: =SUBSTITUTE(O71,L71,"") -> 0 | N71: =IF(L71=0,0,ROUND(M71/L71,5)*100) -> 0 | O71: =SUBSTITUTE(I71,"/","") -> 0
... L103: =IF(I103=0,0,RIGHT(I103,LEN(I103)-SEARCH("/",I103,1))) -> 0 | M103: =SUBSTITUTE(O103,L103,"") -> 0 | N103: =IF(L103=0,0,ROUND(M103/L103,5)*100) -> 0 | O103: =SUBSTITUTE(I103,"/","") -> 0
A104: =COUNTA(A2:A103) -> 0 | F104: =SUM(F2:F103) -> 0 | G104: =SUM(G2:G103) -> 0 | H104: =SUM(H2:H103) -> 0 | L104: =SUM(L2:L103) -> 0 | N104: =SUM(N2:N103) -> 0

Sheet faktury za služby
A1: název | B1: Rok | C1: ='vstupní data'!#REF! -> 0 | D1: ='vstupní data'!#REF! -> 0 | E1: ='vstupní data'!#REF! -> 0 | F1: ='vstupní data'!#REF! -> 0 | G1: ='vstupní data'!#REF! -> 0 | H1: ='vstupní data'!#REF! -> 0 | I1: ='vstupní data'!#REF! -> 0 | J1: ='vstupní data'!#REF! -> 0 | ... R1: ='vstupní data'!#REF! -> 0 | S1: příjem SVJ | T1: výdaje SVJ | U1: ='vstupní data'!#REF! -> 0 | V1: ='vstupní data'!#REF! -> 0 | W1: Celkem za rok
A2: ='Bytové domy'!A2 -> 0 | B2: =VD_za_rok -> 0 | C2: 12423.11 | D2: 22886 | E2: 2250 | F2: 16437 | G2: 0 | H2: 68956 | W2: =SUM(C2:V2) -> 0
A3: ='Bytové domy'!A3 -> 0 | B3: =VD_za_rok -> 0 | C3: 6612.58 | D3: 26000 | E3: 6766 | F3: 18644 | H3: 79773 | M3: =2280*12 -> 0 | O3: 44839 | W3: =SUM(C3:V3) -> 0
A4: ='Bytové domy'!A4 -> 0 | B4: =VD_za_rok -> 0 | C4: 29932.15 | D4: 36360 | F4: 18434 | H4: =I31 -> 0 | L4: 333447.09 | M4: 51480 | N4: 16514 | P4: =O27 -> 0 | Q4: =O26 -> 0 | W4: =SUM(C4:V4) -> 0
A5: ='Bytové domy'!A5 -> 0 | B5: =VD_za_rok -> 0 | C5: =2349.67+3759.85 -> 0 | D5: 13858 | H5: =D20 -> 0 | I5: =E20 -> 0 | J5: =F24*1.15 -> 0 | K5: =F25*1.15 -> 0 | L5: 161 906,32 | M5: =16*120*12 -> 0 | W5: =IFERROR(SUM(C5:V5),0) -> 0
A6: ='Bytové domy'!A6 -> 0 | B6: =VD_za_rok -> 0 | C6: 3806.08 | D6: 14160 | F6: 18487.3 | H6: =C38 -> 0 | I6: =D48 -> 0 | J6: =F43 -> 0 | K6: =F44 -> 0 | L6: 118041.22 | M6: 28880 | N6: 16446 | R6: 28800 | V6: =3600+4102 -> 0 | W6: =SUM(C6:V6)-J6-K6 -> 0
A7: ='Bytové domy'!A7 -> 0 | B7: =VD_za_rok -> 0 | C7: 10065.22 | D7: 19440 | H7: 58696.09 | I7: 31197.38 | L7: 46796.07 | M7: 31680 | N7: 0 | W7: =SUM(C7:V7)-J7-K7 -> 0
A8: ='Bytové domy'!A8 -> 0 | B8: =VD_za_rok -> 0 | C8: 9421.24 | D8: 84399 | F8: 9427.73 | H8: 135028.97 | I8: 54399.99 | J8: 341476.35 | L8: 279864 | M8: 97440 | N8: 32756 | R8: =48029+12006 -> 0 | S8: 0 | T8: 0 | U8: 252684.53 | V8: 62534 | W8: =SUM(C8:V8) -> 0
A9: ='Bytové domy'!A9 -> 0 | B9: =VD_za_rok -> 0 | C9: 2640.96 | D9: 14400 | F9: 12624 | H9: 122155.55 | I9: 98648.23 | J9: 102254.65 | L9: 148507.57 | M9: 31200 | N9: 4504 | O9: 13920 | S9: 672000 | T9: 0 | W9: =SUM(C9:V9)-J9-K9 -> 0
A10: ='Bytové domy'!A10 -> 0 | B10: =VD_za_rok -> 0 | C10: 61059.44 | D10: 14400 | F10: 11674.02 | H10: 70272.48 | I10: 44699.56 | J10: 102251.44 | L10: 153377.47 | M10: =2600*3+9*110*20 -> 0 | N10: 4504 | O10: 14400 | S10: 0 | T10: 0 | W10: =SUM(C10:V10)-J10-K10 -> 0
A11: ='Bytové domy'!A11 -> 0 | B11: =VD_za_rok -> 0 | C11: 115521 | D11: 45000 | E11: 47768 | F11: 6027 | H11: 127870.02 | I11: 181127 | L11: 271690 | M11: 44330 | N11: 25534 | S11: 62400 | T11: 22039 | U11: 4219 | V11: 595 | W11: =SUM(C11:V11)-J10-K10 -> 0
A12: ='Bytové domy'!A12 -> 0 | B12: =VD_za_rok -> 0
A13: ='Bytové domy'!A13 -> 0 | B13: =VD_za_rok -> 0
A14: ='Bytové domy'!A14 -> 0 | B14: =VD_za_rok -> 0
A15: ='Bytové domy'!A15 -> 0 | B15: =VD_za_rok -> 0
A16: 1 | B16: 2 | C16: 3 | D16: 4 | E16: 5 | F16: 6 | G16: 7 | H16: 8 | I16: 9 | J16: 10 | K16: 11 | L16: 12 | M16: 13 | N16: 14 | O16: 15 | P16: 16 | Q16: 17 | R16: 18 | S16: 19 | T16: 20 | U16: 21 | V16: 22 | W16: 23
A17: MENU | C17: =("Zborovská 32 a 34 rozpočítání vody "&'vstupní data'!B12&"") -> 0 | I17: Vodoměry Vídeňská - ztráty k rozúčtování | N17: Voda celkem za rok - opsat z excel voda
C18: voda celkem | D18: SV | E18: TV | F18: celkem | I18: Místnost | J18: Počáteční stav | K18: Odečtená hodnota | L18: Spotřeba | M18: Spotřeba po odečtení | N18: =51098+43449+13973 -> 0
C19: 98157 | D19: ='Vodoměry SV'!I104 -> 0 | E19: ='Vodoměry TUV'!I115 -> 0 | F19: =D19+E19 -> 0 | I19: kočárkárna | J19: 9.823 | K19: 10.248 | L19: =K19-J19 -> 0 | M19: =L19 -> 0 | N19: částka k rozúčtování bez ztrát zadat do OS
C20: zadat celková cena za vodu za rok s DPH | D20: =ROUND(D19/$F$19*$C$19,2) -> 0 | E20: =ROUND(E19/$F$19*$C$19,2) -> 0 | I20: hl vodoměr | J20: x | K20: x | L20: 1064 | M20: ='faktury za služby'!L20-'Vodoměry SV'!I104 -> 0 | N20: =N18-Faktury!E10 -> 0
I21: spotřeba, bere se tato je v tom i kočárkárna | M21: =M20 -> 0
C22: Výpočet základní a spotřební složky
D23: Částka bez DPH | E23: DPH | F23: S DPH 10%
C24: základní složka 30% | D24: =25220.68+6159.96 -> 0 | E24: 10 | F24: =ROUND(D24*(E24/100+1),2) -> 0 | I24: U Leskavy - výpočet nákladů garáž a sklep
C25: spotřební složka 70% | D25: 73222.03 | E25: 10 | F25: =ROUND(D25*(E25/100+1),2) -> 0 | J25: osvětlení | K25: správa | L25: podíl pro pojištění | M25: pojištění | N25: úklid a další služby (revize) | O25: Celkem
C26: vyplnit z faktury od tepláren tam je pozor uvedena částka bez DPH | I26: sklepy | J26: =Faktury!G4 -> 0 | K26: =Faktury!G11 -> 0 | L26: 3.75 | M26: =Faktury!E12*L26/100 -> 0 | N26: 0 | O26: =K26+M26+N26+J26 -> 0
I27: garáž | J27: =Faktury!G4 -> 0 | K27: =Faktury!G11 -> 0 | L27: 8.63 | M27: =Faktury!E12*L27/100 -> 0 | N27: 0 | O27: =K27+M27+N27+J27 -> 0
I29: Kotlářská 38
I30: voda celkem | J30: SV | K30: TV | L30: celkem
J31: ='Vodoměry SV'!I123 -> 0 | K31: ='Vodoměry TUV'!I123 -> 0 | L31: =J31+K31 -> 0
J32: =J31/$F$38*$C$38 -> 0 | K32: =K31/$F$38*$C$38 -> 0
I34: =("Faktury zaplacané za rok "&'vstupní data'!B12&"") -> 0
I35: viz samotný excel voda | J35: 153503 | K35: * vyplň na konci roku dle faktur pozor DPH 15
C36: =("Kotlářská 38 "&'vstupní data'!B12&"") -> 0
C37: SV voda celkem bez ALFA | D37: SV | E37: TV | F37: celkem
C38: =SUM(D42:D47) -> 0 | D38: ='Vodoměry SV'!I104 -> 0 | E38: ='Vodoměry TUV'!I115 -> 0 | F38: =D38+E38 -> 0 | I38: Voda Zborovská 2
D39: =D38/$F$38*$C$38 -> 0 | E39: =E38/$F$38*$C$38 -> 0 | I39: spotřeba celkem | J39: 868 | K39: Spotřeba byty s vodoměry se ztrátou 5% | M39: Spotřeba byty bez vodoměrů | O39: OK|23
I40: byty s vodoměry | J40: ='Vodoměry SV'!I104 -> 0 | K40: =J40*1.05 -> 0 | M40: =J39-K40 -> 0
C41: =("Faktury zaplacané za rok "&'vstupní data'!#REF!&"") -> 0 | I41: Faktura za rok | J41: 88529 | K41: zadat fakturaci za rok | O41: OK|23
C42: viz samotný excel voda | D42: 106211.71 | E42: * vyplň na konci roku dle faktur pozor DPH 15 | I42: bez vodoměrů | J42: ='Počet osob'!W29 -> 0
E43: základní složka | F43: =ROUND(F45*0.3,2) -> 0 | I43: s vodoměry | J43: =J41-J42 -> 0
E44: spotřební složka | F44: =ROUND(F45*0.7,2) -> 0 | I44: kontrola | J44: =J43+J42 -> 0
E45: celkem | F45: =ROUND(70618.12*1.15,2) -> 0 | I45: celkem | J45: =J41 -> 0
F46: zadat hodnotu celkem
C48: AlfaCOM na TUV | D48: 29501.41
C51: Úvoz 59 b,c | I51: Moravany
C52: Služba | D52: Částka | E52: Pozn | F52: Jednotek | I52: Celková spotřeba kWh objekt | J52: Celkem za elektřinu [Kč] | K52: Cena za [kWh] | L52: Spotřeba garáž [kWh] | M52: Spotřeba dům [kWh]
C53: Výtah 427/59b | D53: =25377.69-14988.92 -> 0 | E53: náklady na výtah bez oprav jen Schindler servis | F53: 1577.41 | G53: OK|23 | I53: 6053 | J53: 60267 | K53: =ROUND(J53/I53,2) -> 0 | L53: 717.71 | M53: =ROUND(I53-L53,2) -> 0 | N53: OK|23
C54: Výtah 428/59c | D54: 12424.46 | F54: 2035.11 | G54: OK|23 | K54: Spotřeba garáží [Kč] - faktura za el vyhřívání od Višnová 6 | L54: 11897 | N54: OK|23
C55: Elektřina 427/59b | D55: 12085.17 | E55: spotřeba elektřiny | F55: 1577.41 | G55: OK|23 | K55: Spotřeba [Kč/rok] | L55: =ROUND(L53*K53+L54,2) -> 0 | M55: =ROUND(M53*K53,2) -> 0 | N55: OK|23
C56: Elektřina 428/59c | D56: 6924.72 | F56: 2035.11 | G56: OK|23

Sheet Parametry
A1: Jednotka | B1: Položka | C1: Jednotka | D1: Podíl | E1: Náklad | F1: Jednotek | G1: Kč/jednotek | H1: Jednotek spotrebovanych | I1: Náklad | J1: Záloha | K1: Výsledek | L1: Název | M1: Cena za kalibraci
A2: Bazén č. 318/23 | B2: 0 | C2: 0 | D2: 0 | E2: 0 | F2: 0 | G2: 0 | H2: 0 | I2: 0 | J2: 0 | K2: 0 | L2: Kalibrace měřidel | M2: 0
A3: Jednotka č. 318/01 | B3: 0 | C3: 0 | D3: 0 | E3: 0 | F3: 0 | G3: 0 | H3: 0 | I3: 0 | J3: 0 | K3: 0 | L3: Kalibrace měřidel | M3: 0
A4: Jednotka č. 318/01 P | B4: 0 | C4: 0 | D4: 0 | E4: 0 | F4: 0 | G4: 0 | H4: 0 | I4: 0 | J4: 0 | K4: 0 | L4: Kalibrace měřidel | M4: 0
A5: Jednotka č. 318/02 | B5: 0 | C5: 0 | D5: 0 | E5: 0 | F5: 0 | G5: 0 | H5: 0 | I5: 0 | J5: 0 | K5: 0 | L5: Kalibrace měřidel | M5: 0
A6: Jednotka č. 318/03 | B6: 0 | C6: 0 | D6: 0 | E6: 0 | F6: 0 | G6: 0 | H6: 0 | I6: 0 | J6: 0 | K6: 0 | L6: Kalibrace měřidel | M6: 0
A7: Jednotka č. 318/04 | B7: Garáž | C7: odečty elektro | D7: 100 | E7: 100383 | F7: 11579 | G7: 8.669 | H7: 1.7 | I7: 14.74 | J7: 0 | K7: -14.74 | L7: Kalibrace měřidel | M7: 0
A8: Jednotka č. 318/05 | B8: 0 | C8: 0 | D8: 0 | E8: 0 | F8: 0 | G8: 0 | H8: 0 | I8: 0 | J8: 0 | K8: 0 | L8: Kalibrace měřidel | M8: 0
A9: Jednotka č. 318/06 | B9: Garáž | C9: odečty elektro | D9: 100 | E9: 100383 | F9: 11579 | G9: 8.669 | H9: 0.2 | I9: 1.73 | J9: 0 | K9: -1.73 | L9: Kalibrace měřidel | M9: 0
A10: Jednotka č. 318/07 | B10: 0 | C10: 0 | D10: 0 | E10: 0 | F10: 0 | G10: 0 | H10: 0 | I10: 0 | J10: 0 | K10: 0 | L10: Kalibrace měřidel | M10: 0
A11: Jednotka č. 318/08 | B11: 0 | C11: 0 | D11: 0 | E11: 0 | F11: 0 | G11: 0 | H11: 0 | I11: 0 | J11: 0 | K11: 0 | L11: Kalibrace měřidel | M11: 0
A12: Jednotka č. 318/09 | B12: 0 | C12: 0 | D12: 0 | E12: 0 | F12: 0 | G12: 0 | H12: 0 | I12: 0 | J12: 0 | K12: 0 | L12: Kalibrace měřidel | M12: 0
A13: Jednotka č. 318/10 | B13: 0 | C13: 0 | D13: 0 | E13: 0 | F13: 0 | G13: 0 | H13: 0 | I13: 0 | J13: 0 | K13: 0 | L13: Kalibrace měřidel | M13: 0
A14: Jednotka č. 318/11 | B14: 0 | C14: 0 | D14: 0 | E14: 0 | F14: 0 | G14: 0 | H14: 0 | I14: 0 | J14: 0 | K14: 0 | L14: Kalibrace měřidel | M14: 0
A15: Jednotka č. 318/12 | B15: 0 | C15: 0 | D15: 0 | E15: 0 | F15: 0 | G15: 0 | H15: 0 | I15: 0 | J15: 0 | K15: 0 | L15: Kalibrace měřidel | M15: 0
A16: Jednotka č. 318/13 | B16: 0 | C16: 0 | D16: 0 | E16: 0 | F16: 0 | G16: 0 | H16: 0 | I16: 0 | J16: 0 | K16: 0 | L16: Kalibrace měřidel | M16: 0
A17: Jednotka č. 318/14 | B17: 0 | C17: 0 | D17: 0 | E17: 0 | F17: 0 | G17: 0 | H17: 0 | I17: 0 | J17: 0 | K17: 0 | L17: Kalibrace měřidel | M17: 0
A18: Jednotka č. 318/15 | B18: 0 | C18: 0 | D18: 0 | E18: 0 | F18: 0 | G18: 0 | H18: 0 | I18: 0 | J18: 0 | K18: 0 | L18: Kalibrace měřidel | M18: 0
A19: Jednotka č. 318/16 P | B19: 0 | C19: 0 | D19: 0 | E19: 0 | F19: 0 | G19: 0 | H19: 0 | I19: 0 | J19: 0 | K19: 0 | L19: Kalibrace měřidel | M19: 0
A20: Jednotka č. 318/17 P | B20: 0 | C20: 0 | D20: 0 | E20: 0 | F20: 0 | G20: 0 | H20: 0 | I20: 0 | J20: 0 | K20: 0 | L20: Kalibrace měřidel | M20: 0
A21: Jednotka č. 318/18 | B21: 0 | C21: 0 | D21: 0 | E21: 0 | F21: 0 | G21: 0 | H21: 0 | I21: 0 | J21: 0 | K21: 0 | L21: Kalibrace měřidel | M21: 0
... A25: Jednotka č. 318/22 | B25: 0 | C25: 0 | D25: 0 | E25: 0 | F25: 0 | G25: 0 | H25: 0 | I25: 0 | J25: 0 | K25: 0 | L25: Kalibrace měřidel | M25: 0

Sheet Počet osob
A1: Název | B1: Člen | C1: 1 | D1: 2 | E1: 3 | F1: 4 | G1: 5 | H1: 6 | I1: 7 | J1: 8 | K1: 9 | L1: 10 | M1: 11 | N1: 12 | O1: součet | P1: Výtah (počet osob) | Q1: Voda (Zborovská 2) | S1: Vodoměr nebo ne | T1: Směrné číslo [m3/osoba] | U1: Spotřeba dle osob | V1: Přepočet | W1: Spotřeba | X1: Počet měsíců užívání v roce 2019 Provazníkova | Y1: Podíl x počet měsíců | AB1: castka k rozuctovani | AC1: ='faktury za služby'!E11 -> 0 | AD1: 100
A2: Bazén č. 318/23 | B2: Ing. Dušan Bohdálek | C2: 0 | D2: 0 | E2: 0 | F2: 0 | G2: 0 | H2: 0 | I2: 0 | J2: 0 | K2: 0 | L2: 0 | M2: 0 | N2: 0 | O2: =SUM(C2:N2) -> 0 | P2: =IF(Výtahy!B2="ano",O2,0) -> 0 | Q2: =O2 -> 0 | R2: 1.NP | S2: =IF(OR(ISNUMBER(SEARCH("Byt č. 939/16", A2)), ISNUMBER(SEARCH("Byt č. 939/17", A2)), ISNUMBER(SEARCH("Byt č. 939/18", A2)), ISNUMBER(SEARCH("Byt č. 939/19", A2))), "vodomer",0) -> 0 | T2: 35 | U2: =ROUND(IF(S2=0,O2/12*$T$2,0),2) -> 0 | V2: =ROUND(U2*'faktury za služby'!$M$40/$U$29,3) -> 0 | W2: =ROUND(V2*VD_Cena_BVak,2) -> 0 | X2: 10 | Y2: =X2*Evidence!N2/100 -> 0 | Z2: =ROUND(Y2/$Y$104*100,2) -> 0 | AA2: =ROUND($AC$1*Z2/100,2) -> 0 | AB2: celková částka za rok bez zohlednění měsíců | AC2: 11
A3: Jednotka č. 318/01 | B3: Ing. Miloš Dvořák | C3: 0 | D3: 0 | E3: 0 | F3: 0 | G3: 0 | H3: 0 | I3: 0 | J3: 0 | K3: 0 | L3: 0 | M3: 0 | N3: 0 | O3: =SUM(C3:N3) -> 0 | P3: =IF(Výtahy!B3="ano",O3,0) -> 0 | Q3: =O3 -> 0 | R3: 1.NP | S3: =IF(OR(ISNUMBER(SEARCH("Byt č. 939/16", A3)), ISNUMBER(SEARCH("Byt č. 939/17", A3)), ISNUMBER(SEARCH("Byt č. 939/18", A3)), ISNUMBER(SEARCH("Byt č. 939/19", A3))), "vodomer",0) -> 0 | U3: =ROUND(IF(S3=0,O3/12*$T$2,0),2) -> 0 | V3: =ROUND(U3*'faktury za služby'!$M$40/$U$29,3) -> 0 | W3: =ROUND(V3*VD_Cena_BVak,2) -> 0 | X3: 7 | Y3: =X3*Evidence!N3/100 -> 0 | Z3: =ROUND(Y3/$Y$104*100,2) -> 0 | AA3: =ROUND($AC$1*Z3/100,2) -> 0
A4: Jednotka č. 318/01 P | B4: Radana Pařízková | C4: 0 | D4: 0 | E4: 0 | F4: 0 | G4: 0 | H4: 0 | I4: 0 | J4: 0 | K4: 0 | L4: 0 | M4: 0 | N4: 0 | O4: =SUM(C4:N4) -> 0 | P4: =IF(Výtahy!B4="ano",O4,0) -> 0 | Q4: =O4 -> 0 | R4: 1.NP | S4: =IF(OR(ISNUMBER(SEARCH("Byt č. 939/16", A4)), ISNUMBER(SEARCH("Byt č. 939/17", A4)), ISNUMBER(SEARCH("Byt č. 939/18", A4)), ISNUMBER(SEARCH("Byt č. 939/19", A4))), "vodomer",0) -> 0 | U4: =ROUND(IF(S4=0,O4/12*$T$2,0),2) -> 0 | V4: =ROUND(U4*'faktury za služby'!$M$40/$U$29,3) -> 0 | W4: =ROUND(V4*VD_Cena_BVak,2) -> 0 | X4: 10 | Y4: =X4*Evidence!N4/100 -> 0 | Z4: =ROUND(Y4/$Y$104*100,2) -> 0 | AA4: =ROUND($AC$1*Z4/100,2) -> 0
A5: Jednotka č. 318/02 | B5: Ing. Ivana Tošovská | C5: 0 | D5: 0 | E5: 0 | F5: 0 | G5: 0 | H5: 0 | I5: 0 | J5: 0 | K5: 0 | L5: 0 | M5: 0 | N5: 0 | O5: =SUM(C5:N5) -> 0 | P5: =IF(Výtahy!B5="ano",O5,0) -> 0 | Q5: =O5 -> 0 | S5: =IF(OR(ISNUMBER(SEARCH("Byt č. 939/16", A5)), ISNUMBER(SEARCH("Byt č. 939/17", A5)), ISNUMBER(SEARCH("Byt č. 939/18", A5)), ISNUMBER(SEARCH("Byt č. 939/19", A5))), "vodomer",0) -> 0 | U5: =ROUND(IF(S5=0,O5/12*$T$2,0),2) -> 0 | V5: =ROUND(U5*'faktury za služby'!$M$40/$U$29,3) -> 0 | W5: =ROUND(V5*VD_Cena_BVak,2) -> 0 | X5: 9 | Y5: =X5*Evidence!N5/100 -> 0 | Z5: =ROUND(Y5/$Y$104*100,2) -> 0 | AA5: =ROUND($AC$1*Z5/100,2) -> 0
A6: Jednotka č. 318/03 | B6: Igor Pelka | C6: 0 | D6: 0 | E6: 0 | F6: 0 | G6: 0 | H6: 0 | I6: 0 | J6: 0 | K6: 0 | L6: 0 | M6: 0 | N6: 0 | O6: =SUM(C6:N6) -> 0 | P6: =IF(Výtahy!B6="ano",O6,0) -> 0 | Q6: =O6 -> 0 | S6: =IF(OR(ISNUMBER(SEARCH("Byt č. 939/16", A6)), ISNUMBER(SEARCH("Byt č. 939/17", A6)), ISNUMBER(SEARCH("Byt č. 939/18", A6)), ISNUMBER(SEARCH("Byt č. 939/19", A6))), "vodomer",0) -> 0 | U6: =ROUND(IF(S6=0,O6/12*$T$2,0),2) -> 0 | V6: =ROUND(U6*'faktury za služby'!$M$40/$U$29,3) -> 0 | W6: =ROUND(V6*VD_Cena_BVak,2) -> 0 | X6: 10 | Y6: =X6*Evidence!N6/100 -> 0 | Z6: =ROUND(Y6/$Y$104*100,2) -> 0 | AA6: =ROUND($AC$1*Z6/100,2) -> 0
A7: Jednotka č. 318/04 | B7: Alena Šťastná | C7: 0 | D7: 0 | E7: 0 | F7: 0 | G7: 0 | H7: 0 | I7: 0 | J7: 0 | K7: 0 | L7: 0 | M7: 0 | N7: 0 | O7: =SUM(C7:N7) -> 0 | P7: =IF(Výtahy!B7="ano",O7,0) -> 0 | Q7: =O7 -> 0 | S7: =IF(OR(ISNUMBER(SEARCH("Byt č. 939/16", A7)), ISNUMBER(SEARCH("Byt č. 939/17", A7)), ISNUMBER(SEARCH("Byt č. 939/18", A7)), ISNUMBER(SEARCH("Byt č. 939/19", A7))), "vodomer",0) -> 0 | U7: =ROUND(IF(S7=0,O7/12*$T$2,0),2) -> 0 | V7: =ROUND(U7*'faktury za služby'!$M$40/$U$29,3) -> 0 | W7: =ROUND(V7*VD_Cena_BVak,2) -> 0 | X7: 7 | Y7: =X7*Evidence!N7/100 -> 0 | Z7: =ROUND(Y7/$Y$104*100,2) -> 0 | AA7: =ROUND($AC$1*Z7/100,2) -> 0
A8: Jednotka č. 318/05 | B8: Mgr. David Liškutin | C8: 0 | D8: 0 | E8: 0 | F8: 0 | G8: 0 | H8: 0 | I8: 0 | J8: 0 | K8: 0 | L8: 0 | M8: 0 | N8: 0 | O8: =SUM(C8:N8) -> 0 | P8: =IF(Výtahy!B8="ano",O8,0) -> 0 | Q8: =O8 -> 0 | S8: =IF(OR(ISNUMBER(SEARCH("Byt č. 939/16", A8)), ISNUMBER(SEARCH("Byt č. 939/17", A8)), ISNUMBER(SEARCH("Byt č. 939/18", A8)), ISNUMBER(SEARCH("Byt č. 939/19", A8))), "vodomer",0) -> 0 | U8: =ROUND(IF(S8=0,O8/12*$T$2,0),2) -> 0 | V8: =ROUND(U8*'faktury za služby'!$M$40/$U$29,3) -> 0 | W8: =ROUND(V8*VD_Cena_BVak,2) -> 0 | X8: 11 | Y8: =X8*Evidence!N8/100 -> 0 | Z8: =ROUND(Y8/$Y$104*100,2) -> 0 | AA8: =ROUND($AC$1*Z8/100,2) -> 0
A9: Jednotka č. 318/06 | B9: Ing. Ivana Tošovská | C9: 0 | D9: 0 | E9: 0 | F9: 0 | G9: 0 | H9: 0 | I9: 0 | J9: 0 | K9: 0 | L9: 0 | M9: 0 | N9: 0 | O9: =SUM(C9:N9) -> 0 | P9: =IF(Výtahy!B9="ano",O9,0) -> 0 | Q9: =O9 -> 0 | S9: =IF(OR(ISNUMBER(SEARCH("Byt č. 939/16", A9)), ISNUMBER(SEARCH("Byt č. 939/17", A9)), ISNUMBER(SEARCH("Byt č. 939/18", A9)), ISNUMBER(SEARCH("Byt č. 939/19", A9))), "vodomer",0) -> 0 | U9: =ROUND(IF(S9=0,O9/12*$T$2,0),2) -> 0 | V9: =ROUND(U9*'faktury za služby'!$M$40/$U$29,3) -> 0 | W9: =ROUND(V9*VD_Cena_BVak,2) -> 0 | X9: 11 | Y9: =X9*Evidence!N9/100 -> 0 | Z9: =ROUND(Y9/$Y$104*100,2) -> 0 | AA9: =ROUND($AC$1*Z9/100,2) -> 0
A10: Jednotka č. 318/07 | B10: Mgr. Nikolaj Zakreničnyj | C10: 0 | D10: 0 | E10: 0 | F10: 0 | G10: 0 | H10: 0 | I10: 0 | J10: 0 | K10: 0 | L10: 0 | M10: 0 | N10: 0 | O10: =SUM(C10:N10) -> 0 | P10: =IF(Výtahy!B10="ano",O10,0) -> 0 | Q10: =O10 -> 0 | S10: =IF(OR(ISNUMBER(SEARCH("Byt č. 939/16", A10)), ISNUMBER(SEARCH("Byt č. 939/17", A10)), ISNUMBER(SEARCH("Byt č. 939/18", A10)), ISNUMBER(SEARCH("Byt č. 939/19", A10))), "vodomer",0) -> 0 | U10: =ROUND(IF(S10=0,O10/12*$T$2,0),2) -> 0 | V10: =ROUND(U10*'faktury za služby'!$M$40/$U$29,3) -> 0 | W10: =ROUND(V10*VD_Cena_BVak,2) -> 0 | X10: 11 | Y10: =X10*Evidence!N10/100 -> 0 | Z10: =ROUND(Y10/$Y$104*100,2) -> 0 | AA10: =ROUND($AC$1*Z10/100,2) -> 0
A11: Jednotka č. 318/08 | B11: Ing. Marek Filistein | C11: 0 | D11: 0 | E11: 0 | F11: 0 | G11: 0 | H11: 0 | I11: 0 | J11: 0 | K11: 0 | L11: 0 | M11: 0 | N11: 0 | O11: =SUM(C11:N11) -> 0 | P11: =IF(Výtahy!B11="ano",O11,0) -> 0 | Q11: =O11 -> 0 | S11: =IF(OR(ISNUMBER(SEARCH("Byt č. 939/16", A11)), ISNUMBER(SEARCH("Byt č. 939/17", A11)), ISNUMBER(SEARCH("Byt č. 939/18", A11)), ISNUMBER(SEARCH("Byt č. 939/19", A11))), "vodomer",0) -> 0 | U11: =ROUND(IF(S11=0,O11/12*$T$2,0),2) -> 0 | V11: =ROUND(U11*'faktury za služby'!$M$40/$U$29,3) -> 0 | W11: =ROUND(V11*VD_Cena_BVak,2) -> 0 | X11: 11 | Y11: =X11*Evidence!N11/100 -> 0 | Z11: =ROUND(Y11/$Y$104*100,2) -> 0 | AA11: =ROUND($AC$1*Z11/100,2) -> 0
A12: Jednotka č. 318/09 | B12: MUDr. Sylva Urbančíková | C12: 0 | D12: 0 | E12: 0 | F12: 0 | G12: 0 | H12: 0 | I12: 0 | J12: 0 | K12: 0 | L12: 0 | M12: 0 | N12: 0 | O12: =SUM(C12:N12) -> 0 | P12: =IF(Výtahy!B12="ano",O12,0) -> 0 | Q12: =O12 -> 0 | S12: =IF(OR(ISNUMBER(SEARCH("Byt č. 939/16", A12)), ISNUMBER(SEARCH("Byt č. 939/17", A12)), ISNUMBER(SEARCH("Byt č. 939/18", A12)), ISNUMBER(SEARCH("Byt č. 939/19", A12))), "vodomer",0) -> 0 | U12: =ROUND(IF(S12=0,O12/12*$T$2,0),2) -> 0 | V12: =ROUND(U12*'faktury za služby'!$M$40/$U$29,3) -> 0 | W12: =ROUND(V12*VD_Cena_BVak,2) -> 0 | X12: 11 | Y12: =X12*Evidence!N12/100 -> 0 | Z12: =ROUND(Y12/$Y$104*100,2) -> 0 | AA12: =ROUND($AC$1*Z12/100,2) -> 0
A13: Jednotka č. 318/10 | B13: Ing. Dušan Bohdálek | C13: 0 | D13: 0 | E13: 0 | F13: 0 | G13: 0 | H13: 0 | I13: 0 | J13: 0 | K13: 0 | L13: 0 | M13: 0 | N13: 0 | O13: =SUM(C13:N13) -> 0 | P13: =IF(Výtahy!B13="ano",O13,0) -> 0 | Q13: =O13 -> 0 | S13: =IF(OR(ISNUMBER(SEARCH("Byt č. 939/16", A13)), ISNUMBER(SEARCH("Byt č. 939/17", A13)), ISNUMBER(SEARCH("Byt č. 939/18", A13)), ISNUMBER(SEARCH("Byt č. 939/19", A13))), "vodomer",0) -> 0 | U13: =ROUND(IF(S13=0,O13/12*$T$2,0),2) -> 0 | V13: =ROUND(U13*'faktury za služby'!$M$40/$U$29,3) -> 0 | W13: =ROUND(V13*VD_Cena_BVak,2) -> 0 | X13: 10 | Y13: =X13*Evidence!N13/100 -> 0 | Z13: =ROUND(Y13/$Y$104*100,2) -> 0 | AA13: =ROUND($AC$1*Z13/100,2) -> 0
A14: Jednotka č. 318/11 | B14: Pharm.Dr. Petra Kučerová | C14: 0 | D14: 0 | E14: 0 | F14: 0 | G14: 0 | H14: 0 | I14: 0 | J14: 0 | K14: 0 | L14: 0 | M14: 0 | N14: 0 | O14: =SUM(C14:N14) -> 0 | P14: =IF(Výtahy!B14="ano",O14,0) -> 0 | Q14: =O14 -> 0 | S14: =IF(OR(ISNUMBER(SEARCH("Byt č. 939/16", A14)), ISNUMBER(SEARCH("Byt č. 939/17", A14)), ISNUMBER(SEARCH("Byt č. 939/18", A14)), ISNUMBER(SEARCH("Byt č. 939/19", A14))), "vodomer",0) -> 0 | U14: =ROUND(IF(S14=0,O14/12*$T$2,0),2) -> 0 | V14: =ROUND(U14*'faktury za služby'!$M$40/$U$29,3) -> 0 | W14: =ROUND(V14*VD_Cena_BVak,2) -> 0 | X14: 10 | Y14: =X14*Evidence!N14/100 -> 0 | Z14: =ROUND(Y14/$Y$104*100,2) -> 0 | AA14: =ROUND($AC$1*Z14/100,2) -> 0
A15: Jednotka č. 318/12 | B15: Jan Urbančík | C15: 0 | D15: 0 | E15: 0 | F15: 0 | G15: 0 | H15: 0 | I15: 0 | J15: 0 | K15: 0 | L15: 0 | M15: 0 | N15: 0 | O15: =SUM(C15:N15) -> 0 | P15: =IF(Výtahy!B15="ano",O15,0) -> 0 | Q15: =O15 -> 0 | S15: =IF(OR(ISNUMBER(SEARCH("Byt č. 939/16", A15)), ISNUMBER(SEARCH("Byt č. 939/17", A15)), ISNUMBER(SEARCH("Byt č. 939/18", A15)), ISNUMBER(SEARCH("Byt č. 939/19", A15))), "vodomer",0) -> 0 | U15: =ROUND(IF(S15=0,O15/12*$T$2,0),2) -> 0 | V15: =ROUND(U15*'faktury za služby'!$M$40/$U$29,3) -> 0 | W15: =ROUND(V15*VD_Cena_BVak,2) -> 0 | X15: 10 | Y15: =X15*Evidence!N15/100 -> 0 | Z15: =ROUND(Y15/$Y$104*100,2) -> 0 | AA15: =ROUND($AC$1*Z15/100,2) -> 0
A16: Jednotka č. 318/13 | B16: Karel Dobyšar | C16: 0 | D16: 0 | E16: 0 | F16: 0 | G16: 0 | H16: 0 | I16: 0 | J16: 0 | K16: 0 | L16: 0 | M16: 0 | N16: 0 | O16: =SUM(C16:N16) -> 0 | P16: =IF(Výtahy!B16="ano",O16,0) -> 0 | Q16: =O16 -> 0 | S16: =IF(OR(ISNUMBER(SEARCH("Byt č. 939/16", A16)), ISNUMBER(SEARCH("Byt č. 939/17", A16)), ISNUMBER(SEARCH("Byt č. 939/18", A16)), ISNUMBER(SEARCH("Byt č. 939/19", A16))), "vodomer",0) -> 0 | U16: =ROUND(IF(S16=0,O16/12*$T$2,0),2) -> 0 | V16: =ROUND(U16*'faktury za služby'!$M$40/$U$29,3) -> 0 | W16: =ROUND(V16*VD_Cena_BVak,2) -> 0 | X16: 8 | Y16: =X16*Evidence!N16/100 -> 0 | Z16: =ROUND(Y16/$Y$104*100,2) -> 0 | AA16: =ROUND($AC$1*Z16/100,2) -> 0
... A25: Jednotka č. 318/22 | B25: Ing. arch. Ludvík Křenek | C25: 0 | D25: 0 | E25: 0 | F25: 0 | G25: 0 | H25: 0 | I25: 0 | J25: 0 | K25: 0 | L25: 0 | M25: 0 | N25: 0 | O25: =SUM(C25:N25) -> 0 | P25: =IF(Výtahy!B25="ano",O25,0) -> 0 | Q25: =O25 -> 0 | S25: =IF(OR(ISNUMBER(SEARCH("Byt č. 939/16", A25)), ISNUMBER(SEARCH("Byt č. 939/17", A25)), ISNUMBER(SEARCH("Byt č. 939/18", A25)), ISNUMBER(SEARCH("Byt č. 939/19", A25))), "vodomer",0) -> 0 | U25: =ROUND(IF(S25=0,O25/12*$T$2,0),2) -> 0 | V25: =ROUND(U25*'faktury za služby'!$M$40/$U$29,3) -> 0 | W25: =ROUND(V25*VD_Cena_BVak,2) -> 0 | X25: 9 | Y25: =X25*Evidence!N25/100 -> 0 | Z25: =ROUND(Y25/$Y$104*100,2) -> 0 | AA25: =ROUND($AC$1*Z25/100,2) -> 0
O26: =SUM(C26:N26) -> 0 | P26: =IF(Výtahy!B26="ano",O26,0) -> 0 | Q26: =O26 -> 0 | S26: =IF(OR(ISNUMBER(SEARCH("Byt č. 939/16", A26)), ISNUMBER(SEARCH("Byt č. 939/17", A26)), ISNUMBER(SEARCH("Byt č. 939/18", A26)), ISNUMBER(SEARCH("Byt č. 939/19", A26))), "vodomer",0) -> 0 | U26: =ROUND(IF(S26=0,O26/12*$T$2,0),2) -> 0 | V26: =ROUND(U26*'faktury za služby'!$M$40/$U$29,3) -> 0 | W26: =ROUND(V26*VD_Cena_BVak,2) -> 0 | X26: 9 | Y26: =X26*Evidence!N26/100 -> 0 | Z26: =ROUND(Y26/$Y$104*100,2) -> 0 | AA26: =ROUND($AC$1*Z26/100,2) -> 0
O27: =SUM(C27:N27) -> 0 | P27: =IF(Výtahy!B27="ano",O27,0) -> 0 | Q27: =O27 -> 0 | S27: =IF(OR(ISNUMBER(SEARCH("Byt č. 939/16", A27)), ISNUMBER(SEARCH("Byt č. 939/17", A27)), ISNUMBER(SEARCH("Byt č. 939/18", A27)), ISNUMBER(SEARCH("Byt č. 939/19", A27))), "vodomer",0) -> 0 | U27: =ROUND(IF(S27=0,O27/12*$T$2,0),2) -> 0 | V27: =ROUND(U27*'faktury za služby'!$M$40/$U$29,3) -> 0 | W27: =ROUND(V27*VD_Cena_BVak,2) -> 0 | X27: 9 | Y27: =X27*Evidence!N27/100 -> 0 | Z27: =ROUND(Y27/$Y$104*100,2) -> 0 | AA27: =ROUND($AC$1*Z27/100,2) -> 0
O28: =SUM(C28:N28) -> 0 | P28: =IF(Výtahy!B28="ano",O28,0) -> 0 | Q28: =O28 -> 0 | S28: =IF(OR(ISNUMBER(SEARCH("Byt č. 939/16", A28)), ISNUMBER(SEARCH("Byt č. 939/17", A28)), ISNUMBER(SEARCH("Byt č. 939/18", A28)), ISNUMBER(SEARCH("Byt č. 939/19", A28))), "vodomer",0) -> 0 | U28: =ROUND(IF(S28=0,O28/12*$T$2,0),2) -> 0 | V28: =ROUND(U28*'faktury za služby'!$M$40/$U$29,3) -> 0 | W28: =ROUND(V28*VD_Cena_BVak,2) -> 0 | X28: 7 | Y28: =X28*Evidence!N28/100 -> 0 | Z28: =ROUND(Y28/$Y$104*100,2) -> 0 | AA28: =ROUND($AC$1*Z28/100,2) -> 0
O29: =SUM(C29:N29) -> 0 | P29: =IF(Výtahy!B29="ano",O29,0) -> 0 | Q29: =O29 -> 0 | T29: Celkem | U29: =ROUND(SUM(U2:U28),3) -> 0 | W29: =SUM(W2:W28) -> 0 | X29: 11 | Y29: =X29*Evidence!N29/100 -> 0 | Z29: =ROUND(Y29/$Y$104*100,2) -> 0 | AA29: =ROUND($AC$1*Z29/100,2) -> 0
O30: =SUM(C30:N30) -> 0 | P30: =IF(Výtahy!B30="ano",O30,0) -> 0 | Q30: =O30 -> 0 | X30: 7 | Y30: =X30*Evidence!N30/100 -> 0 | Z30: =ROUND(Y30/$Y$104*100,2) -> 0 | AA30: =ROUND($AC$1*Z30/100,2) -> 0
O31: =SUM(C31:N31) -> 0 | P31: =IF(Výtahy!B31="ano",O31,0) -> 0 | Q31: =O31 -> 0 | X31: 2 | Y31: =X31*Evidence!N31/100 -> 0 | Z31: =ROUND(Y31/$Y$104*100,2) -> 0 | AA31: =ROUND($AC$1*Z31/100,2) -> 0
O32: =SUM(C32:N32) -> 0 | P32: =IF(Výtahy!B32="ano",O32,0) -> 0 | Q32: =O32 -> 0 | X32: 11 | Y32: =X32*Evidence!N32/100 -> 0 | Z32: =ROUND(Y32/$Y$104*100,2) -> 0 | AA32: =ROUND($AC$1*Z32/100,2) -> 0
O33: =SUM(C33:N33) -> 0 | P33: =IF(Výtahy!B33="ano",O33,0) -> 0 | Q33: =O33 -> 0 | X33: 0 | Y33: =X33*Evidence!N33/100 -> 0 | Z33: =ROUND(Y33/$Y$104*100,2) -> 0 | AA33: =ROUND($AC$1*Z33/100,2) -> 0
O34: =SUM(C34:N34) -> 0 | P34: =IF(Výtahy!B34="ano",O34,0) -> 0 | Q34: =O34 -> 0 | X34: 4 | Y34: =X34*Evidence!N34/100 -> 0 | Z34: =ROUND(Y34/$Y$104*100,2) -> 0 | AA34: =ROUND($AC$1*Z34/100,2) -> 0
O35: =SUM(C35:N35) -> 0 | P35: =IF(Výtahy!B35="ano",O35,0) -> 0 | Q35: =O35 -> 0 | X35: 6 | Y35: =X35*Evidence!N35/100 -> 0 | Z35: =ROUND(Y35/$Y$104*100,2) -> 0 | AA35: =ROUND($AC$1*Z35/100,2) -> 0
O36: =SUM(C36:N36) -> 0 | P36: =IF(Výtahy!B36="ano",O36,0) -> 0 | Q36: =O36 -> 0 | X36: 10 | Y36: =X36*Evidence!N36/100 -> 0 | Z36: =ROUND(Y36/$Y$104*100,2) -> 0 | AA36: =ROUND($AC$1*Z36/100,2) -> 0
O37: =SUM(C37:N37) -> 0 | P37: =IF(Výtahy!B37="ano",O37,0) -> 0 | Q37: =O37 -> 0 | X37: 9 | Y37: =X37*Evidence!N37/100 -> 0 | Z37: =ROUND(Y37/$Y$104*100,2) -> 0 | AA37: =ROUND($AC$1*Z37/100,2) -> 0
O38: =SUM(C38:N38) -> 0 | P38: =IF(Výtahy!B38="ano",O38,0) -> 0 | Q38: =O38 -> 0 | X38: 8 | Y38: =X38*Evidence!N38/100 -> 0 | Z38: =ROUND(Y38/$Y$104*100,2) -> 0 | AA38: =ROUND($AC$1*Z38/100,2) -> 0
O39: =SUM(C39:N39) -> 0 | P39: =IF(Výtahy!B39="ano",O39,0) -> 0 | Q39: =O39 -> 0 | X39: 9 | Y39: =X39*Evidence!N39/100 -> 0 | Z39: =ROUND(Y39/$Y$104*100,2) -> 0 | AA39: =ROUND($AC$1*Z39/100,2) -> 0
O40: =SUM(C40:N40) -> 0 | P40: =IF(Výtahy!B40="ano",O40,0) -> 0 | Q40: =O40 -> 0 | X40: 7 | Y40: =X40*Evidence!N40/100 -> 0 | Z40: =ROUND(Y40/$Y$104*100,2) -> 0 | AA40: =ROUND($AC$1*Z40/100,2) -> 0
O41: =SUM(C41:N41) -> 0 | P41: =IF(Výtahy!B41="ano",O41,0) -> 0 | Q41: =O41 -> 0 | X41: 7 | Y41: =X41*Evidence!N41/100 -> 0 | Z41: =ROUND(Y41/$Y$104*100,2) -> 0 | AA41: =ROUND($AC$1*Z41/100,2) -> 0
... O44: =SUM(C44:N44) -> 0 | P44: =IF(Výtahy!B44="ano",O44,0) -> 0 | Q44: =O44 -> 0 | X44: 2 | Y44: =X44*Evidence!N44/100 -> 0 | Z44: =ROUND(Y44/$Y$104*100,2) -> 0 | AA44: =ROUND($AC$1*Z44/100,2) -> 0
O45: =SUM(C45:N45) -> 0 | P45: =IF(Výtahy!B45="ano",O45,0) -> 0 | Q45: =O45 -> 0 | Y45: =X45*Evidence!N45/100 -> 0 | Z45: =ROUND(Y45/$Y$104*100,2) -> 0 | AA45: =ROUND($AC$1*Z45/100,2) -> 0
O46: =SUM(C46:N46) -> 0 | P46: =IF(Výtahy!B46="ano",O46,0) -> 0 | Q46: =O46 -> 0 | Y46: =X46*Evidence!N46/100 -> 0 | Z46: =ROUND(Y46/$Y$104*100,2) -> 0 | AA46: =ROUND($AC$1*Z46/100,2) -> 0
O47: =SUM(C47:N47) -> 0 | P47: =IF(Výtahy!B47="ano",O47,0) -> 0 | Q47: =O47 -> 0 | Y47: =X47*Evidence!N47/100 -> 0 | Z47: =ROUND(Y47/$Y$104*100,2) -> 0 | AA47: =ROUND($AC$1*Z47/100,2) -> 0
O48: =SUM(C48:N48) -> 0 | P48: =IF(Výtahy!B48="ano",O48,0) -> 0 | Q48: =O48 -> 0 | Y48: =X48*Evidence!N48/100 -> 0 | Z48: =ROUND(Y48/$Y$104*100,2) -> 0 | AA48: =ROUND($AC$1*Z48/100,2) -> 0
O49: =SUM(C49:N49) -> 0 | P49: =IF(Výtahy!B49="ano",O49,0) -> 0 | Q49: =O49 -> 0 | Y49: =X49*Evidence!N49/100 -> 0 | Z49: =ROUND(Y49/$Y$104*100,2) -> 0 | AA49: =ROUND($AC$1*Z49/100,2) -> 0
O50: =SUM(C50:N50) -> 0 | P50: =IF(Výtahy!B50="ano",O50,0) -> 0 | Q50: =O50 -> 0 | Y50: =X50*Evidence!N50/100 -> 0 | Z50: =ROUND(Y50/$Y$104*100,2) -> 0 | AA50: =ROUND($AC$1*Z50/100,2) -> 0
O51: =SUM(C51:N51) -> 0 | P51: =IF(Výtahy!B51="ano",O51,0) -> 0 | Q51: =O51 -> 0 | Y51: =X51*Evidence!N51/100 -> 0 | Z51: =ROUND(Y51/$Y$104*100,2) -> 0 | AA51: =ROUND($AC$1*Z51/100,2) -> 0
O52: =SUM(C52:N52) -> 0 | P52: =IF(Výtahy!B52="ano",O52,0) -> 0 | Q52: =O52 -> 0 | Y52: =X52*Evidence!N52/100 -> 0 | Z52: =ROUND(Y52/$Y$104*100,2) -> 0 | AA52: =ROUND($AC$1*Z52/100,2) -> 0
O53: =SUM(C53:N53) -> 0 | P53: =IF(Výtahy!B53="ano",O53,0) -> 0 | Q53: =O53 -> 0 | Y53: =X53*Evidence!N53/100 -> 0 | Z53: =ROUND(Y53/$Y$104*100,2) -> 0 | AA53: =ROUND($AC$1*Z53/100,2) -> 0
O54: =SUM(C54:N54) -> 0 | P54: =IF(Výtahy!B54="ano",O54,0) -> 0 | Q54: =O54 -> 0 | Y54: =X54*Evidence!N54/100 -> 0 | Z54: =ROUND(Y54/$Y$104*100,2) -> 0 | AA54: =ROUND($AC$1*Z54/100,2) -> 0
O55: =SUM(C55:N55) -> 0 | P55: =IF(Výtahy!B55="ano",O55,0) -> 0 | Q55: =O55 -> 0 | Y55: =X55*Evidence!N55/100 -> 0 | Z55: =ROUND(Y55/$Y$104*100,2) -> 0 | AA55: =ROUND($AC$1*Z55/100,2) -> 0
O56: =SUM(C56:N56) -> 0 | P56: =IF(Výtahy!B56="ano",O56,0) -> 0 | Q56: =O56 -> 0 | Y56: =X56*Evidence!N56/100 -> 0 | Z56: =ROUND(Y56/$Y$104*100,2) -> 0 | AA56: =ROUND($AC$1*Z56/100,2) -> 0
... O103: =SUM(C103:N103) -> 0 | P103: =IF(Výtahy!B103="ano",O103,0) -> 0 | Q103: =O103 -> 0 | Y103: =X103*Evidence!N103/100 -> 0 | Z103: =ROUND(Y103/$Y$104*100,2) -> 0 | AA103: =ROUND($AC$1*Z103/100,2) -> 0
N104: celkem | O104: =SUM(O2:O103) -> 0 | P104: =SUM(P2:P103) -> 0 | Q104: =SUM(Q2:Q103) -> 0 | Y104: =SUM(Y2:Y103) -> 0 | AA104: =SUM(AA2:AA103) -> 0
X105: =SUM(X2:X104) -> 0

Sheet Předpis po mesici
A1: SEZNAM | B1: =Faktury!A4 -> 0 | O1: =Faktury!A5 -> 0 | AB1: =Faktury!A6 -> 0 | AO1: =Faktury!A7 -> 0 | BB1: =Faktury!A3 -> 0 | BO1: =Faktury!A11 -> 0 | CB1: =Faktury!A2 -> 0 | CO1: =Faktury!A8 -> 0 | DB1: =Faktury!A9 -> 0 | DO1: =Faktury!A12 -> 0 | EB1: =Faktury!A18 -> 0 | EO1: =Faktury!A17 -> 0 | FB1: =Faktury!A19 -> 0 | FO1: =Faktury!A10 -> 0 | GB1: =Faktury!A22 -> 0 | GO1: =Faktury!A15 -> 0 | HB1: =Faktury!A13 -> 0 | HO1: =Faktury!A14 -> 0 | IB1: Ostatní služby 2 | IO1: =Faktury!A16 -> 0 | JC1: Předpisy po měsíci celkem
B2: 1 | C2: 2 | D2: 3 | E2: 4 | F2: 5 | G2: 6 | H2: 7 | I2: 8 | J2: 9 | K2: 10 | L2: 11 | M2: 12 | N2: celkem | O2: 1 | P2: 2 | Q2: 3 | R2: 4 | S2: 5 | T2: 6 | U2: 7 | V2: 8 | W2: 9 | X2: 10 | Y2: 11 | Z2: 12 | AA2: celkem | AB2: 1 | AC2: 2 | AD2: 3 | AE2: 4 | AF2: 5 | AG2: 6 | AH2: 7 | AI2: 8 | AJ2: 9 | AK2: 10 | AL2: 11 | AM2: 12 | AN2: celkem | AO2: 1 | AP2: 2 | AQ2: 3 | AR2: 4 | AS2: 5 | AT2: 6 | AU2: 7 | AV2: 8 | AW2: 9 | AX2: 10 | AY2: 11 | AZ2: 12 | BA2: celkem | BB2: 1 | BC2: 2 | BD2: 3 | BE2: 4 | BF2: 5 | BG2: 6 | BH2: 7 | BI2: 8 | BJ2: 9 | BK2: 10 | BL2: 11 | BM2: 12 | BN2: celkem | BO2: 1 | BP2: 2 | BQ2: 3 | BR2: 4 | BS2: 5 | BT2: 6 | BU2: 7 | BV2: 8 | BW2: 9 | BX2: 10 | BY2: 11 | BZ2: 12 | CA2: celkem | CB2: 1 | CC2: 2 | CD2: 3 | CE2: 4 | CF2: 5 | CG2: 6 | CH2: 7 | CI2: 8 | CJ2: 9 | CK2: 10 | CL2: 11 | CM2: 12 | CN2: celkem | CO2: 1 | CP2: 2 | CQ2: 3 | CR2: 4 | CS2: 5 | CT2: 6 | CU2: 7 | CV2: 8 | CW2: 9 | CX2: 10 | CY2: 11 | CZ2: 12 | DA2: celkem | DB2: 1 | DC2: 2 | DD2: 3 | DE2: 4 | DF2: 5 | DG2: 6 | DH2: 7 | DI2: 8 | DJ2: 9 | DK2: 10 | DL2: 11 | DM2: 12 | DN2: celkem | DO2: 1 | DP2: 2 | DQ2: 3 | DR2: 4 | DS2: 5 | DT2: 6 | DU2: 7 | DV2: 8 | DW2: 9 | DX2: 10 | DY2: 11 | DZ2: 12 | EA2: celkem | EB2: 1 | EC2: 2 | ED2: 3 | EE2: 4 | EF2: 5 | EG2: 6 | EH2: 7 | EI2: 8 | EJ2: 9 | EK2: 10 | EL2: 11 | EM2: 12 | EN2: celkem | EO2: 1 | EP2: 2 | EQ2: 3 | ER2: 4 | ES2: 5 | ET2: 6 | EU2: 7 | EV2: 8 | EW2: 9 | EX2: 10 | EY2: 11 | EZ2: 12 | FA2: celkem | FB2: 1 | FC2: 2 | FD2: 3 | FE2: 4 | FF2: 5 | FG2: 6 | FH2: 7 | FI2: 8 | FJ2: 9 | FK2: 10 | FL2: 11 | FM2: 12 | FN2: celkem | FO2: 1 | FP2: 2 | FQ2: 3 | FR2: 4 | FS2: 5 | FT2: 6 | FU2: 7 | FV2: 8 | FW2: 9 | FX2: 10 | FY2: 11 | FZ2: 12 | GA2: celkem | GB2: 1 | GC2: 2 | GD2: 3 | GE2: 4 | GF2: 5 | GG2: 6 | GH2: 7 | GI2: 8 | GJ2: 9 | GK2: 10 | GL2: 11 | GM2: 12 | GN2: celkem | GO2: 1 | GP2: 2 | GQ2: 3 | GR2: 4 | GS2: 5 | GT2: 6 | GU2: 7 | GV2: 8 | GW2: 9 | GX2: 10 | GY2: 11 | GZ2: 12 | HA2: celkem | HB2: 1 | HC2: 2 | HD2: 3 | HE2: 4 | HF2: 5 | HG2: 6 | HH2: 7 | HI2: 8 | HJ2: 9 | HK2: 10 | HL2: 11 | HM2: 12 | HN2: celkem | HO2: 1 | HP2: 2 | HQ2: 3 | HR2: 4 | HS2: 5 | HT2: 6 | HU2: 7 | HV2: 8 | HW2: 9 | HX2: 10 | HY2: 11 | HZ2: 12 | IA2: celkem | IB2: 1 | IC2: 2 | ID2: 3 | IE2: 4 | IF2: 5 | IG2: 6 | IH2: 7 | II2: 8 | IJ2: 9 | IK2: 10 | IL2: 11 | IM2: 12 | IN2: celkem | IO2: 1 | IP2: 2 | IQ2: 3 | IR2: 4 | IS2: 5 | IT2: 6 | IU2: 7 | IV2: 8 | IW2: 9 | IX2: 10 | IY2: 11 | IZ2: 12 | JA2: celkem | JC2: 1 | JD2: 2 | JE2: 3 | JF2: 4 | JG2: 5 | JH2: 6 | JI2: 7 | JJ2: 8 | JK2: 9 | JL2: 10 | JM2: 11 | JN2: 12 | JO2: celkem | JQ2: CELKEM (kontrola)
A3: Bazén č. 318/23 | B3: 0 | C3: 0 | D3: 0 | E3: 0 | F3: 0 | G3: 0 | H3: 0 | I3: 0 | J3: 0 | K3: 0 | L3: 0 | M3: 0 | N3: =SUM(B3:M3) -> 0 | O3: 0 | P3: 0 | Q3: 0 | R3: 0 | S3: 0 | T3: 0 | U3: 0 | V3: 0 | W3: 0 | X3: 0 | Y3: 0 | Z3: 0 | AA3: =SUM(O3:Z3) -> 0 | AB3: 0 | AC3: 0 | AD3: 0 | AE3: 0 | AF3: 0 | AG3: 0 | AH3: 0 | AI3: 0 | AJ3: 0 | AK3: 0 | AL3: 0 | AM3: 0 | AN3: =SUM(AB3:AM3) -> 0 | AO3: 0 | AP3: 0 | AQ3: 0 | AR3: 0 | AS3: 0 | AT3: 0 | AU3: 0 | AV3: 0 | AW3: 0 | AX3: 0 | AY3: 0 | AZ3: 0 | BA3: =SUM(AO3:AZ3) -> 0 | BB3: 0 | BC3: 0 | BD3: 0 | BE3: 0 | BF3: 0 | BG3: 0 | BH3: 0 | BI3: 0 | BJ3: 0 | BK3: 0 | BL3: 0 | BM3: 0 | BN3: =SUM(BB3:BM3) -> 0 | BO3: 0 | BP3: 0 | BQ3: 0 | BR3: 0 | BS3: 0 | BT3: 0 | BU3: 0 | BV3: 0 | BW3: 0 | BX3: 0 | BY3: 0 | BZ3: 0 | CA3: =SUM(BO3:BZ3) -> 0 | CB3: 0 | CC3: 0 | CD3: 0 | CE3: 0 | CF3: 0 | CG3: 0 | CH3: 0 | CI3: 0 | CJ3: 0 | CK3: 0 | CL3: 0 | CM3: 0 | CN3: =SUM(CB3:CM3) -> 0 | CO3: 0 | CP3: 0 | CQ3: 0 | CR3: 0 | CS3: 0 | CT3: 0 | CU3: 0 | CV3: 0 | CW3: 0 | CX3: 0 | CY3: 0 | CZ3: 0 | DA3: =SUM(CO3:CZ3) -> 0 | DB3: 0 | DC3: 0 | DD3: 0 | DE3: 0 | DF3: 0 | DG3: 0 | DH3: 0 | DI3: 0 | DJ3: 0 | DK3: 0 | DL3: 0 | DM3: 0 | DN3: =SUM(DB3:DM3) -> 0 | DO3: 0 | DP3: 0 | DQ3: 0 | DR3: 0 | DS3: 0 | DT3: 0 | DU3: 0 | DV3: 0 | DW3: 0 | DX3: 0 | DY3: 0 | DZ3: 0 | EA3: =SUM(DO3:DZ3) -> 0 | EB3: 0 | EC3: 0 | ED3: 0 | EE3: 0 | EF3: 0 | EG3: 0 | EH3: 0 | EI3: 0 | EJ3: 0 | EK3: 0 | EL3: 0 | EM3: 0 | EN3: =SUM(EB3:EM3) -> 0 | EO3: 0 | EP3: 0 | EQ3: 0 | ER3: 0 | ES3: 0 | ET3: 0 | EU3: 0 | EV3: 0 | EW3: 0 | EX3: 0 | EY3: 0 | EZ3: 0 | FA3: =SUM(EO3:EZ3) -> 0 | FB3: 0 | FC3: 0 | FD3: 0 | FE3: 0 | FF3: 0 | FG3: 0 | FH3: 0 | FI3: 0 | FJ3: 0 | FK3: 0 | FL3: 0 | FM3: 0 | FN3: =SUM(FB3:FM3) -> 0 | FO3: 0 | FP3: 0 | FQ3: 0 | FR3: 0 | FS3: 0 | FT3: 0 | FU3: 0 | FV3: 0 | FW3: 0 | FX3: 0 | FY3: 0 | FZ3: 0 | GA3: =SUM(FO3:FZ3) -> 0 | GB3: 0 | GC3: 0 | GD3: 0 | GE3: 0 | GF3: 0 | GG3: 0 | GH3: 0 | GI3: 0 | GJ3: 0 | GK3: 0 | GL3: 0 | GM3: 0 | GN3: =SUM(GB3:GM3) -> 0 | GO3: 0 | GP3: 0 | GQ3: 0 | GR3: 0 | GS3: 0 | GT3: 0 | GU3: 0 | GV3: 0 | GW3: 0 | GX3: 0 | GY3: 0 | GZ3: 0 | HA3: =SUM(GO3:GZ3) -> 0 | HB3: 0 | HC3: 0 | HD3: 0 | HE3: 0 | HF3: 0 | HG3: 0 | HH3: 0 | HI3: 0 | HJ3: 0 | HK3: 0 | HL3: 0 | HM3: 0 | HN3: =SUM(HB3:HM3) -> 0 | HO3: 0 | HP3: 0 | HQ3: 0 | HR3: 0 | HS3: 0 | HT3: 0 | HU3: 0 | HV3: 0 | HW3: 0 | HX3: 0 | HY3: 0 | HZ3: 0 | IA3: =SUM(HO3:HZ3) -> 0 | IB3: 0 | IC3: 0 | ID3: 0 | IE3: 0 | IF3: 0 | IG3: 0 | IH3: 0 | II3: 0 | IJ3: 0 | IK3: 0 | IL3: 0 | IM3: 0 | IN3: =SUM(IB3:IM3) -> 0 | IO3: 0 | IP3: 0 | IQ3: 0 | IR3: 0 | IS3: 0 | IT3: 0 | IU3: 0 | IV3: 0 | IW3: 0 | IX3: 0 | IY3: 0 | IZ3: 0 | JA3: =SUM(IO3:IZ3) -> 0 | JC3: =B3+O3+AB3+AO3+BB3+BO3+CB3+CO3+DB3+DO3+EB3+EO3+FB3+FO3+GB3+GO3+HB3+HO3+IB3+IO3 -> 0 | JD3: =C3+P3+AC3+AP3+BC3+BP3+CC3+CP3+DC3+DP3+EC3+EP3+FC3+FP3+GC3+GP3+HC3+HP3+IC3+IP3 -> 0 | JE3: =D3+Q3+AD3+AQ3+BD3+BQ3+CD3+CQ3+DD3+DQ3+ED3+EQ3+FD3+FQ3+GD3+GQ3+HD3+HQ3+ID3+IQ3 -> 0 | JF3: =E3+R3+AE3+AR3+BE3+BR3+CE3+CR3+DE3+DR3+EE3+ER3+FE3+FR3+GE3+GR3+HE3+HR3+IE3+IR3 -> 0 | JG3: =F3+S3+AF3+AS3+BF3+BS3+CF3+CS3+DF3+DS3+EF3+ES3+FF3+FS3+GF3+GS3+HF3+HS3+IF3+IS3 -> 0 | JH3: =G3+T3+AG3+AT3+BG3+BT3+CG3+CT3+DG3+DT3+EG3+ET3+FG3+FT3+GG3+GT3+HG3+HT3+IG3+IT3 -> 0 | JI3: =H3+U3+AH3+AU3+BH3+BU3+CH3+CU3+DH3+DU3+EH3+EU3+FH3+FU3+GH3+GU3+HH3+HU3+IH3+IU3 -> 0 | JJ3: =I3+V3+AI3+AV3+BI3+BV3+CI3+CV3+DI3+DV3+EI3+EV3+FI3+FV3+GI3+GV3+HI3+HV3+II3+IV3 -> 0 | ... JN3: =M3+Z3+AM3+AZ3+BM3+BZ3+CM3+CZ3+DM3+DZ3+EM3+EZ3+FM3+FZ3+GM3+GZ3+HM3+HZ3+IM3+IZ3 -> 0 | JO3: =SUM(JC3:JN3) -> 0 | JQ3: =N3+AA3+AN3+BA3+BN3+CA3+CN3+DA3+DN3+EA3+EN3+FA3+FN3+GA3+GN3+HA3+HN3+IA3+IN3+JA3 -> 0
A4: Jednotka č. 318/01 | B4: 0 | C4: 0 | D4: 0 | E4: 0 | F4: 0 | G4: 0 | H4: 0 | I4: 0 | J4: 0 | K4: 200 | L4: 200 | M4: 200 | N4: =SUM(B4:M4) -> 0 | O4: 0 | P4: 0 | Q4: 0 | R4: 0 | S4: 0 | T4: 0 | U4: 0 | V4: 0 | W4: 0 | X4: 400 | Y4: 400 | Z4: 400 | AA4: =SUM(O4:Z4) -> 0 | AB4: 0 | AC4: 0 | AD4: 0 | AE4: 0 | AF4: 0 | AG4: 0 | AH4: 0 | AI4: 0 | AJ4: 0 | AK4: 700 | AL4: 700 | AM4: 700 | AN4: =SUM(AB4:AM4) -> 0 | AO4: 0 | AP4: 0 | AQ4: 0 | AR4: 0 | AS4: 0 | AT4: 0 | AU4: 0 | AV4: 0 | AW4: 0 | AX4: 350 | AY4: 350 | AZ4: 350 | BA4: =SUM(AO4:AZ4) -> 0 | BB4: 0 | BC4: 0 | BD4: 0 | BE4: 0 | BF4: 0 | BG4: 0 | BH4: 0 | BI4: 0 | BJ4: 0 | BK4: 400 | BL4: 400 | BM4: 400 | BN4: =SUM(BB4:BM4) -> 0 | BO4: 0 | BP4: 0 | BQ4: 0 | BR4: 0 | BS4: 0 | BT4: 0 | BU4: 0 | BV4: 0 | BW4: 0 | BX4: 160 | BY4: 160 | BZ4: 160 | CA4: =SUM(BO4:BZ4) -> 0 | CB4: 0 | CC4: 0 | CD4: 0 | CE4: 0 | CF4: 0 | CG4: 0 | CH4: 0 | CI4: 0 | CJ4: 0 | CK4: 917 | CL4: 917 | CM4: 917 | CN4: =SUM(CB4:CM4) -> 0 | CO4: 0 | CP4: 0 | CQ4: 0 | CR4: 0 | CS4: 0 | CT4: 0 | CU4: 0 | CV4: 0 | CW4: 0 | CX4: 450 | CY4: 450 | CZ4: 450 | DA4: =SUM(CO4:CZ4) -> 0 | DB4: 0 | DC4: 0 | DD4: 0 | DE4: 0 | DF4: 0 | DG4: 0 | DH4: 0 | DI4: 0 | DJ4: 0 | DK4: 300 | DL4: 300 | DM4: 300 | DN4: =SUM(DB4:DM4) -> 0 | DO4: 0 | DP4: 0 | DQ4: 0 | DR4: 0 | DS4: 0 | DT4: 0 | DU4: 0 | DV4: 0 | DW4: 0 | DX4: 200 | DY4: 200 | DZ4: 200 | EA4: =SUM(DO4:DZ4) -> 0 | EB4: 0 | EC4: 0 | ED4: 0 | EE4: 0 | EF4: 0 | EG4: 0 | EH4: 0 | EI4: 0 | EJ4: 0 | EK4: 0 | EL4: 0 | EM4: 0 | EN4: =SUM(EB4:EM4) -> 0 | EO4: 0 | EP4: 0 | EQ4: 0 | ER4: 0 | ES4: 0 | ET4: 0 | EU4: 0 | EV4: 0 | EW4: 0 | EX4: 0 | EY4: 0 | EZ4: 0 | FA4: =SUM(EO4:EZ4) -> 0 | FB4: 0 | FC4: 0 | FD4: 0 | FE4: 0 | FF4: 0 | FG4: 0 | FH4: 0 | FI4: 0 | FJ4: 0 | FK4: 0 | FL4: 0 | FM4: 0 | FN4: =SUM(FB4:FM4) -> 0 | FO4: 0 | FP4: 0 | FQ4: 0 | FR4: 0 | FS4: 0 | FT4: 0 | FU4: 0 | FV4: 0 | FW4: 0 | FX4: 0 | FY4: 0 | FZ4: 0 | GA4: =SUM(FO4:FZ4) -> 0 | GB4: 0 | GC4: 0 | GD4: 0 | GE4: 0 | GF4: 0 | GG4: 0 | GH4: 0 | GI4: 0 | GJ4: 0 | GK4: 0 | GL4: 0 | GM4: 0 | GN4: =SUM(GB4:GM4) -> 0 | GO4: 0 | GP4: 0 | GQ4: 0 | GR4: 0 | GS4: 0 | GT4: 0 | GU4: 0 | GV4: 0 | GW4: 0 | GX4: 0 | GY4: 0 | GZ4: 0 | HA4: =SUM(GO4:GZ4) -> 0 | HB4: 0 | HC4: 0 | HD4: 0 | HE4: 0 | HF4: 0 | HG4: 0 | HH4: 0 | HI4: 0 | HJ4: 0 | HK4: 0 | HL4: 0 | HM4: 0 | HN4: =SUM(HB4:HM4) -> 0 | HO4: 0 | HP4: 0 | HQ4: 0 | HR4: 0 | HS4: 0 | HT4: 0 | HU4: 0 | HV4: 0 | HW4: 0 | HX4: 100 | HY4: 100 | HZ4: 100 | IA4: =SUM(HO4:HZ4) -> 0 | IB4: 0 | IC4: 0 | ID4: 0 | IE4: 0 | IF4: 0 | IG4: 0 | IH4: 0 | II4: 0 | IJ4: 0 | IK4: 0 | IL4: 0 | IM4: 0 | IN4: =SUM(IB4:IM4) -> 0 | IO4: 0 | IP4: 0 | IQ4: 0 | IR4: 0 | IS4: 0 | IT4: 0 | IU4: 0 | IV4: 0 | IW4: 0 | IX4: 0 | IY4: 0 | IZ4: 0 | JA4: =SUM(IO4:IZ4) -> 0 | JC4: =B4+O4+AB4+AO4+BB4+BO4+CB4+CO4+DB4+DO4+EB4+EO4+FB4+FO4+GB4+GO4+HB4+HO4+IB4+IO4 -> 0 | JD4: =C4+P4+AC4+AP4+BC4+BP4+CC4+CP4+DC4+DP4+EC4+EP4+FC4+FP4+GC4+GP4+HC4+HP4+IC4+IP4 -> 0 | JE4: =D4+Q4+AD4+AQ4+BD4+BQ4+CD4+CQ4+DD4+DQ4+ED4+EQ4+FD4+FQ4+GD4+GQ4+HD4+HQ4+ID4+IQ4 -> 0 | JF4: =E4+R4+AE4+AR4+BE4+BR4+CE4+CR4+DE4+DR4+EE4+ER4+FE4+FR4+GE4+GR4+HE4+HR4+IE4+IR4 -> 0 | JG4: =F4+S4+AF4+AS4+BF4+BS4+CF4+CS4+DF4+DS4+EF4+ES4+FF4+FS4+GF4+GS4+HF4+HS4+IF4+IS4 -> 0 | JH4: =G4+T4+AG4+AT4+BG4+BT4+CG4+CT4+DG4+DT4+EG4+ET4+FG4+FT4+GG4+GT4+HG4+HT4+IG4+IT4 -> 0 | JI4: =H4+U4+AH4+AU4+BH4+BU4+CH4+CU4+DH4+DU4+EH4+EU4+FH4+FU4+GH4+GU4+HH4+HU4+IH4+IU4 -> 0 | JJ4: =I4+V4+AI4+AV4+BI4+BV4+CI4+CV4+DI4+DV4+EI4+EV4+FI4+FV4+GI4+GV4+HI4+HV4+II4+IV4 -> 0 | ... JN4: =M4+Z4+AM4+AZ4+BM4+BZ4+CM4+CZ4+DM4+DZ4+EM4+EZ4+FM4+FZ4+GM4+GZ4+HM4+HZ4+IM4+IZ4 -> 0 | JO4: =SUM(JC4:JN4) -> 0 | JQ4: =N4+AA4+AN4+BA4+BN4+CA4+CN4+DA4+DN4+EA4+EN4+FA4+FN4+GA4+GN4+HA4+HN4+IA4+IN4+JA4 -> 0
A5: Jednotka č. 318/01 P | B5: 150 | C5: 150 | D5: 150 | E5: 150 | F5: 150 | G5: 150 | H5: 150 | I5: 150 | J5: 150 | K5: 0 | L5: 0 | M5: 0 | N5: =SUM(B5:M5) -> 0 | O5: 500 | P5: 500 | Q5: 500 | R5: 500 | S5: 500 | T5: 500 | U5: 500 | V5: 500 | W5: 500 | X5: 0 | Y5: 0 | Z5: 0 | AA5: =SUM(O5:Z5) -> 0 | AB5: 862 | AC5: 862 | AD5: 862 | AE5: 862 | AF5: 862 | AG5: 862 | AH5: 862 | AI5: 862 | AJ5: 862 | AK5: 0 | AL5: 0 | AM5: 0 | AN5: =SUM(AB5:AM5) -> 0 | AO5: 539 | AP5: 539 | AQ5: 539 | AR5: 539 | AS5: 539 | AT5: 539 | AU5: 539 | AV5: 539 | AW5: 539 | AX5: 0 | AY5: 0 | AZ5: 0 | BA5: =SUM(AO5:AZ5) -> 0 | BB5: 206 | BC5: 206 | BD5: 206 | BE5: 206 | BF5: 206 | BG5: 206 | BH5: 206 | BI5: 206 | BJ5: 206 | BK5: 0 | BL5: 0 | BM5: 0 | BN5: =SUM(BB5:BM5) -> 0 | BO5: 171 | BP5: 171 | BQ5: 171 | BR5: 171 | BS5: 171 | BT5: 171 | BU5: 171 | BV5: 171 | BW5: 171 | BX5: 0 | BY5: 0 | BZ5: 0 | CA5: =SUM(BO5:BZ5) -> 0 | CB5: 917 | CC5: 917 | CD5: 917 | CE5: 917 | CF5: 917 | CG5: 917 | CH5: 917 | CI5: 917 | CJ5: 917 | CK5: 0 | CL5: 0 | CM5: 0 | CN5: =SUM(CB5:CM5) -> 0 | CO5: 594 | CP5: 594 | CQ5: 594 | CR5: 594 | CS5: 594 | CT5: 594 | CU5: 594 | CV5: 594 | CW5: 594 | CX5: 0 | CY5: 0 | CZ5: 0 | DA5: =SUM(CO5:CZ5) -> 0 | DB5: 346 | DC5: 346 | DD5: 346 | DE5: 346 | DF5: 346 | DG5: 346 | DH5: 346 | DI5: 346 | DJ5: 346 | DK5: 0 | DL5: 0 | DM5: 0 | DN5: =SUM(DB5:DM5) -> 0 | DO5: 240 | DP5: 240 | DQ5: 240 | DR5: 240 | DS5: 240 | DT5: 240 | DU5: 240 | DV5: 240 | DW5: 240 | DX5: 0 | DY5: 0 | DZ5: 0 | EA5: =SUM(DO5:DZ5) -> 0 | EB5: 0 | EC5: 0 | ED5: 0 | EE5: 0 | EF5: 0 | EG5: 0 | EH5: 0 | EI5: 0 | EJ5: 0 | EK5: 0 | EL5: 0 | EM5: 0 | EN5: =SUM(EB5:EM5) -> 0 | EO5: 0 | EP5: 0 | EQ5: 0 | ER5: 0 | ES5: 0 | ET5: 0 | EU5: 0 | EV5: 0 | EW5: 0 | EX5: 0 | EY5: 0 | EZ5: 0 | FA5: =SUM(EO5:EZ5) -> 0 | FB5: 0 | FC5: 0 | FD5: 0 | FE5: 0 | FF5: 0 | FG5: 0 | FH5: 0 | FI5: 0 | FJ5: 0 | FK5: 0 | FL5: 0 | FM5: 0 | FN5: =SUM(FB5:FM5) -> 0 | FO5: 0 | FP5: 0 | FQ5: 0 | FR5: 0 | FS5: 0 | FT5: 0 | FU5: 0 | FV5: 0 | FW5: 0 | FX5: 0 | FY5: 0 | FZ5: 0 | GA5: =SUM(FO5:FZ5) -> 0 | GB5: 0 | GC5: 0 | GD5: 0 | GE5: 0 | GF5: 0 | GG5: 0 | GH5: 0 | GI5: 0 | GJ5: 0 | GK5: 0 | GL5: 0 | GM5: 0 | GN5: =SUM(GB5:GM5) -> 0 | GO5: 0 | GP5: 0 | GQ5: 0 | GR5: 0 | GS5: 0 | GT5: 0 | GU5: 0 | GV5: 0 | GW5: 0 | GX5: 0 | GY5: 0 | GZ5: 0 | HA5: =SUM(GO5:GZ5) -> 0 | HB5: 0 | HC5: 0 | HD5: 0 | HE5: 0 | HF5: 0 | HG5: 0 | HH5: 0 | HI5: 0 | HJ5: 0 | HK5: 0 | HL5: 0 | HM5: 0 | HN5: =SUM(HB5:HM5) -> 0 | HO5: 97 | HP5: 97 | HQ5: 97 | HR5: 97 | HS5: 97 | HT5: 97 | HU5: 97 | HV5: 97 | HW5: 97 | HX5: 0 | HY5: 0 | HZ5: 0 | IA5: =SUM(HO5:HZ5) -> 0 | IB5: 0 | IC5: 0 | ID5: 0 | IE5: 0 | IF5: 0 | IG5: 0 | IH5: 0 | II5: 0 | IJ5: 0 | IK5: 0 | IL5: 0 | IM5: 0 | IN5: =SUM(IB5:IM5) -> 0 | IO5: 0 | IP5: 0 | IQ5: 0 | IR5: 0 | IS5: 0 | IT5: 0 | IU5: 0 | IV5: 0 | IW5: 0 | IX5: 0 | IY5: 0 | IZ5: 0 | JA5: =SUM(IO5:IZ5) -> 0 | JC5: =B5+O5+AB5+AO5+BB5+BO5+CB5+CO5+DB5+DO5+EB5+EO5+FB5+FO5+GB5+GO5+HB5+HO5+IB5+IO5 -> 0 | JD5: =C5+P5+AC5+AP5+BC5+BP5+CC5+CP5+DC5+DP5+EC5+EP5+FC5+FP5+GC5+GP5+HC5+HP5+IC5+IP5 -> 0 | JE5: =D5+Q5+AD5+AQ5+BD5+BQ5+CD5+CQ5+DD5+DQ5+ED5+EQ5+FD5+FQ5+GD5+GQ5+HD5+HQ5+ID5+IQ5 -> 0 | JF5: =E5+R5+AE5+AR5+BE5+BR5+CE5+CR5+DE5+DR5+EE5+ER5+FE5+FR5+GE5+GR5+HE5+HR5+IE5+IR5 -> 0 | JG5: =F5+S5+AF5+AS5+BF5+BS5+CF5+CS5+DF5+DS5+EF5+ES5+FF5+FS5+GF5+GS5+HF5+HS5+IF5+IS5 -> 0 | JH5: =G5+T5+AG5+AT5+BG5+BT5+CG5+CT5+DG5+DT5+EG5+ET5+FG5+FT5+GG5+GT5+HG5+HT5+IG5+IT5 -> 0 | JI5: =H5+U5+AH5+AU5+BH5+BU5+CH5+CU5+DH5+DU5+EH5+EU5+FH5+FU5+GH5+GU5+HH5+HU5+IH5+IU5 -> 0 | JJ5: =I5+V5+AI5+AV5+BI5+BV5+CI5+CV5+DI5+DV5+EI5+EV5+FI5+FV5+GI5+GV5+HI5+HV5+II5+IV5 -> 0 | ... JN5: =M5+Z5+AM5+AZ5+BM5+BZ5+CM5+CZ5+DM5+DZ5+EM5+EZ5+FM5+FZ5+GM5+GZ5+HM5+HZ5+IM5+IZ5 -> 0 | JO5: =SUM(JC5:JN5) -> 0 | JQ5: =N5+AA5+AN5+BA5+BN5+CA5+CN5+DA5+DN5+EA5+EN5+FA5+FN5+GA5+GN5+HA5+HN5+IA5+IN5+JA5 -> 0
A6: Jednotka č. 318/02 | B6: 150 | C6: 150 | D6: 150 | E6: 150 | F6: 150 | G6: 150 | H6: 150 | I6: 150 | J6: 150 | K6: 150 | L6: 150 | M6: 150 | N6: =SUM(B6:M6) -> 0 | O6: 250 | P6: 250 | Q6: 250 | R6: 250 | S6: 250 | T6: 250 | U6: 250 | V6: 250 | W6: 250 | X6: 250 | Y6: 250 | Z6: 250 | AA6: =SUM(O6:Z6) -> 0 | AB6: 360 | AC6: 360 | AD6: 360 | AE6: 360 | AF6: 360 | AG6: 360 | AH6: 360 | AI6: 360 | AJ6: 360 | AK6: 360 | AL6: 360 | AM6: 360 | AN6: =SUM(AB6:AM6) -> 0 | AO6: 225 | AP6: 225 | AQ6: 225 | AR6: 225 | AS6: 225 | AT6: 225 | AU6: 225 | AV6: 225 | AW6: 225 | AX6: 225 | AY6: 225 | AZ6: 225 | BA6: =SUM(AO6:AZ6) -> 0 | BB6: 206 | BC6: 206 | BD6: 206 | BE6: 206 | BF6: 206 | BG6: 206 | BH6: 206 | BI6: 206 | BJ6: 206 | BK6: 206 | BL6: 206 | BM6: 206 | BN6: =SUM(BB6:BM6) -> 0 | BO6: 78 | BP6: 78 | BQ6: 78 | BR6: 78 | BS6: 78 | BT6: 78 | BU6: 78 | BV6: 78 | BW6: 78 | BX6: 78 | BY6: 78 | BZ6: 78 | CA6: =SUM(BO6:BZ6) -> 0 | CB6: 419 | CC6: 419 | CD6: 419 | CE6: 419 | CF6: 419 | CG6: 419 | CH6: 419 | CI6: 419 | CJ6: 419 | CK6: 419 | CL6: 419 | CM6: 419 | CN6: =SUM(CB6:CM6) -> 0 | CO6: 255 | CP6: 255 | CQ6: 255 | CR6: 255 | CS6: 255 | CT6: 255 | CU6: 255 | CV6: 255 | CW6: 255 | CX6: 255 | CY6: 255 | CZ6: 255 | DA6: =SUM(CO6:CZ6) -> 0 | DB6: 246 | DC6: 246 | DD6: 246 | DE6: 246 | DF6: 246 | DG6: 246 | DH6: 246 | DI6: 246 | DJ6: 246 | DK6: 246 | DL6: 246 | DM6: 246 | DN6: =SUM(DB6:DM6) -> 0 | DO6: 240 | DP6: 240 | DQ6: 240 | DR6: 240 | DS6: 240 | DT6: 240 | DU6: 240 | DV6: 240 | DW6: 240 | DX6: 240 | DY6: 240 | DZ6: 240 | EA6: =SUM(DO6:DZ6) -> 0 | EB6: 0 | EC6: 0 | ED6: 0 | EE6: 0 | EF6: 0 | EG6: 0 | EH6: 0 | EI6: 0 | EJ6: 0 | EK6: 0 | EL6: 0 | EM6: 0 | EN6: =SUM(EB6:EM6) -> 0 | EO6: 0 | EP6: 0 | EQ6: 0 | ER6: 0 | ES6: 0 | ET6: 0 | EU6: 0 | EV6: 0 | EW6: 0 | EX6: 0 | EY6: 0 | EZ6: 0 | FA6: =SUM(EO6:EZ6) -> 0 | FB6: 0 | FC6: 0 | FD6: 0 | FE6: 0 | FF6: 0 | FG6: 0 | FH6: 0 | FI6: 0 | FJ6: 0 | FK6: 0 | FL6: 0 | FM6: 0 | FN6: =SUM(FB6:FM6) -> 0 | FO6: 0 | FP6: 0 | FQ6: 0 | FR6: 0 | FS6: 0 | FT6: 0 | FU6: 0 | FV6: 0 | FW6: 0 | FX6: 0 | FY6: 0 | FZ6: 0 | GA6: =SUM(FO6:FZ6) -> 0 | GB6: 0 | GC6: 0 | GD6: 0 | GE6: 0 | GF6: 0 | GG6: 0 | GH6: 0 | GI6: 0 | GJ6: 0 | GK6: 0 | GL6: 0 | GM6: 0 | GN6: =SUM(GB6:GM6) -> 0 | GO6: 0 | GP6: 0 | GQ6: 0 | GR6: 0 | GS6: 0 | GT6: 0 | GU6: 0 | GV6: 0 | GW6: 0 | GX6: 0 | GY6: 0 | GZ6: 0 | HA6: =SUM(GO6:GZ6) -> 0 | HB6: 0 | HC6: 0 | HD6: 0 | HE6: 0 | HF6: 0 | HG6: 0 | HH6: 0 | HI6: 0 | HJ6: 0 | HK6: 0 | HL6: 0 | HM6: 0 | HN6: =SUM(HB6:HM6) -> 0 | HO6: 97 | HP6: 97 | HQ6: 97 | HR6: 97 | HS6: 97 | HT6: 97 | HU6: 97 | HV6: 97 | HW6: 97 | HX6: 97 | HY6: 97 | HZ6: 97 | IA6: =SUM(HO6:HZ6) -> 0 | IB6: 0 | IC6: 0 | ID6: 0 | IE6: 0 | IF6: 0 | IG6: 0 | IH6: 0 | II6: 0 | IJ6: 0 | IK6: 0 | IL6: 0 | IM6: 0 | IN6: =SUM(IB6:IM6) -> 0 | IO6: 0 | IP6: 0 | IQ6: 0 | IR6: 0 | IS6: 0 | IT6: 0 | IU6: 0 | IV6: 0 | IW6: 0 | IX6: 0 | IY6: 0 | IZ6: 0 | JA6: =SUM(IO6:IZ6) -> 0 | JC6: =B6+O6+AB6+AO6+BB6+BO6+CB6+CO6+DB6+DO6+EB6+EO6+FB6+FO6+GB6+GO6+HB6+HO6+IB6+IO6 -> 0 | JD6: =C6+P6+AC6+AP6+BC6+BP6+CC6+CP6+DC6+DP6+EC6+EP6+FC6+FP6+GC6+GP6+HC6+HP6+IC6+IP6 -> 0 | JE6: =D6+Q6+AD6+AQ6+BD6+BQ6+CD6+CQ6+DD6+DQ6+ED6+EQ6+FD6+FQ6+GD6+GQ6+HD6+HQ6+ID6+IQ6 -> 0 | JF6: =E6+R6+AE6+AR6+BE6+BR6+CE6+CR6+DE6+DR6+EE6+ER6+FE6+FR6+GE6+GR6+HE6+HR6+IE6+IR6 -> 0 | JG6: =F6+S6+AF6+AS6+BF6+BS6+CF6+CS6+DF6+DS6+EF6+ES6+FF6+FS6+GF6+GS6+HF6+HS6+IF6+IS6 -> 0 | JH6: =G6+T6+AG6+AT6+BG6+BT6+CG6+CT6+DG6+DT6+EG6+ET6+FG6+FT6+GG6+GT6+HG6+HT6+IG6+IT6 -> 0 | JI6: =H6+U6+AH6+AU6+BH6+BU6+CH6+CU6+DH6+DU6+EH6+EU6+FH6+FU6+GH6+GU6+HH6+HU6+IH6+IU6 -> 0 | JJ6: =I6+V6+AI6+AV6+BI6+BV6+CI6+CV6+DI6+DV6+EI6+EV6+FI6+FV6+GI6+GV6+HI6+HV6+II6+IV6 -> 0 | ... JN6: =M6+Z6+AM6+AZ6+BM6+BZ6+CM6+CZ6+DM6+DZ6+EM6+EZ6+FM6+FZ6+GM6+GZ6+HM6+HZ6+IM6+IZ6 -> 0 | JO6: =SUM(JC6:JN6) -> 0 | JQ6: =N6+AA6+AN6+BA6+BN6+CA6+CN6+DA6+DN6+EA6+EN6+FA6+FN6+GA6+GN6+HA6+HN6+IA6+IN6+JA6 -> 0
A7: Jednotka č. 318/03 | B7: 150 | C7: 150 | D7: 150 | E7: 150 | F7: 150 | G7: 150 | H7: 150 | I7: 150 | J7: 150 | K7: 150 | L7: 150 | M7: 150 | N7: =SUM(B7:M7) -> 0 | O7: 250 | P7: 250 | Q7: 250 | R7: 250 | S7: 250 | T7: 250 | U7: 250 | V7: 250 | W7: 250 | X7: 250 | Y7: 250 | Z7: 250 | AA7: =SUM(O7:Z7) -> 0 | AB7: 488 | AC7: 488 | AD7: 488 | AE7: 488 | AF7: 488 | AG7: 488 | AH7: 488 | AI7: 488 | AJ7: 488 | AK7: 488 | AL7: 488 | AM7: 488 | AN7: =SUM(AB7:AM7) -> 0 | AO7: 305 | AP7: 305 | AQ7: 305 | AR7: 305 | AS7: 305 | AT7: 305 | AU7: 305 | AV7: 305 | AW7: 305 | AX7: 305 | AY7: 305 | AZ7: 305 | BA7: =SUM(AO7:AZ7) -> 0 | BB7: 206 | BC7: 206 | BD7: 206 | BE7: 206 | BF7: 206 | BG7: 206 | BH7: 206 | BI7: 206 | BJ7: 206 | BK7: 206 | BL7: 206 | BM7: 206 | BN7: =SUM(BB7:BM7) -> 0 | BO7: 114 | BP7: 114 | BQ7: 114 | BR7: 114 | BS7: 114 | BT7: 114 | BU7: 114 | BV7: 114 | BW7: 114 | BX7: 114 | BY7: 114 | BZ7: 114 | CA7: =SUM(BO7:BZ7) -> 0 | CB7: 544 | CC7: 544 | CD7: 544 | CE7: 544 | CF7: 544 | CG7: 544 | CH7: 544 | CI7: 544 | CJ7: 544 | CK7: 544 | CL7: 544 | CM7: 544 | CN7: =SUM(CB7:CM7) -> 0 | CO7: 348 | CP7: 348 | CQ7: 348 | CR7: 348 | CS7: 348 | CT7: 348 | CU7: 348 | CV7: 348 | CW7: 348 | CX7: 348 | CY7: 348 | CZ7: 348 | DA7: =SUM(CO7:CZ7) -> 0 | DB7: 285 | DC7: 285 | DD7: 285 | DE7: 285 | DF7: 285 | DG7: 285 | DH7: 285 | DI7: 285 | DJ7: 285 | DK7: 285 | DL7: 285 | DM7: 285 | DN7: =SUM(DB7:DM7) -> 0 | DO7: 240 | DP7: 240 | DQ7: 240 | DR7: 240 | DS7: 240 | DT7: 240 | DU7: 240 | DV7: 240 | DW7: 240 | DX7: 240 | DY7: 240 | DZ7: 240 | EA7: =SUM(DO7:DZ7) -> 0 | EB7: 0 | EC7: 0 | ED7: 0 | EE7: 0 | EF7: 0 | EG7: 0 | EH7: 0 | EI7: 0 | EJ7: 0 | EK7: 0 | EL7: 0 | EM7: 0 | EN7: =SUM(EB7:EM7) -> 0 | EO7: 0 | EP7: 0 | EQ7: 0 | ER7: 0 | ES7: 0 | ET7: 0 | EU7: 0 | EV7: 0 | EW7: 0 | EX7: 0 | EY7: 0 | EZ7: 0 | FA7: =SUM(EO7:EZ7) -> 0 | FB7: 0 | FC7: 0 | FD7: 0 | FE7: 0 | FF7: 0 | FG7: 0 | FH7: 0 | FI7: 0 | FJ7: 0 | FK7: 0 | FL7: 0 | FM7: 0 | FN7: =SUM(FB7:FM7) -> 0 | FO7: 0 | FP7: 0 | FQ7: 0 | FR7: 0 | FS7: 0 | FT7: 0 | FU7: 0 | FV7: 0 | FW7: 0 | FX7: 0 | FY7: 0 | FZ7: 0 | GA7: =SUM(FO7:FZ7) -> 0 | GB7: 0 | GC7: 0 | GD7: 0 | GE7: 0 | GF7: 0 | GG7: 0 | GH7: 0 | GI7: 0 | GJ7: 0 | GK7: 0 | GL7: 0 | GM7: 0 | GN7: =SUM(GB7:GM7) -> 0 | GO7: 0 | GP7: 0 | GQ7: 0 | GR7: 0 | GS7: 0 | GT7: 0 | GU7: 0 | GV7: 0 | GW7: 0 | GX7: 0 | GY7: 0 | GZ7: 0 | HA7: =SUM(GO7:GZ7) -> 0 | HB7: 0 | HC7: 0 | HD7: 0 | HE7: 0 | HF7: 0 | HG7: 0 | HH7: 0 | HI7: 0 | HJ7: 0 | HK7: 0 | HL7: 0 | HM7: 0 | HN7: =SUM(HB7:HM7) -> 0 | HO7: 97 | HP7: 97 | HQ7: 97 | HR7: 97 | HS7: 97 | HT7: 97 | HU7: 97 | HV7: 97 | HW7: 97 | HX7: 97 | HY7: 97 | HZ7: 97 | IA7: =SUM(HO7:HZ7) -> 0 | IB7: 0 | IC7: 0 | ID7: 0 | IE7: 0 | IF7: 0 | IG7: 0 | IH7: 0 | II7: 0 | IJ7: 0 | IK7: 0 | IL7: 0 | IM7: 0 | IN7: =SUM(IB7:IM7) -> 0 | IO7: 0 | IP7: 0 | IQ7: 0 | IR7: 0 | IS7: 0 | IT7: 0 | IU7: 0 | IV7: 0 | IW7: 0 | IX7: 0 | IY7: 0 | IZ7: 0 | JA7: =SUM(IO7:IZ7) -> 0 | JC7: =B7+O7+AB7+AO7+BB7+BO7+CB7+CO7+DB7+DO7+EB7+EO7+FB7+FO7+GB7+GO7+HB7+HO7+IB7+IO7 -> 0 | JD7: =C7+P7+AC7+AP7+BC7+BP7+CC7+CP7+DC7+DP7+EC7+EP7+FC7+FP7+GC7+GP7+HC7+HP7+IC7+IP7 -> 0 | JE7: =D7+Q7+AD7+AQ7+BD7+BQ7+CD7+CQ7+DD7+DQ7+ED7+EQ7+FD7+FQ7+GD7+GQ7+HD7+HQ7+ID7+IQ7 -> 0 | JF7: =E7+R7+AE7+AR7+BE7+BR7+CE7+CR7+DE7+DR7+EE7+ER7+FE7+FR7+GE7+GR7+HE7+HR7+IE7+IR7 -> 0 | JG7: =F7+S7+AF7+AS7+BF7+BS7+CF7+CS7+DF7+DS7+EF7+ES7+FF7+FS7+GF7+GS7+HF7+HS7+IF7+IS7 -> 0 | JH7: =G7+T7+AG7+AT7+BG7+BT7+CG7+CT7+DG7+DT7+EG7+ET7+FG7+FT7+GG7+GT7+HG7+HT7+IG7+IT7 -> 0 | JI7: =H7+U7+AH7+AU7+BH7+BU7+CH7+CU7+DH7+DU7+EH7+EU7+FH7+FU7+GH7+GU7+HH7+HU7+IH7+IU7 -> 0 | JJ7: =I7+V7+AI7+AV7+BI7+BV7+CI7+CV7+DI7+DV7+EI7+EV7+FI7+FV7+GI7+GV7+HI7+HV7+II7+IV7 -> 0 | ... JN7: =M7+Z7+AM7+AZ7+BM7+BZ7+CM7+CZ7+DM7+DZ7+EM7+EZ7+FM7+FZ7+GM7+GZ7+HM7+HZ7+IM7+IZ7 -> 0 | JO7: =SUM(JC7:JN7) -> 0 | JQ7: =N7+AA7+AN7+BA7+BN7+CA7+CN7+DA7+DN7+EA7+EN7+FA7+FN7+GA7+GN7+HA7+HN7+IA7+IN7+JA7 -> 0
A8: Jednotka č. 318/04 | B8: 150 | C8: 150 | D8: 150 | E8: 150 | F8: 150 | G8: 150 | H8: 150 | I8: 150 | J8: 150 | K8: 150 | L8: 150 | M8: 150 | N8: =SUM(B8:M8) -> 0 | O8: 550 | P8: 550 | Q8: 550 | R8: 550 | S8: 550 | T8: 550 | U8: 550 | V8: 550 | W8: 550 | X8: 550 | Y8: 550 | Z8: 550 | AA8: =SUM(O8:Z8) -> 0 | AB8: 638 | AC8: 638 | AD8: 638 | AE8: 638 | AF8: 638 | AG8: 638 | AH8: 638 | AI8: 638 | AJ8: 638 | AK8: 638 | AL8: 638 | AM8: 638 | AN8: =SUM(AB8:AM8) -> 0 | AO8: 587 | AP8: 587 | AQ8: 587 | AR8: 587 | AS8: 587 | AT8: 587 | AU8: 587 | AV8: 587 | AW8: 587 | AX8: 587 | AY8: 587 | AZ8: 587 | BA8: =SUM(AO8:AZ8) -> 0 | BB8: 206 | BC8: 206 | BD8: 206 | BE8: 206 | BF8: 206 | BG8: 206 | BH8: 206 | BI8: 206 | BJ8: 206 | BK8: 206 | BL8: 206 | BM8: 206 | BN8: =SUM(BB8:BM8) -> 0 | BO8: 159 | BP8: 159 | BQ8: 159 | BR8: 159 | BS8: 159 | BT8: 159 | BU8: 159 | BV8: 159 | BW8: 159 | BX8: 159 | BY8: 159 | BZ8: 159 | CA8: =SUM(BO8:BZ8) -> 0 | CB8: 994 | CC8: 994 | CD8: 994 | CE8: 994 | CF8: 994 | CG8: 994 | CH8: 994 | CI8: 994 | CJ8: 994 | CK8: 994 | CL8: 994 | CM8: 994 | CN8: =SUM(CB8:CM8) -> 0 | CO8: 635 | CP8: 635 | CQ8: 635 | CR8: 635 | CS8: 635 | CT8: 635 | CU8: 635 | CV8: 635 | CW8: 635 | CX8: 635 | CY8: 635 | CZ8: 635 | DA8: =SUM(CO8:CZ8) -> 0 | DB8: 333 | DC8: 333 | DD8: 333 | DE8: 333 | DF8: 333 | DG8: 333 | DH8: 333 | DI8: 333 | DJ8: 333 | DK8: 333 | DL8: 333 | DM8: 333 | DN8: =SUM(DB8:DM8) -> 0 | DO8: 240 | DP8: 240 | DQ8: 240 | DR8: 240 | DS8: 240 | DT8: 240 | DU8: 240 | DV8: 240 | DW8: 240 | DX8: 240 | DY8: 240 | DZ8: 240 | EA8: =SUM(DO8:DZ8) -> 0 | EB8: 0 | EC8: 0 | ED8: 0 | EE8: 0 | EF8: 0 | EG8: 0 | EH8: 0 | EI8: 0 | EJ8: 0 | EK8: 0 | EL8: 0 | EM8: 0 | EN8: =SUM(EB8:EM8) -> 0 | EO8: 0 | EP8: 0 | EQ8: 0 | ER8: 0 | ES8: 0 | ET8: 0 | EU8: 0 | EV8: 0 | EW8: 0 | EX8: 0 | EY8: 0 | EZ8: 0 | FA8: =SUM(EO8:EZ8) -> 0 | FB8: 0 | FC8: 0 | FD8: 0 | FE8: 0 | FF8: 0 | FG8: 0 | FH8: 0 | FI8: 0 | FJ8: 0 | FK8: 0 | FL8: 0 | FM8: 0 | FN8: =SUM(FB8:FM8) -> 0 | FO8: 0 | FP8: 0 | FQ8: 0 | FR8: 0 | FS8: 0 | FT8: 0 | FU8: 0 | FV8: 0 | FW8: 0 | FX8: 0 | FY8: 0 | FZ8: 0 | GA8: =SUM(FO8:FZ8) -> 0 | GB8: 0 | GC8: 0 | GD8: 0 | GE8: 0 | GF8: 0 | GG8: 0 | GH8: 0 | GI8: 0 | GJ8: 0 | GK8: 0 | GL8: 0 | GM8: 0 | GN8: =SUM(GB8:GM8) -> 0 | GO8: 0 | GP8: 0 | GQ8: 0 | GR8: 0 | GS8: 0 | GT8: 0 | GU8: 0 | GV8: 0 | GW8: 0 | GX8: 0 | GY8: 0 | GZ8: 0 | HA8: =SUM(GO8:GZ8) -> 0 | HB8: 0 | HC8: 0 | HD8: 0 | HE8: 0 | HF8: 0 | HG8: 0 | HH8: 0 | HI8: 0 | HJ8: 0 | HK8: 0 | HL8: 0 | HM8: 0 | HN8: =SUM(HB8:HM8) -> 0 | HO8: 97 | HP8: 97 | HQ8: 97 | HR8: 97 | HS8: 97 | HT8: 97 | HU8: 97 | HV8: 97 | HW8: 97 | HX8: 97 | HY8: 97 | HZ8: 97 | IA8: =SUM(HO8:HZ8) -> 0 | IB8: 0 | IC8: 0 | ID8: 0 | IE8: 0 | IF8: 0 | IG8: 0 | IH8: 0 | II8: 0 | IJ8: 0 | IK8: 0 | IL8: 0 | IM8: 0 | IN8: =SUM(IB8:IM8) -> 0 | IO8: 0 | IP8: 0 | IQ8: 0 | IR8: 0 | IS8: 0 | IT8: 0 | IU8: 0 | IV8: 0 | IW8: 0 | IX8: 0 | IY8: 0 | IZ8: 0 | JA8: =SUM(IO8:IZ8) -> 0 | JC8: =B8+O8+AB8+AO8+BB8+BO8+CB8+CO8+DB8+DO8+EB8+EO8+FB8+FO8+GB8+GO8+HB8+HO8+IB8+IO8 -> 0 | JD8: =C8+P8+AC8+AP8+BC8+BP8+CC8+CP8+DC8+DP8+EC8+EP8+FC8+FP8+GC8+GP8+HC8+HP8+IC8+IP8 -> 0 | JE8: =D8+Q8+AD8+AQ8+BD8+BQ8+CD8+CQ8+DD8+DQ8+ED8+EQ8+FD8+FQ8+GD8+GQ8+HD8+HQ8+ID8+IQ8 -> 0 | JF8: =E8+R8+AE8+AR8+BE8+BR8+CE8+CR8+DE8+DR8+EE8+ER8+FE8+FR8+GE8+GR8+HE8+HR8+IE8+IR8 -> 0 | JG8: =F8+S8+AF8+AS8+BF8+BS8+CF8+CS8+DF8+DS8+EF8+ES8+FF8+FS8+GF8+GS8+HF8+HS8+IF8+IS8 -> 0 | JH8: =G8+T8+AG8+AT8+BG8+BT8+CG8+CT8+DG8+DT8+EG8+ET8+FG8+FT8+GG8+GT8+HG8+HT8+IG8+IT8 -> 0 | JI8: =H8+U8+AH8+AU8+BH8+BU8+CH8+CU8+DH8+DU8+EH8+EU8+FH8+FU8+GH8+GU8+HH8+HU8+IH8+IU8 -> 0 | JJ8: =I8+V8+AI8+AV8+BI8+BV8+CI8+CV8+DI8+DV8+EI8+EV8+FI8+FV8+GI8+GV8+HI8+HV8+II8+IV8 -> 0 | ... JN8: =M8+Z8+AM8+AZ8+BM8+BZ8+CM8+CZ8+DM8+DZ8+EM8+EZ8+FM8+FZ8+GM8+GZ8+HM8+HZ8+IM8+IZ8 -> 0 | JO8: =SUM(JC8:JN8) -> 0 | JQ8: =N8+AA8+AN8+BA8+BN8+CA8+CN8+DA8+DN8+EA8+EN8+FA8+FN8+GA8+GN8+HA8+HN8+IA8+IN8+JA8 -> 0
A9: Jednotka č. 318/05 | B9: 150 | C9: 150 | D9: 150 | E9: 150 | F9: 150 | G9: 150 | H9: 150 | I9: 150 | J9: 150 | K9: 150 | L9: 150 | M9: 150 | N9: =SUM(B9:M9) -> 0 | O9: 250 | P9: 250 | Q9: 250 | R9: 250 | S9: 250 | T9: 250 | U9: 250 | V9: 250 | W9: 250 | X9: 250 | Y9: 250 | Z9: 250 | AA9: =SUM(O9:Z9) -> 0 | AB9: 722 | AC9: 722 | AD9: 722 | AE9: 722 | AF9: 722 | AG9: 722 | AH9: 722 | AI9: 722 | AJ9: 722 | AK9: 722 | AL9: 722 | AM9: 722 | AN9: =SUM(AB9:AM9) -> 0 | AO9: 452 | AP9: 452 | AQ9: 452 | AR9: 452 | AS9: 452 | AT9: 452 | AU9: 452 | AV9: 452 | AW9: 452 | AX9: 452 | AY9: 452 | AZ9: 452 | BA9: =SUM(AO9:AZ9) -> 0 | BB9: 206 | BC9: 206 | BD9: 206 | BE9: 206 | BF9: 206 | BG9: 206 | BH9: 206 | BI9: 206 | BJ9: 206 | BK9: 206 | BL9: 206 | BM9: 206 | BN9: =SUM(BB9:BM9) -> 0 | BO9: 127 | BP9: 127 | BQ9: 127 | BR9: 127 | BS9: 127 | BT9: 127 | BU9: 127 | BV9: 127 | BW9: 127 | BX9: 127 | BY9: 127 | BZ9: 127 | CA9: =SUM(BO9:BZ9) -> 0 | CB9: 781 | CC9: 781 | CD9: 781 | CE9: 781 | CF9: 781 | CG9: 781 | CH9: 781 | CI9: 781 | CJ9: 781 | CK9: 781 | CL9: 781 | CM9: 781 | CN9: =SUM(CB9:CM9) -> 0 | CO9: 494 | CP9: 494 | CQ9: 494 | CR9: 494 | CS9: 494 | CT9: 494 | CU9: 494 | CV9: 494 | CW9: 494 | CX9: 494 | CY9: 494 | CZ9: 494 | DA9: =SUM(CO9:CZ9) -> 0 | DB9: 299 | DC9: 299 | DD9: 299 | DE9: 299 | DF9: 299 | DG9: 299 | DH9: 299 | DI9: 299 | DJ9: 299 | DK9: 299 | DL9: 299 | DM9: 299 | DN9: =SUM(DB9:DM9) -> 0 | DO9: 240 | DP9: 240 | DQ9: 240 | DR9: 240 | DS9: 240 | DT9: 240 | DU9: 240 | DV9: 240 | DW9: 240 | DX9: 240 | DY9: 240 | DZ9: 240 | EA9: =SUM(DO9:DZ9) -> 0 | EB9: 0 | EC9: 0 | ED9: 0 | EE9: 0 | EF9: 0 | EG9: 0 | EH9: 0 | EI9: 0 | EJ9: 0 | EK9: 0 | EL9: 0 | EM9: 0 | EN9: =SUM(EB9:EM9) -> 0 | EO9: 0 | EP9: 0 | EQ9: 0 | ER9: 0 | ES9: 0 | ET9: 0 | EU9: 0 | EV9: 0 | EW9: 0 | EX9: 0 | EY9: 0 | EZ9: 0 | FA9: =SUM(EO9:EZ9) -> 0 | FB9: 0 | FC9: 0 | FD9: 0 | FE9: 0 | FF9: 0 | FG9: 0 | FH9: 0 | FI9: 0 | FJ9: 0 | FK9: 0 | FL9: 0 | FM9: 0 | FN9: =SUM(FB9:FM9) -> 0 | FO9: 0 | FP9: 0 | FQ9: 0 | FR9: 0 | FS9: 0 | FT9: 0 | FU9: 0 | FV9: 0 | FW9: 0 | FX9: 0 | FY9: 0 | FZ9: 0 | GA9: =SUM(FO9:FZ9) -> 0 | GB9: 0 | GC9: 0 | GD9: 0 | GE9: 0 | GF9: 0 | GG9: 0 | GH9: 0 | GI9: 0 | GJ9: 0 | GK9: 0 | GL9: 0 | GM9: 0 | GN9: =SUM(GB9:GM9) -> 0 | GO9: 0 | GP9: 0 | GQ9: 0 | GR9: 0 | GS9: 0 | GT9: 0 | GU9: 0 | GV9: 0 | GW9: 0 | GX9: 0 | GY9: 0 | GZ9: 0 | HA9: =SUM(GO9:GZ9) -> 0 | HB9: 0 | HC9: 0 | HD9: 0 | HE9: 0 | HF9: 0 | HG9: 0 | HH9: 0 | HI9: 0 | HJ9: 0 | HK9: 0 | HL9: 0 | HM9: 0 | HN9: =SUM(HB9:HM9) -> 0 | HO9: 97 | HP9: 97 | HQ9: 97 | HR9: 97 | HS9: 97 | HT9: 97 | HU9: 97 | HV9: 97 | HW9: 97 | HX9: 97 | HY9: 97 | HZ9: 97 | IA9: =SUM(HO9:HZ9) -> 0 | IB9: 0 | IC9: 0 | ID9: 0 | IE9: 0 | IF9: 0 | IG9: 0 | IH9: 0 | II9: 0 | IJ9: 0 | IK9: 0 | IL9: 0 | IM9: 0 | IN9: =SUM(IB9:IM9) -> 0 | IO9: 0 | IP9: 0 | IQ9: 0 | IR9: 0 | IS9: 0 | IT9: 0 | IU9: 0 | IV9: 0 | IW9: 0 | IX9: 0 | IY9: 0 | IZ9: 0 | JA9: =SUM(IO9:IZ9) -> 0 | JC9: =B9+O9+AB9+AO9+BB9+BO9+CB9+CO9+DB9+DO9+EB9+EO9+FB9+FO9+GB9+GO9+HB9+HO9+IB9+IO9 -> 0 | JD9: =C9+P9+AC9+AP9+BC9+BP9+CC9+CP9+DC9+DP9+EC9+EP9+FC9+FP9+GC9+GP9+HC9+HP9+IC9+IP9 -> 0 | JE9: =D9+Q9+AD9+AQ9+BD9+BQ9+CD9+CQ9+DD9+DQ9+ED9+EQ9+FD9+FQ9+GD9+GQ9+HD9+HQ9+ID9+IQ9 -> 0 | JF9: =E9+R9+AE9+AR9+BE9+BR9+CE9+CR9+DE9+DR9+EE9+ER9+FE9+FR9+GE9+GR9+HE9+HR9+IE9+IR9 -> 0 | JG9: =F9+S9+AF9+AS9+BF9+BS9+CF9+CS9+DF9+DS9+EF9+ES9+FF9+FS9+GF9+GS9+HF9+HS9+IF9+IS9 -> 0 | JH9: =G9+T9+AG9+AT9+BG9+BT9+CG9+CT9+DG9+DT9+EG9+ET9+FG9+FT9+GG9+GT9+HG9+HT9+IG9+IT9 -> 0 | JI9: =H9+U9+AH9+AU9+BH9+BU9+CH9+CU9+DH9+DU9+EH9+EU9+FH9+FU9+GH9+GU9+HH9+HU9+IH9+IU9 -> 0 | JJ9: =I9+V9+AI9+AV9+BI9+BV9+CI9+CV9+DI9+DV9+EI9+EV9+FI9+FV9+GI9+GV9+HI9+HV9+II9+IV9 -> 0 | ... JN9: =M9+Z9+AM9+AZ9+BM9+BZ9+CM9+CZ9+DM9+DZ9+EM9+EZ9+FM9+FZ9+GM9+GZ9+HM9+HZ9+IM9+IZ9 -> 0 | JO9: =SUM(JC9:JN9) -> 0 | JQ9: =N9+AA9+AN9+BA9+BN9+CA9+CN9+DA9+DN9+EA9+EN9+FA9+FN9+GA9+GN9+HA9+HN9+IA9+IN9+JA9 -> 0
A10: Jednotka č. 318/06 | B10: 170 | C10: 170 | D10: 170 | E10: 170 | F10: 170 | G10: 170 | H10: 170 | I10: 170 | J10: 170 | K10: 170 | L10: 170 | M10: 170 | N10: =SUM(B10:M10) -> 0 | O10: 80 | P10: 80 | Q10: 80 | R10: 80 | S10: 80 | T10: 80 | U10: 80 | V10: 80 | W10: 80 | X10: 80 | Y10: 80 | Z10: 80 | AA10: =SUM(O10:Z10) -> 0 | AB10: 470 | AC10: 470 | AD10: 470 | AE10: 470 | AF10: 470 | AG10: 470 | AH10: 470 | AI10: 470 | AJ10: 470 | AK10: 470 | AL10: 470 | AM10: 470 | AN10: =SUM(AB10:AM10) -> 0 | AO10: 150 | AP10: 150 | AQ10: 150 | AR10: 150 | AS10: 150 | AT10: 150 | AU10: 150 | AV10: 150 | AW10: 150 | AX10: 150 | AY10: 150 | AZ10: 150 | BA10: =SUM(AO10:AZ10) -> 0 | BB10: 380 | BC10: 380 | BD10: 380 | BE10: 380 | BF10: 380 | BG10: 380 | BH10: 380 | BI10: 380 | BJ10: 380 | BK10: 380 | BL10: 380 | BM10: 380 | BN10: =SUM(BB10:BM10) -> 0 | BO10: 100 | BP10: 100 | BQ10: 100 | BR10: 100 | BS10: 100 | BT10: 100 | BU10: 100 | BV10: 100 | BW10: 100 | BX10: 100 | BY10: 100 | BZ10: 100 | CA10: =SUM(BO10:BZ10) -> 0 | CB10: 733 | CC10: 733 | CD10: 733 | CE10: 733 | CF10: 733 | CG10: 733 | CH10: 733 | CI10: 733 | CJ10: 733 | CK10: 733 | CL10: 733 | CM10: 733 | CN10: =SUM(CB10:CM10) -> 0 | CO10: 390 | CP10: 390 | CQ10: 390 | CR10: 390 | CS10: 390 | CT10: 390 | CU10: 390 | CV10: 390 | CW10: 390 | CX10: 390 | CY10: 390 | CZ10: 390 | DA10: =SUM(CO10:CZ10) -> 0 | DB10: 240 | DC10: 240 | DD10: 240 | DE10: 240 | DF10: 240 | DG10: 240 | DH10: 240 | DI10: 240 | DJ10: 240 | DK10: 240 | DL10: 240 | DM10: 240 | DN10: =SUM(DB10:DM10) -> 0 | DO10: 250 | DP10: 250 | DQ10: 250 | DR10: 250 | DS10: 250 | DT10: 250 | DU10: 250 | DV10: 250 | DW10: 250 | DX10: 250 | DY10: 250 | DZ10: 250 | EA10: =SUM(DO10:DZ10) -> 0 | EB10: 0 | EC10: 0 | ED10: 0 | EE10: 0 | EF10: 0 | EG10: 0 | EH10: 0 | EI10: 0 | EJ10: 0 | EK10: 0 | EL10: 0 | EM10: 0 | EN10: =SUM(EB10:EM10) -> 0 | EO10: 0 | EP10: 0 | EQ10: 0 | ER10: 0 | ES10: 0 | ET10: 0 | EU10: 0 | EV10: 0 | EW10: 0 | EX10: 0 | EY10: 0 | EZ10: 0 | FA10: =SUM(EO10:EZ10) -> 0 | FB10: 0 | FC10: 0 | FD10: 0 | FE10: 0 | FF10: 0 | FG10: 0 | FH10: 0 | FI10: 0 | FJ10: 0 | FK10: 0 | FL10: 0 | FM10: 0 | FN10: =SUM(FB10:FM10) -> 0 | FO10: 0 | FP10: 0 | FQ10: 0 | FR10: 0 | FS10: 0 | FT10: 0 | FU10: 0 | FV10: 0 | FW10: 0 | FX10: 0 | FY10: 0 | FZ10: 0 | GA10: =SUM(FO10:FZ10) -> 0 | GB10: 0 | GC10: 0 | GD10: 0 | GE10: 0 | GF10: 0 | GG10: 0 | GH10: 0 | GI10: 0 | GJ10: 0 | GK10: 0 | GL10: 0 | GM10: 0 | GN10: =SUM(GB10:GM10) -> 0 | GO10: 0 | GP10: 0 | GQ10: 0 | GR10: 0 | GS10: 0 | GT10: 0 | GU10: 0 | GV10: 0 | GW10: 0 | GX10: 0 | GY10: 0 | GZ10: 0 | HA10: =SUM(GO10:GZ10) -> 0 | HB10: 0 | HC10: 0 | HD10: 0 | HE10: 0 | HF10: 0 | HG10: 0 | HH10: 0 | HI10: 0 | HJ10: 0 | HK10: 0 | HL10: 0 | HM10: 0 | HN10: =SUM(HB10:HM10) -> 0 | HO10: 140 | HP10: 140 | HQ10: 140 | HR10: 140 | HS10: 140 | HT10: 140 | HU10: 140 | HV10: 140 | HW10: 140 | HX10: 140 | HY10: 140 | HZ10: 140 | IA10: =SUM(HO10:HZ10) -> 0 | IB10: 0 | IC10: 0 | ID10: 0 | IE10: 0 | IF10: 0 | IG10: 0 | IH10: 0 | II10: 0 | IJ10: 0 | IK10: 0 | IL10: 0 | IM10: 0 | IN10: =SUM(IB10:IM10) -> 0 | IO10: 0 | IP10: 0 | IQ10: 0 | IR10: 0 | IS10: 0 | IT10: 0 | IU10: 0 | IV10: 0 | IW10: 0 | IX10: 0 | IY10: 0 | IZ10: 0 | JA10: =SUM(IO10:IZ10) -> 0 | JC10: =B10+O10+AB10+AO10+BB10+BO10+CB10+CO10+DB10+DO10+EB10+EO10+FB10+FO10+GB10+GO10+HB10+HO10+IB10+IO10 -> 0 | JD10: =C10+P10+AC10+AP10+BC10+BP10+CC10+CP10+DC10+DP10+EC10+EP10+FC10+FP10+GC10+GP10+HC10+HP10+IC10+IP10 -> 0 | JE10: =D10+Q10+AD10+AQ10+BD10+BQ10+CD10+CQ10+DD10+DQ10+ED10+EQ10+FD10+FQ10+GD10+GQ10+HD10+HQ10+ID10+IQ10 -> 0 | JF10: =E10+R10+AE10+AR10+BE10+BR10+CE10+CR10+DE10+DR10+EE10+ER10+FE10+FR10+GE10+GR10+HE10+HR10+IE10+IR10 -> 0 | JG10: =F10+S10+AF10+AS10+BF10+BS10+CF10+CS10+DF10+DS10+EF10+ES10+FF10+FS10+GF10+GS10+HF10+HS10+IF10+IS10 -> 0 | JH10: =G10+T10+AG10+AT10+BG10+BT10+CG10+CT10+DG10+DT10+EG10+ET10+FG10+FT10+GG10+GT10+HG10+HT10+IG10+IT10 -> 0 | JI10: =H10+U10+AH10+AU10+BH10+BU10+CH10+CU10+DH10+DU10+EH10+EU10+FH10+FU10+GH10+GU10+HH10+HU10+IH10+IU10 -> 0 | JJ10: =I10+V10+AI10+AV10+BI10+BV10+CI10+CV10+DI10+DV10+EI10+EV10+FI10+FV10+GI10+GV10+HI10+HV10+II10+IV10 -> 0 | ... JN10: =M10+Z10+AM10+AZ10+BM10+BZ10+CM10+CZ10+DM10+DZ10+EM10+EZ10+FM10+FZ10+GM10+GZ10+HM10+HZ10+IM10+IZ10 -> 0 | JO10: =SUM(JC10:JN10) -> 0 | JQ10: =N10+AA10+AN10+BA10+BN10+CA10+CN10+DA10+DN10+EA10+EN10+FA10+FN10+GA10+GN10+HA10+HN10+IA10+IN10+JA10 -> 0
A11: Jednotka č. 318/07 | B11: 150 | C11: 150 | D11: 150 | E11: 150 | F11: 150 | G11: 150 | H11: 150 | I11: 150 | J11: 150 | K11: 150 | L11: 150 | M11: 150 | N11: =SUM(B11:M11) -> 0 | O11: 500 | P11: 500 | Q11: 500 | R11: 500 | S11: 500 | T11: 500 | U11: 500 | V11: 500 | W11: 500 | X11: 500 | Y11: 500 | Z11: 500 | AA11: =SUM(O11:Z11) -> 0 | AB11: 818 | AC11: 818 | AD11: 818 | AE11: 818 | AF11: 818 | AG11: 818 | AH11: 818 | AI11: 818 | AJ11: 818 | AK11: 818 | AL11: 818 | AM11: 818 | AN11: =SUM(AB11:AM11) -> 0 | AO11: 512 | AP11: 512 | AQ11: 512 | AR11: 512 | AS11: 512 | AT11: 512 | AU11: 512 | AV11: 512 | AW11: 512 | AX11: 512 | AY11: 512 | AZ11: 512 | BA11: =SUM(AO11:AZ11) -> 0 | BB11: 206 | BC11: 206 | BD11: 206 | BE11: 206 | BF11: 206 | BG11: 206 | BH11: 206 | BI11: 206 | BJ11: 206 | BK11: 206 | BL11: 206 | BM11: 206 | BN11: =SUM(BB11:BM11) -> 0 | BO11: 163 | BP11: 163 | BQ11: 163 | BR11: 163 | BS11: 163 | BT11: 163 | BU11: 163 | BV11: 163 | BW11: 163 | BX11: 163 | BY11: 163 | BZ11: 163 | CA11: =SUM(BO11:BZ11) -> 0 | CB11: 881 | CC11: 881 | CD11: 881 | CE11: 881 | CF11: 881 | CG11: 881 | CH11: 881 | CI11: 881 | CJ11: 881 | CK11: 881 | CL11: 881 | CM11: 881 | CN11: =SUM(CB11:CM11) -> 0 | CO11: 568 | CP11: 568 | CQ11: 568 | CR11: 568 | CS11: 568 | CT11: 568 | CU11: 568 | CV11: 568 | CW11: 568 | CX11: 568 | CY11: 568 | CZ11: 568 | DA11: =SUM(CO11:CZ11) -> 0 | DB11: 337 | DC11: 337 | DD11: 337 | DE11: 337 | DF11: 337 | DG11: 337 | DH11: 337 | DI11: 337 | DJ11: 337 | DK11: 337 | DL11: 337 | DM11: 337 | DN11: =SUM(DB11:DM11) -> 0 | DO11: 240 | DP11: 240 | DQ11: 240 | DR11: 240 | DS11: 240 | DT11: 240 | DU11: 240 | DV11: 240 | DW11: 240 | DX11: 240 | DY11: 240 | DZ11: 240 | EA11: =SUM(DO11:DZ11) -> 0 | EB11: 0 | EC11: 0 | ED11: 0 | EE11: 0 | EF11: 0 | EG11: 0 | EH11: 0 | EI11: 0 | EJ11: 0 | EK11: 0 | EL11: 0 | EM11: 0 | EN11: =SUM(EB11:EM11) -> 0 | EO11: 0 | EP11: 0 | EQ11: 0 | ER11: 0 | ES11: 0 | ET11: 0 | EU11: 0 | EV11: 0 | EW11: 0 | EX11: 0 | EY11: 0 | EZ11: 0 | FA11: =SUM(EO11:EZ11) -> 0 | FB11: 0 | FC11: 0 | FD11: 0 | FE11: 0 | FF11: 0 | FG11: 0 | FH11: 0 | FI11: 0 | FJ11: 0 | FK11: 0 | FL11: 0 | FM11: 0 | FN11: =SUM(FB11:FM11) -> 0 | FO11: 0 | FP11: 0 | FQ11: 0 | FR11: 0 | FS11: 0 | FT11: 0 | FU11: 0 | FV11: 0 | FW11: 0 | FX11: 0 | FY11: 0 | FZ11: 0 | GA11: =SUM(FO11:FZ11) -> 0 | GB11: 0 | GC11: 0 | GD11: 0 | GE11: 0 | GF11: 0 | GG11: 0 | GH11: 0 | GI11: 0 | GJ11: 0 | GK11: 0 | GL11: 0 | GM11: 0 | GN11: =SUM(GB11:GM11) -> 0 | GO11: 0 | GP11: 0 | GQ11: 0 | GR11: 0 | GS11: 0 | GT11: 0 | GU11: 0 | GV11: 0 | GW11: 0 | GX11: 0 | GY11: 0 | GZ11: 0 | HA11: =SUM(GO11:GZ11) -> 0 | HB11: 0 | HC11: 0 | HD11: 0 | HE11: 0 | HF11: 0 | HG11: 0 | HH11: 0 | HI11: 0 | HJ11: 0 | HK11: 0 | HL11: 0 | HM11: 0 | HN11: =SUM(HB11:HM11) -> 0 | HO11: 97 | HP11: 97 | HQ11: 97 | HR11: 97 | HS11: 97 | HT11: 97 | HU11: 97 | HV11: 97 | HW11: 97 | HX11: 97 | HY11: 97 | HZ11: 97 | IA11: =SUM(HO11:HZ11) -> 0 | IB11: 0 | IC11: 0 | ID11: 0 | IE11: 0 | IF11: 0 | IG11: 0 | IH11: 0 | II11: 0 | IJ11: 0 | IK11: 0 | IL11: 0 | IM11: 0 | IN11: =SUM(IB11:IM11) -> 0 | IO11: 0 | IP11: 0 | IQ11: 0 | IR11: 0 | IS11: 0 | IT11: 0 | IU11: 0 | IV11: 0 | IW11: 0 | IX11: 0 | IY11: 0 | IZ11: 0 | JA11: =SUM(IO11:IZ11) -> 0 | JC11: =B11+O11+AB11+AO11+BB11+BO11+CB11+CO11+DB11+DO11+EB11+EO11+FB11+FO11+GB11+GO11+HB11+HO11+IB11+IO11 -> 0 | JD11: =C11+P11+AC11+AP11+BC11+BP11+CC11+CP11+DC11+DP11+EC11+EP11+FC11+FP11+GC11+GP11+HC11+HP11+IC11+IP11 -> 0 | JE11: =D11+Q11+AD11+AQ11+BD11+BQ11+CD11+CQ11+DD11+DQ11+ED11+EQ11+FD11+FQ11+GD11+GQ11+HD11+HQ11+ID11+IQ11 -> 0 | JF11: =E11+R11+AE11+AR11+BE11+BR11+CE11+CR11+DE11+DR11+EE11+ER11+FE11+FR11+GE11+GR11+HE11+HR11+IE11+IR11 -> 0 | JG11: =F11+S11+AF11+AS11+BF11+BS11+CF11+CS11+DF11+DS11+EF11+ES11+FF11+FS11+GF11+GS11+HF11+HS11+IF11+IS11 -> 0 | JH11: =G11+T11+AG11+AT11+BG11+BT11+CG11+CT11+DG11+DT11+EG11+ET11+FG11+FT11+GG11+GT11+HG11+HT11+IG11+IT11 -> 0 | JI11: =H11+U11+AH11+AU11+BH11+BU11+CH11+CU11+DH11+DU11+EH11+EU11+FH11+FU11+GH11+GU11+HH11+HU11+IH11+IU11 -> 0 | JJ11: =I11+V11+AI11+AV11+BI11+BV11+CI11+CV11+DI11+DV11+EI11+EV11+FI11+FV11+GI11+GV11+HI11+HV11+II11+IV11 -> 0 | ... JN11: =M11+Z11+AM11+AZ11+BM11+BZ11+CM11+CZ11+DM11+DZ11+EM11+EZ11+FM11+FZ11+GM11+GZ11+HM11+HZ11+IM11+IZ11 -> 0 | JO11: =SUM(JC11:JN11) -> 0 | JQ11: =N11+AA11+AN11+BA11+BN11+CA11+CN11+DA11+DN11+EA11+EN11+FA11+FN11+GA11+GN11+HA11+HN11+IA11+IN11+JA11 -> 0
A12: Jednotka č. 318/08 | B12: 180 | C12: 180 | D12: 180 | E12: 180 | F12: 180 | G12: 180 | H12: 180 | I12: 180 | J12: 180 | K12: 180 | L12: 180 | M12: 180 | N12: =SUM(B12:M12) -> 0 | O12: 1150 | P12: 1150 | Q12: 1150 | R12: 1150 | S12: 1150 | T12: 1150 | U12: 1150 | V12: 1150 | W12: 1150 | X12: 1150 | Y12: 1150 | Z12: 1150 | AA12: =SUM(O12:Z12) -> 0 | AB12: 600 | AC12: 600 | AD12: 600 | AE12: 600 | AF12: 600 | AG12: 600 | AH12: 600 | AI12: 600 | AJ12: 600 | AK12: 600 | AL12: 600 | AM12: 600 | AN12: =SUM(AB12:AM12) -> 0 | AO12: 690 | AP12: 690 | AQ12: 690 | AR12: 690 | AS12: 690 | AT12: 690 | AU12: 690 | AV12: 690 | AW12: 690 | AX12: 690 | AY12: 690 | AZ12: 690 | BA12: =SUM(AO12:AZ12) -> 0 | BB12: 340 | BC12: 340 | BD12: 340 | BE12: 340 | BF12: 340 | BG12: 340 | BH12: 340 | BI12: 340 | BJ12: 340 | BK12: 340 | BL12: 340 | BM12: 340 | BN12: =SUM(BB12:BM12) -> 0 | BO12: 120 | BP12: 120 | BQ12: 120 | BR12: 120 | BS12: 120 | BT12: 120 | BU12: 120 | BV12: 120 | BW12: 120 | BX12: 120 | BY12: 120 | BZ12: 120 | CA12: =SUM(BO12:BZ12) -> 0 | CB12: 846 | CC12: 846 | CD12: 846 | CE12: 846 | CF12: 846 | CG12: 846 | CH12: 846 | CI12: 846 | CJ12: 846 | CK12: 846 | CL12: 846 | CM12: 846 | CN12: =SUM(CB12:CM12) -> 0 | CO12: 540 | CP12: 540 | CQ12: 540 | CR12: 540 | CS12: 540 | CT12: 540 | CU12: 540 | CV12: 540 | CW12: 540 | CX12: 540 | CY12: 540 | CZ12: 540 | DA12: =SUM(CO12:CZ12) -> 0 | DB12: 250 | DC12: 250 | DD12: 250 | DE12: 250 | DF12: 250 | DG12: 250 | DH12: 250 | DI12: 250 | DJ12: 250 | DK12: 250 | DL12: 250 | DM12: 250 | DN12: =SUM(DB12:DM12) -> 0 | DO12: 230 | DP12: 230 | DQ12: 230 | DR12: 230 | DS12: 230 | DT12: 230 | DU12: 230 | DV12: 230 | DW12: 230 | DX12: 230 | DY12: 230 | DZ12: 230 | EA12: =SUM(DO12:DZ12) -> 0 | EB12: 0 | EC12: 0 | ED12: 0 | EE12: 0 | EF12: 0 | EG12: 0 | EH12: 0 | EI12: 0 | EJ12: 0 | EK12: 0 | EL12: 0 | EM12: 0 | EN12: =SUM(EB12:EM12) -> 0 | EO12: 0 | EP12: 0 | EQ12: 0 | ER12: 0 | ES12: 0 | ET12: 0 | EU12: 0 | EV12: 0 | EW12: 0 | EX12: 0 | EY12: 0 | EZ12: 0 | FA12: =SUM(EO12:EZ12) -> 0 | FB12: 0 | FC12: 0 | FD12: 0 | FE12: 0 | FF12: 0 | FG12: 0 | FH12: 0 | FI12: 0 | FJ12: 0 | FK12: 0 | FL12: 0 | FM12: 0 | FN12: =SUM(FB12:FM12) -> 0 | FO12: 0 | FP12: 0 | FQ12: 0 | FR12: 0 | FS12: 0 | FT12: 0 | FU12: 0 | FV12: 0 | FW12: 0 | FX12: 0 | FY12: 0 | FZ12: 0 | GA12: =SUM(FO12:FZ12) -> 0 | GB12: 0 | GC12: 0 | GD12: 0 | GE12: 0 | GF12: 0 | GG12: 0 | GH12: 0 | GI12: 0 | GJ12: 0 | GK12: 0 | GL12: 0 | GM12: 0 | GN12: =SUM(GB12:GM12) -> 0 | GO12: 0 | GP12: 0 | GQ12: 0 | GR12: 0 | GS12: 0 | GT12: 0 | GU12: 0 | GV12: 0 | GW12: 0 | GX12: 0 | GY12: 0 | GZ12: 0 | HA12: =SUM(GO12:GZ12) -> 0 | HB12: 0 | HC12: 0 | HD12: 0 | HE12: 0 | HF12: 0 | HG12: 0 | HH12: 0 | HI12: 0 | HJ12: 0 | HK12: 0 | HL12: 0 | HM12: 0 | HN12: =SUM(HB12:HM12) -> 0 | HO12: 160 | HP12: 160 | HQ12: 160 | HR12: 160 | HS12: 160 | HT12: 160 | HU12: 160 | HV12: 160 | HW12: 160 | HX12: 160 | HY12: 160 | HZ12: 160 | IA12: =SUM(HO12:HZ12) -> 0 | IB12: 0 | IC12: 0 | ID12: 0 | IE12: 0 | IF12: 0 | IG12: 0 | IH12: 0 | II12: 0 | IJ12: 0 | IK12: 0 | IL12: 0 | IM12: 0 | IN12: =SUM(IB12:IM12) -> 0 | IO12: 0 | IP12: 0 | IQ12: 0 | IR12: 0 | IS12: 0 | IT12: 0 | IU12: 0 | IV12: 0 | IW12: 0 | IX12: 0 | IY12: 0 | IZ12: 0 | JA12: =SUM(IO12:IZ12) -> 0 | JC12: =B12+O12+AB12+AO12+BB12+BO12+CB12+CO12+DB12+DO12+EB12+EO12+FB12+FO12+GB12+GO12+HB12+HO12+IB12+IO12 -> 0 | JD12: =C12+P12+AC12+AP12+BC12+BP12+CC12+CP12+DC12+DP12+EC12+EP12+FC12+FP12+GC12+GP12+HC12+HP12+IC12+IP12 -> 0 | JE12: =D12+Q12+AD12+AQ12+BD12+BQ12+CD12+CQ12+DD12+DQ12+ED12+EQ12+FD12+FQ12+GD12+GQ12+HD12+HQ12+ID12+IQ12 -> 0 | JF12: =E12+R12+AE12+AR12+BE12+BR12+CE12+CR12+DE12+DR12+EE12+ER12+FE12+FR12+GE12+GR12+HE12+HR12+IE12+IR12 -> 0 | JG12: =F12+S12+AF12+AS12+BF12+BS12+CF12+CS12+DF12+DS12+EF12+ES12+FF12+FS12+GF12+GS12+HF12+HS12+IF12+IS12 -> 0 | JH12: =G12+T12+AG12+AT12+BG12+BT12+CG12+CT12+DG12+DT12+EG12+ET12+FG12+FT12+GG12+GT12+HG12+HT12+IG12+IT12 -> 0 | JI12: =H12+U12+AH12+AU12+BH12+BU12+CH12+CU12+DH12+DU12+EH12+EU12+FH12+FU12+GH12+GU12+HH12+HU12+IH12+IU12 -> 0 | JJ12: =I12+V12+AI12+AV12+BI12+BV12+CI12+CV12+DI12+DV12+EI12+EV12+FI12+FV12+GI12+GV12+HI12+HV12+II12+IV12 -> 0 | ... JN12: =M12+Z12+AM12+AZ12+BM12+BZ12+CM12+CZ12+DM12+DZ12+EM12+EZ12+FM12+FZ12+GM12+GZ12+HM12+HZ12+IM12+IZ12 -> 0 | JO12: =SUM(JC12:JN12) -> 0 | JQ12: =N12+AA12+AN12+BA12+BN12+CA12+CN12+DA12+DN12+EA12+EN12+FA12+FN12+GA12+GN12+HA12+HN12+IA12+IN12+JA12 -> 0
A13: Jednotka č. 318/09 | B13: 150 | C13: 150 | D13: 150 | E13: 150 | F13: 150 | G13: 150 | H13: 150 | I13: 150 | J13: 150 | K13: 150 | L13: 150 | M13: 150 | N13: =SUM(B13:M13) -> 0 | O13: 500 | P13: 500 | Q13: 500 | R13: 500 | S13: 500 | T13: 500 | U13: 500 | V13: 500 | W13: 500 | X13: 500 | Y13: 500 | Z13: 500 | AA13: =SUM(O13:Z13) -> 0 | AB13: 692 | AC13: 692 | AD13: 692 | AE13: 692 | AF13: 692 | AG13: 692 | AH13: 692 | AI13: 692 | AJ13: 692 | AK13: 692 | AL13: 692 | AM13: 692 | AN13: =SUM(AB13:AM13) -> 0 | AO13: 433 | AP13: 433 | AQ13: 433 | AR13: 433 | AS13: 433 | AT13: 433 | AU13: 433 | AV13: 433 | AW13: 433 | AX13: 433 | AY13: 433 | AZ13: 433 | BA13: =SUM(AO13:AZ13) -> 0 | BB13: 206 | BC13: 206 | BD13: 206 | BE13: 206 | BF13: 206 | BG13: 206 | BH13: 206 | BI13: 206 | BJ13: 206 | BK13: 206 | BL13: 206 | BM13: 206 | BN13: =SUM(BB13:BM13) -> 0 | BO13: 144 | BP13: 144 | BQ13: 144 | BR13: 144 | BS13: 144 | BT13: 144 | BU13: 144 | BV13: 144 | BW13: 144 | BX13: 144 | BY13: 144 | BZ13: 144 | CA13: =SUM(BO13:BZ13) -> 0 | CB13: 754 | CC13: 754 | CD13: 754 | CE13: 754 | CF13: 754 | CG13: 754 | CH13: 754 | CI13: 754 | CJ13: 754 | CK13: 754 | CL13: 754 | CM13: 754 | CN13: =SUM(CB13:CM13) -> 0 | CO13: 485 | CP13: 485 | CQ13: 485 | CR13: 485 | CS13: 485 | CT13: 485 | CU13: 485 | CV13: 485 | CW13: 485 | CX13: 485 | CY13: 485 | CZ13: 485 | DA13: =SUM(CO13:CZ13) -> 0 | DB13: 317 | DC13: 317 | DD13: 317 | DE13: 317 | DF13: 317 | DG13: 317 | DH13: 317 | DI13: 317 | DJ13: 317 | DK13: 317 | DL13: 317 | DM13: 317 | DN13: =SUM(DB13:DM13) -> 0 | DO13: 240 | DP13: 240 | DQ13: 240 | DR13: 240 | DS13: 240 | DT13: 240 | DU13: 240 | DV13: 240 | DW13: 240 | DX13: 240 | DY13: 240 | DZ13: 240 | EA13: =SUM(DO13:DZ13) -> 0 | EB13: 0 | EC13: 0 | ED13: 0 | EE13: 0 | EF13: 0 | EG13: 0 | EH13: 0 | EI13: 0 | EJ13: 0 | EK13: 0 | EL13: 0 | EM13: 0 | EN13: =SUM(EB13:EM13) -> 0 | EO13: 0 | EP13: 0 | EQ13: 0 | ER13: 0 | ES13: 0 | ET13: 0 | EU13: 0 | EV13: 0 | EW13: 0 | EX13: 0 | EY13: 0 | EZ13: 0 | FA13: =SUM(EO13:EZ13) -> 0 | FB13: 0 | FC13: 0 | FD13: 0 | FE13: 0 | FF13: 0 | FG13: 0 | FH13: 0 | FI13: 0 | FJ13: 0 | FK13: 0 | FL13: 0 | FM13: 0 | FN13: =SUM(FB13:FM13) -> 0 | FO13: 0 | FP13: 0 | FQ13: 0 | FR13: 0 | FS13: 0 | FT13: 0 | FU13: 0 | FV13: 0 | FW13: 0 | FX13: 0 | FY13: 0 | FZ13: 0 | GA13: =SUM(FO13:FZ13) -> 0 | GB13: 0 | GC13: 0 | GD13: 0 | GE13: 0 | GF13: 0 | GG13: 0 | GH13: 0 | GI13: 0 | GJ13: 0 | GK13: 0 | GL13: 0 | GM13: 0 | GN13: =SUM(GB13:GM13) -> 0 | GO13: 0 | GP13: 0 | GQ13: 0 | GR13: 0 | GS13: 0 | GT13: 0 | GU13: 0 | GV13: 0 | GW13: 0 | GX13: 0 | GY13: 0 | GZ13: 0 | HA13: =SUM(GO13:GZ13) -> 0 | HB13: 0 | HC13: 0 | HD13: 0 | HE13: 0 | HF13: 0 | HG13: 0 | HH13: 0 | HI13: 0 | HJ13: 0 | HK13: 0 | HL13: 0 | HM13: 0 | HN13: =SUM(HB13:HM13) -> 0 | HO13: 97 | HP13: 97 | HQ13: 97 | HR13: 97 | HS13: 97 | HT13: 97 | HU13: 97 | HV13: 97 | HW13: 97 | HX13: 97 | HY13: 97 | HZ13: 97 | IA13: =SUM(HO13:HZ13) -> 0 | IB13: 0 | IC13: 0 | ID13: 0 | IE13: 0 | IF13: 0 | IG13: 0 | IH13: 0 | II13: 0 | IJ13: 0 | IK13: 0 | IL13: 0 | IM13: 0 | IN13: =SUM(IB13:IM13) -> 0 | IO13: 0 | IP13: 0 | IQ13: 0 | IR13: 0 | IS13: 0 | IT13: 0 | IU13: 0 | IV13: 0 | IW13: 0 | IX13: 0 | IY13: 0 | IZ13: 0 | JA13: =SUM(IO13:IZ13) -> 0 | JC13: =B13+O13+AB13+AO13+BB13+BO13+CB13+CO13+DB13+DO13+EB13+EO13+FB13+FO13+GB13+GO13+HB13+HO13+IB13+IO13 -> 0 | JD13: =C13+P13+AC13+AP13+BC13+BP13+CC13+CP13+DC13+DP13+EC13+EP13+FC13+FP13+GC13+GP13+HC13+HP13+IC13+IP13 -> 0 | JE13: =D13+Q13+AD13+AQ13+BD13+BQ13+CD13+CQ13+DD13+DQ13+ED13+EQ13+FD13+FQ13+GD13+GQ13+HD13+HQ13+ID13+IQ13 -> 0 | JF13: =E13+R13+AE13+AR13+BE13+BR13+CE13+CR13+DE13+DR13+EE13+ER13+FE13+FR13+GE13+GR13+HE13+HR13+IE13+IR13 -> 0 | JG13: =F13+S13+AF13+AS13+BF13+BS13+CF13+CS13+DF13+DS13+EF13+ES13+FF13+FS13+GF13+GS13+HF13+HS13+IF13+IS13 -> 0 | JH13: =G13+T13+AG13+AT13+BG13+BT13+CG13+CT13+DG13+DT13+EG13+ET13+FG13+FT13+GG13+GT13+HG13+HT13+IG13+IT13 -> 0 | JI13: =H13+U13+AH13+AU13+BH13+BU13+CH13+CU13+DH13+DU13+EH13+EU13+FH13+FU13+GH13+GU13+HH13+HU13+IH13+IU13 -> 0 | JJ13: =I13+V13+AI13+AV13+BI13+BV13+CI13+CV13+DI13+DV13+EI13+EV13+FI13+FV13+GI13+GV13+HI13+HV13+II13+IV13 -> 0 | ... JN13: =M13+Z13+AM13+AZ13+BM13+BZ13+CM13+CZ13+DM13+DZ13+EM13+EZ13+FM13+FZ13+GM13+GZ13+HM13+HZ13+IM13+IZ13 -> 0 | JO13: =SUM(JC13:JN13) -> 0 | JQ13: =N13+AA13+AN13+BA13+BN13+CA13+CN13+DA13+DN13+EA13+EN13+FA13+FN13+GA13+GN13+HA13+HN13+IA13+IN13+JA13 -> 0
A14: Jednotka č. 318/10 | B14: 150 | C14: 150 | D14: 150 | E14: 150 | F14: 150 | G14: 150 | H14: 150 | I14: 150 | J14: 150 | K14: 150 | L14: 150 | M14: 150 | N14: =SUM(B14:M14) -> 0 | O14: 370 | P14: 370 | Q14: 370 | R14: 370 | S14: 370 | T14: 370 | U14: 370 | V14: 370 | W14: 370 | X14: 370 | Y14: 370 | Z14: 370 | AA14: =SUM(O14:Z14) -> 0 | AB14: 290 | AC14: 290 | AD14: 290 | AE14: 290 | AF14: 290 | AG14: 290 | AH14: 290 | AI14: 290 | AJ14: 290 | AK14: 290 | AL14: 290 | AM14: 290 | AN14: =SUM(AB14:AM14) -> 0 | AO14: 210 | AP14: 210 | AQ14: 210 | AR14: 210 | AS14: 210 | AT14: 210 | AU14: 210 | AV14: 210 | AW14: 210 | AX14: 210 | AY14: 210 | AZ14: 210 | BA14: =SUM(AO14:AZ14) -> 0 | BB14: 206 | BC14: 206 | BD14: 206 | BE14: 206 | BF14: 206 | BG14: 206 | BH14: 206 | BI14: 206 | BJ14: 206 | BK14: 206 | BL14: 206 | BM14: 206 | BN14: =SUM(BB14:BM14) -> 0 | BO14: 126 | BP14: 126 | BQ14: 126 | BR14: 126 | BS14: 126 | BT14: 126 | BU14: 126 | BV14: 126 | BW14: 126 | BX14: 126 | BY14: 126 | BZ14: 126 | CA14: =SUM(BO14:BZ14) -> 0 | CB14: 627 | CC14: 627 | CD14: 627 | CE14: 627 | CF14: 627 | CG14: 627 | CH14: 627 | CI14: 627 | CJ14: 627 | CK14: 627 | CL14: 627 | CM14: 627 | CN14: =SUM(CB14:CM14) -> 0 | CO14: 402 | CP14: 402 | CQ14: 402 | CR14: 402 | CS14: 402 | CT14: 402 | CU14: 402 | CV14: 402 | CW14: 402 | CX14: 402 | CY14: 402 | CZ14: 402 | DA14: =SUM(CO14:CZ14) -> 0 | DB14: 297 | DC14: 297 | DD14: 297 | DE14: 297 | DF14: 297 | DG14: 297 | DH14: 297 | DI14: 297 | DJ14: 297 | DK14: 297 | DL14: 297 | DM14: 297 | DN14: =SUM(DB14:DM14) -> 0 | DO14: 240 | DP14: 240 | DQ14: 240 | DR14: 240 | DS14: 240 | DT14: 240 | DU14: 240 | DV14: 240 | DW14: 240 | DX14: 240 | DY14: 240 | DZ14: 240 | EA14: =SUM(DO14:DZ14) -> 0 | EB14: 0 | EC14: 0 | ED14: 0 | EE14: 0 | EF14: 0 | EG14: 0 | EH14: 0 | EI14: 0 | EJ14: 0 | EK14: 0 | EL14: 0 | EM14: 0 | EN14: =SUM(EB14:EM14) -> 0 | EO14: 0 | EP14: 0 | EQ14: 0 | ER14: 0 | ES14: 0 | ET14: 0 | EU14: 0 | EV14: 0 | EW14: 0 | EX14: 0 | EY14: 0 | EZ14: 0 | FA14: =SUM(EO14:EZ14) -> 0 | FB14: 0 | FC14: 0 | FD14: 0 | FE14: 0 | FF14: 0 | FG14: 0 | FH14: 0 | FI14: 0 | FJ14: 0 | FK14: 0 | FL14: 0 | FM14: 0 | FN14: =SUM(FB14:FM14) -> 0 | FO14: 0 | FP14: 0 | FQ14: 0 | FR14: 0 | FS14: 0 | FT14: 0 | FU14: 0 | FV14: 0 | FW14: 0 | FX14: 0 | FY14: 0 | FZ14: 0 | GA14: =SUM(FO14:FZ14) -> 0 | GB14: 0 | GC14: 0 | GD14: 0 | GE14: 0 | GF14: 0 | GG14: 0 | GH14: 0 | GI14: 0 | GJ14: 0 | GK14: 0 | GL14: 0 | GM14: 0 | GN14: =SUM(GB14:GM14) -> 0 | GO14: 0 | GP14: 0 | GQ14: 0 | GR14: 0 | GS14: 0 | GT14: 0 | GU14: 0 | GV14: 0 | GW14: 0 | GX14: 0 | GY14: 0 | GZ14: 0 | HA14: =SUM(GO14:GZ14) -> 0 | HB14: 0 | HC14: 0 | HD14: 0 | HE14: 0 | HF14: 0 | HG14: 0 | HH14: 0 | HI14: 0 | HJ14: 0 | HK14: 0 | HL14: 0 | HM14: 0 | HN14: =SUM(HB14:HM14) -> 0 | HO14: 97 | HP14: 97 | HQ14: 97 | HR14: 97 | HS14: 97 | HT14: 97 | HU14: 97 | HV14: 97 | HW14: 97 | HX14: 97 | HY14: 97 | HZ14: 97 | IA14: =SUM(HO14:HZ14) -> 0 | IB14: 0 | IC14: 0 | ID14: 0 | IE14: 0 | IF14: 0 | IG14: 0 | IH14: 0 | II14: 0 | IJ14: 0 | IK14: 0 | IL14: 0 | IM14: 0 | IN14: =SUM(IB14:IM14) -> 0 | IO14: 0 | IP14: 0 | IQ14: 0 | IR14: 0 | IS14: 0 | IT14: 0 | IU14: 0 | IV14: 0 | IW14: 0 | IX14: 0 | IY14: 0 | IZ14: 0 | JA14: =SUM(IO14:IZ14) -> 0 | JC14: =B14+O14+AB14+AO14+BB14+BO14+CB14+CO14+DB14+DO14+EB14+EO14+FB14+FO14+GB14+GO14+HB14+HO14+IB14+IO14 -> 0 | JD14: =C14+P14+AC14+AP14+BC14+BP14+CC14+CP14+DC14+DP14+EC14+EP14+FC14+FP14+GC14+GP14+HC14+HP14+IC14+IP14 -> 0 | JE14: =D14+Q14+AD14+AQ14+BD14+BQ14+CD14+CQ14+DD14+DQ14+ED14+EQ14+FD14+FQ14+GD14+GQ14+HD14+HQ14+ID14+IQ14 -> 0 | JF14: =E14+R14+AE14+AR14+BE14+BR14+CE14+CR14+DE14+DR14+EE14+ER14+FE14+FR14+GE14+GR14+HE14+HR14+IE14+IR14 -> 0 | JG14: =F14+S14+AF14+AS14+BF14+BS14+CF14+CS14+DF14+DS14+EF14+ES14+FF14+FS14+GF14+GS14+HF14+HS14+IF14+IS14 -> 0 | JH14: =G14+T14+AG14+AT14+BG14+BT14+CG14+CT14+DG14+DT14+EG14+ET14+FG14+FT14+GG14+GT14+HG14+HT14+IG14+IT14 -> 0 | JI14: =H14+U14+AH14+AU14+BH14+BU14+CH14+CU14+DH14+DU14+EH14+EU14+FH14+FU14+GH14+GU14+HH14+HU14+IH14+IU14 -> 0 | JJ14: =I14+V14+AI14+AV14+BI14+BV14+CI14+CV14+DI14+DV14+EI14+EV14+FI14+FV14+GI14+GV14+HI14+HV14+II14+IV14 -> 0 | ... JN14: =M14+Z14+AM14+AZ14+BM14+BZ14+CM14+CZ14+DM14+DZ14+EM14+EZ14+FM14+FZ14+GM14+GZ14+HM14+HZ14+IM14+IZ14 -> 0 | JO14: =SUM(JC14:JN14) -> 0 | JQ14: =N14+AA14+AN14+BA14+BN14+CA14+CN14+DA14+DN14+EA14+EN14+FA14+FN14+GA14+GN14+HA14+HN14+IA14+IN14+JA14 -> 0
... A26: Jednotka č. 318/22 | B26: 150 | C26: 150 | D26: 150 | E26: 150 | F26: 150 | G26: 150 | H26: 150 | I26: 150 | J26: 150 | K26: 150 | L26: 150 | M26: 150 | N26: =SUM(B26:M26) -> 0 | O26: 250 | P26: 250 | Q26: 250 | R26: 250 | S26: 250 | T26: 250 | U26: 250 | V26: 250 | W26: 250 | X26: 250 | Y26: 250 | Z26: 250 | AA26: =SUM(O26:Z26) -> 0 | AB26: 500 | AC26: 500 | AD26: 500 | AE26: 500 | AF26: 500 | AG26: 500 | AH26: 500 | AI26: 500 | AJ26: 500 | AK26: 500 | AL26: 500 | AM26: 500 | AN26: =SUM(AB26:AM26) -> 0 | AO26: 313 | AP26: 313 | AQ26: 313 | AR26: 313 | AS26: 313 | AT26: 313 | AU26: 313 | AV26: 313 | AW26: 313 | AX26: 313 | AY26: 313 | AZ26: 313 | BA26: =SUM(AO26:AZ26) -> 0 | BB26: 206 | BC26: 206 | BD26: 206 | BE26: 206 | BF26: 206 | BG26: 206 | BH26: 206 | BI26: 206 | BJ26: 206 | BK26: 206 | BL26: 206 | BM26: 206 | BN26: =SUM(BB26:BM26) -> 0 | BO26: 96 | BP26: 96 | BQ26: 96 | BR26: 96 | BS26: 96 | BT26: 96 | BU26: 96 | BV26: 96 | BW26: 96 | BX26: 96 | BY26: 96 | BZ26: 96 | CA26: =SUM(BO26:BZ26) -> 0 | CB26: 547 | CC26: 547 | CD26: 547 | CE26: 547 | CF26: 547 | CG26: 547 | CH26: 547 | CI26: 547 | CJ26: 547 | CK26: 547 | CL26: 547 | CM26: 547 | CN26: =SUM(CB26:CM26) -> 0 | CO26: 344 | CP26: 344 | CQ26: 344 | CR26: 344 | CS26: 344 | CT26: 344 | CU26: 344 | CV26: 344 | CW26: 344 | CX26: 344 | CY26: 344 | CZ26: 344 | DA26: =SUM(CO26:CZ26) -> 0 | DB26: 265 | DC26: 265 | DD26: 265 | DE26: 265 | DF26: 265 | DG26: 265 | DH26: 265 | DI26: 265 | DJ26: 265 | DK26: 265 | DL26: 265 | DM26: 265 | DN26: =SUM(DB26:DM26) -> 0 | DO26: 240 | DP26: 240 | DQ26: 240 | DR26: 240 | DS26: 240 | DT26: 240 | DU26: 240 | DV26: 240 | DW26: 240 | DX26: 240 | DY26: 240 | DZ26: 240 | EA26: =SUM(DO26:DZ26) -> 0 | EB26: 0 | EC26: 0 | ED26: 0 | EE26: 0 | EF26: 0 | EG26: 0 | EH26: 0 | EI26: 0 | EJ26: 0 | EK26: 0 | EL26: 0 | EM26: 0 | EN26: =SUM(EB26:EM26) -> 0 | EO26: 0 | EP26: 0 | EQ26: 0 | ER26: 0 | ES26: 0 | ET26: 0 | EU26: 0 | EV26: 0 | EW26: 0 | EX26: 0 | EY26: 0 | EZ26: 0 | FA26: =SUM(EO26:EZ26) -> 0 | FB26: 0 | FC26: 0 | FD26: 0 | FE26: 0 | FF26: 0 | FG26: 0 | FH26: 0 | FI26: 0 | FJ26: 0 | FK26: 0 | FL26: 0 | FM26: 0 | FN26: =SUM(FB26:FM26) -> 0 | FO26: 0 | FP26: 0 | FQ26: 0 | FR26: 0 | FS26: 0 | FT26: 0 | FU26: 0 | FV26: 0 | FW26: 0 | FX26: 0 | FY26: 0 | FZ26: 0 | GA26: =SUM(FO26:FZ26) -> 0 | GB26: 0 | GC26: 0 | GD26: 0 | GE26: 0 | GF26: 0 | GG26: 0 | GH26: 0 | GI26: 0 | GJ26: 0 | GK26: 0 | GL26: 0 | GM26: 0 | GN26: =SUM(GB26:GM26) -> 0 | GO26: 0 | GP26: 0 | GQ26: 0 | GR26: 0 | GS26: 0 | GT26: 0 | GU26: 0 | GV26: 0 | GW26: 0 | GX26: 0 | GY26: 0 | GZ26: 0 | HA26: =SUM(GO26:GZ26) -> 0 | HB26: 0 | HC26: 0 | HD26: 0 | HE26: 0 | HF26: 0 | HG26: 0 | HH26: 0 | HI26: 0 | HJ26: 0 | HK26: 0 | HL26: 0 | HM26: 0 | HN26: =SUM(HB26:HM26) -> 0 | HO26: 97 | HP26: 97 | HQ26: 97 | HR26: 97 | HS26: 97 | HT26: 97 | HU26: 97 | HV26: 97 | HW26: 97 | HX26: 97 | HY26: 97 | HZ26: 97 | IA26: =SUM(HO26:HZ26) -> 0 | IB26: 0 | IC26: 0 | ID26: 0 | IE26: 0 | IF26: 0 | IG26: 0 | IH26: 0 | II26: 0 | IJ26: 0 | IK26: 0 | IL26: 0 | IM26: 0 | IN26: =SUM(IB26:IM26) -> 0 | IO26: 0 | IP26: 0 | IQ26: 0 | IR26: 0 | IS26: 0 | IT26: 0 | IU26: 0 | IV26: 0 | IW26: 0 | IX26: 0 | IY26: 0 | IZ26: 0 | JA26: =SUM(IO26:IZ26) -> 0 | JC26: =B26+O26+AB26+AO26+BB26+BO26+CB26+CO26+DB26+DO26+EB26+EO26+FB26+FO26+GB26+GO26+HB26+HO26+IB26+IO26 -> 0 | JD26: =C26+P26+AC26+AP26+BC26+BP26+CC26+CP26+DC26+DP26+EC26+EP26+FC26+FP26+GC26+GP26+HC26+HP26+IC26+IP26 -> 0 | JE26: =D26+Q26+AD26+AQ26+BD26+BQ26+CD26+CQ26+DD26+DQ26+ED26+EQ26+FD26+FQ26+GD26+GQ26+HD26+HQ26+ID26+IQ26 -> 0 | JF26: =E26+R26+AE26+AR26+BE26+BR26+CE26+CR26+DE26+DR26+EE26+ER26+FE26+FR26+GE26+GR26+HE26+HR26+IE26+IR26 -> 0 | JG26: =F26+S26+AF26+AS26+BF26+BS26+CF26+CS26+DF26+DS26+EF26+ES26+FF26+FS26+GF26+GS26+HF26+HS26+IF26+IS26 -> 0 | JH26: =G26+T26+AG26+AT26+BG26+BT26+CG26+CT26+DG26+DT26+EG26+ET26+FG26+FT26+GG26+GT26+HG26+HT26+IG26+IT26 -> 0 | JI26: =H26+U26+AH26+AU26+BH26+BU26+CH26+CU26+DH26+DU26+EH26+EU26+FH26+FU26+GH26+GU26+HH26+HU26+IH26+IU26 -> 0 | JJ26: =I26+V26+AI26+AV26+BI26+BV26+CI26+CV26+DI26+DV26+EI26+EV26+FI26+FV26+GI26+GV26+HI26+HV26+II26+IV26 -> 0 | ... JN26: =M26+Z26+AM26+AZ26+BM26+BZ26+CM26+CZ26+DM26+DZ26+EM26+EZ26+FM26+FZ26+GM26+GZ26+HM26+HZ26+IM26+IZ26 -> 0 | JO26: =SUM(JC26:JN26) -> 0 | JQ26: =N26+AA26+AN26+BA26+BN26+CA26+CN26+DA26+DN26+EA26+EN26+FA26+FN26+GA26+GN26+HA26+HN26+IA26+IN26+JA26 -> 0
N27: =SUM(B27:M27) -> 0 | AA27: =SUM(O27:Z27) -> 0 | AN27: =SUM(AB27:AM27) -> 0 | BA27: =SUM(AO27:AZ27) -> 0 | BN27: =SUM(BB27:BM27) -> 0 | CA27: =SUM(BO27:BZ27) -> 0 | CN27: =SUM(CB27:CM27) -> 0 | DA27: =SUM(CO27:CZ27) -> 0 | DN27: =SUM(DB27:DM27) -> 0 | EA27: =SUM(DO27:DZ27) -> 0 | EN27: =SUM(EB27:EM27) -> 0 | FA27: =SUM(EO27:EZ27) -> 0 | FN27: =SUM(FB27:FM27) -> 0 | GA27: =SUM(FO27:FZ27) -> 0 | GN27: =SUM(GB27:GM27) -> 0 | HA27: =SUM(GO27:GZ27) -> 0 | HN27: =SUM(HB27:HM27) -> 0 | IA27: =SUM(HO27:HZ27) -> 0 | IN27: =SUM(IB27:IM27) -> 0 | JA27: =SUM(IO27:IZ27) -> 0 | JC27: =B27+O27+AB27+AO27+BB27+BO27+CB27+CO27+DB27+DO27+EB27+EO27+FB27+FO27+GB27+GO27+HB27+HO27+IB27+IO27 -> 0 | JD27: =C27+P27+AC27+AP27+BC27+BP27+CC27+CP27+DC27+DP27+EC27+EP27+FC27+FP27+GC27+GP27+HC27+HP27+IC27+IP27 -> 0 | JE27: =D27+Q27+AD27+AQ27+BD27+BQ27+CD27+CQ27+DD27+DQ27+ED27+EQ27+FD27+FQ27+GD27+GQ27+HD27+HQ27+ID27+IQ27 -> 0 | JF27: =E27+R27+AE27+AR27+BE27+BR27+CE27+CR27+DE27+DR27+EE27+ER27+FE27+FR27+GE27+GR27+HE27+HR27+IE27+IR27 -> 0 | JG27: =F27+S27+AF27+AS27+BF27+BS27+CF27+CS27+DF27+DS27+EF27+ES27+FF27+FS27+GF27+GS27+HF27+HS27+IF27+IS27 -> 0 | JH27: =G27+T27+AG27+AT27+BG27+BT27+CG27+CT27+DG27+DT27+EG27+ET27+FG27+FT27+GG27+GT27+HG27+HT27+IG27+IT27 -> 0 | JI27: =H27+U27+AH27+AU27+BH27+BU27+CH27+CU27+DH27+DU27+EH27+EU27+FH27+FU27+GH27+GU27+HH27+HU27+IH27+IU27 -> 0 | JJ27: =I27+V27+AI27+AV27+BI27+BV27+CI27+CV27+DI27+DV27+EI27+EV27+FI27+FV27+GI27+GV27+HI27+HV27+II27+IV27 -> 0 | ... JN27: =M27+Z27+AM27+AZ27+BM27+BZ27+CM27+CZ27+DM27+DZ27+EM27+EZ27+FM27+FZ27+GM27+GZ27+HM27+HZ27+IM27+IZ27 -> 0 | JO27: =SUM(JC27:JN27) -> 0 | JQ27: =N27+AA27+AN27+BA27+BN27+CA27+CN27+DA27+DN27+EA27+EN27+FA27+FN27+GA27+GN27+HA27+HN27+IA27+IN27+JA27 -> 0
N28: =SUM(B28:M28) -> 0 | AA28: =SUM(O28:Z28) -> 0 | AN28: =SUM(AB28:AM28) -> 0 | BA28: =SUM(AO28:AZ28) -> 0 | BN28: =SUM(BB28:BM28) -> 0 | CA28: =SUM(BO28:BZ28) -> 0 | CN28: =SUM(CB28:CM28) -> 0 | DA28: =SUM(CO28:CZ28) -> 0 | DN28: =SUM(DB28:DM28) -> 0 | EA28: =SUM(DO28:DZ28) -> 0 | EN28: =SUM(EB28:EM28) -> 0 | FA28: =SUM(EO28:EZ28) -> 0 | FN28: =SUM(FB28:FM28) -> 0 | GA28: =SUM(FO28:FZ28) -> 0 | GN28: =SUM(GB28:GM28) -> 0 | HA28: =SUM(GO28:GZ28) -> 0 | HN28: =SUM(HB28:HM28) -> 0 | IA28: =SUM(HO28:HZ28) -> 0 | IN28: =SUM(IB28:IM28) -> 0 | JA28: =SUM(IO28:IZ28) -> 0 | JC28: =B28+O28+AB28+AO28+BB28+BO28+CB28+CO28+DB28+DO28+EB28+EO28+FB28+FO28+GB28+GO28+HB28+HO28+IB28+IO28 -> 0 | JD28: =C28+P28+AC28+AP28+BC28+BP28+CC28+CP28+DC28+DP28+EC28+EP28+FC28+FP28+GC28+GP28+HC28+HP28+IC28+IP28 -> 0 | JE28: =D28+Q28+AD28+AQ28+BD28+BQ28+CD28+CQ28+DD28+DQ28+ED28+EQ28+FD28+FQ28+GD28+GQ28+HD28+HQ28+ID28+IQ28 -> 0 | JF28: =E28+R28+AE28+AR28+BE28+BR28+CE28+CR28+DE28+DR28+EE28+ER28+FE28+FR28+GE28+GR28+HE28+HR28+IE28+IR28 -> 0 | JG28: =F28+S28+AF28+AS28+BF28+BS28+CF28+CS28+DF28+DS28+EF28+ES28+FF28+FS28+GF28+GS28+HF28+HS28+IF28+IS28 -> 0 | JH28: =G28+T28+AG28+AT28+BG28+BT28+CG28+CT28+DG28+DT28+EG28+ET28+FG28+FT28+GG28+GT28+HG28+HT28+IG28+IT28 -> 0 | JI28: =H28+U28+AH28+AU28+BH28+BU28+CH28+CU28+DH28+DU28+EH28+EU28+FH28+FU28+GH28+GU28+HH28+HU28+IH28+IU28 -> 0 | JJ28: =I28+V28+AI28+AV28+BI28+BV28+CI28+CV28+DI28+DV28+EI28+EV28+FI28+FV28+GI28+GV28+HI28+HV28+II28+IV28 -> 0 | ... JN28: =M28+Z28+AM28+AZ28+BM28+BZ28+CM28+CZ28+DM28+DZ28+EM28+EZ28+FM28+FZ28+GM28+GZ28+HM28+HZ28+IM28+IZ28 -> 0 | JO28: =SUM(JC28:JN28) -> 0 | JQ28: =N28+AA28+AN28+BA28+BN28+CA28+CN28+DA28+DN28+EA28+EN28+FA28+FN28+GA28+GN28+HA28+HN28+IA28+IN28+JA28 -> 0
